REM INSERTING into MOH_WORKFLOW_SCHEMA.ZONE
SET DEFINE OFF;
Insert into MOH_WORKFLOW_SCHEMA.ZONE (ZONE_ID,ZONE_NAME,ZONE_DESCRIPTION) values (70,'مجلس طبي الاسكندرية',null);
Insert into MOH_WORKFLOW_SCHEMA.ZONE (ZONE_ID,ZONE_NAME,ZONE_DESCRIPTION) values (71,'المجلس الطبي العام بسوهاج',null);
Insert into MOH_WORKFLOW_SCHEMA.ZONE (ZONE_ID,ZONE_NAME,ZONE_DESCRIPTION) values (72,'مجلس طبي قنا',null);
Insert into MOH_WORKFLOW_SCHEMA.ZONE (ZONE_ID,ZONE_NAME,ZONE_DESCRIPTION) values (73,'مجلس طبي بورسعيد',null);
Insert into MOH_WORKFLOW_SCHEMA.ZONE (ZONE_ID,ZONE_NAME,ZONE_DESCRIPTION) values (74,'مجلس طبي السويس',null);
Insert into MOH_WORKFLOW_SCHEMA.ZONE (ZONE_ID,ZONE_NAME,ZONE_DESCRIPTION) values (75,'مجلس طبي دمياط',null);
Insert into MOH_WORKFLOW_SCHEMA.ZONE (ZONE_ID,ZONE_NAME,ZONE_DESCRIPTION) values (76,'مجلس طبي الدقهلية',null);
Insert into MOH_WORKFLOW_SCHEMA.ZONE (ZONE_ID,ZONE_NAME,ZONE_DESCRIPTION) values (77,'مجلس طبي الشرقية',null);
Insert into MOH_WORKFLOW_SCHEMA.ZONE (ZONE_ID,ZONE_NAME,ZONE_DESCRIPTION) values (78,'مجلس طبي القليوبية',null);
Insert into MOH_WORKFLOW_SCHEMA.ZONE (ZONE_ID,ZONE_NAME,ZONE_DESCRIPTION) values (79,'مجلس طبي كفر الشيخ',null);
Insert into MOH_WORKFLOW_SCHEMA.ZONE (ZONE_ID,ZONE_NAME,ZONE_DESCRIPTION) values (80,'مجلس طبي الغربية',null);
Insert into MOH_WORKFLOW_SCHEMA.ZONE (ZONE_ID,ZONE_NAME,ZONE_DESCRIPTION) values (81,'مجلس طبي المنوفية',null);
Insert into MOH_WORKFLOW_SCHEMA.ZONE (ZONE_ID,ZONE_NAME,ZONE_DESCRIPTION) values (82,'مجلس طبي البحيرة',null);
Insert into MOH_WORKFLOW_SCHEMA.ZONE (ZONE_ID,ZONE_NAME,ZONE_DESCRIPTION) values (83,'مجلس طبي الاسماعيلية',null);
Insert into MOH_WORKFLOW_SCHEMA.ZONE (ZONE_ID,ZONE_NAME,ZONE_DESCRIPTION) values (84,'مجلس طبي الجيزة',null);
Insert into MOH_WORKFLOW_SCHEMA.ZONE (ZONE_ID,ZONE_NAME,ZONE_DESCRIPTION) values (85,'مجلس طبي بني سويف',null);
Insert into MOH_WORKFLOW_SCHEMA.ZONE (ZONE_ID,ZONE_NAME,ZONE_DESCRIPTION) values (86,'مجلس طبي الفيوم',null);
Insert into MOH_WORKFLOW_SCHEMA.ZONE (ZONE_ID,ZONE_NAME,ZONE_DESCRIPTION) values (87,'مجلس طبي المنيا',null);
Insert into MOH_WORKFLOW_SCHEMA.ZONE (ZONE_ID,ZONE_NAME,ZONE_DESCRIPTION) values (88,'مجلس طبي أسيوط',null);
Insert into MOH_WORKFLOW_SCHEMA.ZONE (ZONE_ID,ZONE_NAME,ZONE_DESCRIPTION) values (89,'مجلس طبي أسوان',null);
Insert into MOH_WORKFLOW_SCHEMA.ZONE (ZONE_ID,ZONE_NAME,ZONE_DESCRIPTION) values (90,'مجلس طبي الأقصر',null);
Insert into MOH_WORKFLOW_SCHEMA.ZONE (ZONE_ID,ZONE_NAME,ZONE_DESCRIPTION) values (91,'مجلس طبي البحر الأحمر',null);
Insert into MOH_WORKFLOW_SCHEMA.ZONE (ZONE_ID,ZONE_NAME,ZONE_DESCRIPTION) values (92,'مجلس طبي الوادي الجديد',null);
Insert into MOH_WORKFLOW_SCHEMA.ZONE (ZONE_ID,ZONE_NAME,ZONE_DESCRIPTION) values (93,'مجلس طبي مرسى مطروح',null);
Insert into MOH_WORKFLOW_SCHEMA.ZONE (ZONE_ID,ZONE_NAME,ZONE_DESCRIPTION) values (94,'مجلس طبي شمال سيناء',null);
Insert into MOH_WORKFLOW_SCHEMA.ZONE (ZONE_ID,ZONE_NAME,ZONE_DESCRIPTION) values (95,'مجلس طبي جنوب سيناء',null);
Insert into MOH_WORKFLOW_SCHEMA.ZONE (ZONE_ID,ZONE_NAME,ZONE_DESCRIPTION) values (1,'المجلس الطبي الرئيسي بالقاهرة','لا يوجد ملاحظات');

REM INSERTING into MOH_WORKFLOW_SCHEMA.USER_ROLES
SET DEFINE OFF;
Insert into MOH_WORKFLOW_SCHEMA.USER_ROLES (USER_ID,ROLE_ID) values (2,6);
Insert into MOH_WORKFLOW_SCHEMA.USER_ROLES (USER_ID,ROLE_ID) values (3,7);
Insert into MOH_WORKFLOW_SCHEMA.USER_ROLES (USER_ID,ROLE_ID) values (4,5);
Insert into MOH_WORKFLOW_SCHEMA.USER_ROLES (USER_ID,ROLE_ID) values (5,8);
Insert into MOH_WORKFLOW_SCHEMA.USER_ROLES (USER_ID,ROLE_ID) values (6,9);
Insert into MOH_WORKFLOW_SCHEMA.USER_ROLES (USER_ID,ROLE_ID) values (7,10);
Insert into MOH_WORKFLOW_SCHEMA.USER_ROLES (USER_ID,ROLE_ID) values (8,3);
Insert into MOH_WORKFLOW_SCHEMA.USER_ROLES (USER_ID,ROLE_ID) values (9,4);
Insert into MOH_WORKFLOW_SCHEMA.USER_ROLES (USER_ID,ROLE_ID) values (1,1);

REM INSERTING into MOH_WORKFLOW_SCHEMA.TRAFFIC_MANAGEMENT
SET DEFINE OFF;
Insert into MOH_WORKFLOW_SCHEMA.TRAFFIC_MANAGEMENT (TRAFFIC_ID,TRAFFIC_NAME,TRAFFIC_DESCRIPTION) values (1,'إدارة مرور بورسعيد ',null);
Insert into MOH_WORKFLOW_SCHEMA.TRAFFIC_MANAGEMENT (TRAFFIC_ID,TRAFFIC_NAME,TRAFFIC_DESCRIPTION) values (2,'إدارة مرور السويس',null);
Insert into MOH_WORKFLOW_SCHEMA.TRAFFIC_MANAGEMENT (TRAFFIC_ID,TRAFFIC_NAME,TRAFFIC_DESCRIPTION) values (3,'إدارة مرور دمياط',null);
Insert into MOH_WORKFLOW_SCHEMA.TRAFFIC_MANAGEMENT (TRAFFIC_ID,TRAFFIC_NAME,TRAFFIC_DESCRIPTION) values (4,'إدارة مرور الدقهلية',null);
Insert into MOH_WORKFLOW_SCHEMA.TRAFFIC_MANAGEMENT (TRAFFIC_ID,TRAFFIC_NAME,TRAFFIC_DESCRIPTION) values (5,'إدارة مرور الشرقية',null);
Insert into MOH_WORKFLOW_SCHEMA.TRAFFIC_MANAGEMENT (TRAFFIC_ID,TRAFFIC_NAME,TRAFFIC_DESCRIPTION) values (6,'إدارة مرور القليوبية',null);
Insert into MOH_WORKFLOW_SCHEMA.TRAFFIC_MANAGEMENT (TRAFFIC_ID,TRAFFIC_NAME,TRAFFIC_DESCRIPTION) values (7,'إدارة مرور كفر الشيخ',null);
Insert into MOH_WORKFLOW_SCHEMA.TRAFFIC_MANAGEMENT (TRAFFIC_ID,TRAFFIC_NAME,TRAFFIC_DESCRIPTION) values (8,'إدارة مرور الغربية',null);
Insert into MOH_WORKFLOW_SCHEMA.TRAFFIC_MANAGEMENT (TRAFFIC_ID,TRAFFIC_NAME,TRAFFIC_DESCRIPTION) values (9,'إدارة مرور المنوفية',null);
Insert into MOH_WORKFLOW_SCHEMA.TRAFFIC_MANAGEMENT (TRAFFIC_ID,TRAFFIC_NAME,TRAFFIC_DESCRIPTION) values (10,'إدارة مرور البحيرة',null);
Insert into MOH_WORKFLOW_SCHEMA.TRAFFIC_MANAGEMENT (TRAFFIC_ID,TRAFFIC_NAME,TRAFFIC_DESCRIPTION) values (11,'إدارة مرور الإسماعيلية',null);
Insert into MOH_WORKFLOW_SCHEMA.TRAFFIC_MANAGEMENT (TRAFFIC_ID,TRAFFIC_NAME,TRAFFIC_DESCRIPTION) values (12,'إدارة مرور الجيزة',null);
Insert into MOH_WORKFLOW_SCHEMA.TRAFFIC_MANAGEMENT (TRAFFIC_ID,TRAFFIC_NAME,TRAFFIC_DESCRIPTION) values (13,'إدارة مرور بني سويف',null);
Insert into MOH_WORKFLOW_SCHEMA.TRAFFIC_MANAGEMENT (TRAFFIC_ID,TRAFFIC_NAME,TRAFFIC_DESCRIPTION) values (14,'إدارة مرور الفيوم',null);
Insert into MOH_WORKFLOW_SCHEMA.TRAFFIC_MANAGEMENT (TRAFFIC_ID,TRAFFIC_NAME,TRAFFIC_DESCRIPTION) values (15,'إدارة مرور المنيا',null);
Insert into MOH_WORKFLOW_SCHEMA.TRAFFIC_MANAGEMENT (TRAFFIC_ID,TRAFFIC_NAME,TRAFFIC_DESCRIPTION) values (16,'إدارة مرور أسيوط',null);
Insert into MOH_WORKFLOW_SCHEMA.TRAFFIC_MANAGEMENT (TRAFFIC_ID,TRAFFIC_NAME,TRAFFIC_DESCRIPTION) values (17,'إدارة مرور سوهاج',null);
Insert into MOH_WORKFLOW_SCHEMA.TRAFFIC_MANAGEMENT (TRAFFIC_ID,TRAFFIC_NAME,TRAFFIC_DESCRIPTION) values (18,'إدارة مرور قنا',null);
Insert into MOH_WORKFLOW_SCHEMA.TRAFFIC_MANAGEMENT (TRAFFIC_ID,TRAFFIC_NAME,TRAFFIC_DESCRIPTION) values (19,'إدارة مرور أسوان',null);
Insert into MOH_WORKFLOW_SCHEMA.TRAFFIC_MANAGEMENT (TRAFFIC_ID,TRAFFIC_NAME,TRAFFIC_DESCRIPTION) values (20,'إدارة مرور الأقصر',null);
Insert into MOH_WORKFLOW_SCHEMA.TRAFFIC_MANAGEMENT (TRAFFIC_ID,TRAFFIC_NAME,TRAFFIC_DESCRIPTION) values (21,'إدارة مرور البحر الأحمر',null);
Insert into MOH_WORKFLOW_SCHEMA.TRAFFIC_MANAGEMENT (TRAFFIC_ID,TRAFFIC_NAME,TRAFFIC_DESCRIPTION) values (22,'إدارة مرور الوادي الجديد',null);
Insert into MOH_WORKFLOW_SCHEMA.TRAFFIC_MANAGEMENT (TRAFFIC_ID,TRAFFIC_NAME,TRAFFIC_DESCRIPTION) values (23,'إدارة مرور مرسى مطروح',null);
Insert into MOH_WORKFLOW_SCHEMA.TRAFFIC_MANAGEMENT (TRAFFIC_ID,TRAFFIC_NAME,TRAFFIC_DESCRIPTION) values (24,'إدارة مرور شمال سيناء',null);
Insert into MOH_WORKFLOW_SCHEMA.TRAFFIC_MANAGEMENT (TRAFFIC_ID,TRAFFIC_NAME,TRAFFIC_DESCRIPTION) values (25,'إدراة مرور جنوب سيناء',null);
Insert into MOH_WORKFLOW_SCHEMA.TRAFFIC_MANAGEMENT (TRAFFIC_ID,TRAFFIC_NAME,TRAFFIC_DESCRIPTION) values (26,'الادارة العامة للمرور بالقاهره',null);
Insert into MOH_WORKFLOW_SCHEMA.TRAFFIC_MANAGEMENT (TRAFFIC_ID,TRAFFIC_NAME,TRAFFIC_DESCRIPTION) values (27,'إدارة مرور الاسكندرية',null);

REM INSERTING into MOH_WORKFLOW_SCHEMA.SYSTEM_USER
SET DEFINE OFF;
Insert into MOH_WORKFLOW_SCHEMA.SYSTEM_USER (USER_ID,USERNAME,PASSWORD,CREATED_DATE,ZONE_ID) values (2,'eye','$2a$10$tMPI04TYrepQCB9cmmunHOPpEboWzD6lvwJxiOsq0g.EGoCDnfbpG',null,1);
Insert into MOH_WORKFLOW_SCHEMA.SYSTEM_USER (USER_ID,USERNAME,PASSWORD,CREATED_DATE,ZONE_ID) values (3,'bones','$2a$10$dtmakn6rmEr7k0ctRIHCgu3j9AAcnhRcItEE88R7OQ0SjX02rYQvm',null,1);
Insert into MOH_WORKFLOW_SCHEMA.SYSTEM_USER (USER_ID,USERNAME,PASSWORD,CREATED_DATE,ZONE_ID) values (4,'register','$2a$10$CaLwfM/7DHErFQ354btuUuSk19NWgQHeszPpGb/1GHx0Huj3lNpv2',null,1);
Insert into MOH_WORKFLOW_SCHEMA.SYSTEM_USER (USER_ID,USERNAME,PASSWORD,CREATED_DATE,ZONE_ID) values (5,'medicalregister','$2a$10$e9IdbUSfoNJN9OUu7r9JKeG/9IcGpVAYkYOSdRAAsH7km2SMr7TeW',null,1);
Insert into MOH_WORKFLOW_SCHEMA.SYSTEM_USER (USER_ID,USERNAME,PASSWORD,CREATED_DATE,ZONE_ID) values (6,'reviewer','$2a$10$UF0W1BtHUi7xBG863OYGW.GrRMdgrmS/NdHUVr5tA5U8OA7SuOM1m',null,1);
Insert into MOH_WORKFLOW_SCHEMA.SYSTEM_USER (USER_ID,USERNAME,PASSWORD,CREATED_DATE,ZONE_ID) values (7,'approver','$2a$10$oFruULr1K2h8ZxQ49q3FE.xTRXSXJPdlrhB8MdWERfzIOpAzDNJy.',null,1);
Insert into MOH_WORKFLOW_SCHEMA.SYSTEM_USER (USER_ID,USERNAME,PASSWORD,CREATED_DATE,ZONE_ID) values (8,'citizenregister','$2a$10$twUR7P8alu1qkOVIeWd1G.R5U6bUe7rH6I1SdlzrsADDTT9YRD/W2',null,1);
Insert into MOH_WORKFLOW_SCHEMA.SYSTEM_USER (USER_ID,USERNAME,PASSWORD,CREATED_DATE,ZONE_ID) values (9,'cashier','$2a$10$a7fwnuxNM2yqHBkFm.kqJunvBnCpL.s/xqQbOSOr0RlKlSaxWyduG',null,1);
Insert into MOH_WORKFLOW_SCHEMA.SYSTEM_USER (USER_ID,USERNAME,PASSWORD,CREATED_DATE,ZONE_ID) values (1,'admin','$2a$10$L9MIF6lIh1bVDi7xnz4g1uZ9Ylcl73e89adMYQ6tmf/G28YnIUueq',null,1);

REM INSERTING into MOH_WORKFLOW_SCHEMA.SYSTEM_AUDIT
SET DEFINE OFF;
Insert into MOH_WORKFLOW_SCHEMA.SYSTEM_AUDIT (AUDIT_ID,ACTION,DETAILS,REQUEST_ID,PERFORMED_BY,TIMESTAMP,COLUMN1) values (41,'مسح بيانات مواطن',' اسم المواطن : محمد صلاح راشد الرقم القومي : 29106202101137','0','admin',to_timestamp('30-JUN-19 03.28.58.172000000 AM','DD-MON-RR HH.MI.SSXFF AM'),null);
REM INSERTING into MOH_WORKFLOW_SCHEMA.SYSTEM_ROLE
SET DEFINE OFF;
Insert into MOH_WORKFLOW_SCHEMA.SYSTEM_ROLE (ROLE_ID,ROLE_NAME,ROLE_DESCRIPTION) values (3,'CITIZEN','اضافة و تعديل بيانات المواطنين');
Insert into MOH_WORKFLOW_SCHEMA.SYSTEM_ROLE (ROLE_ID,ROLE_NAME,ROLE_DESCRIPTION) values (4,'CASHIER','تسجيل المدفوعات لطلبات الكشف المستعجل و الكشف المستعجل');
Insert into MOH_WORKFLOW_SCHEMA.SYSTEM_ROLE (ROLE_ID,ROLE_NAME,ROLE_DESCRIPTION) values (5,'CONTINUE_REGISTERING','استكمال بيانات الطلب, رفع اوراق المواطن و تحديد لجان كشف العظام و الرمد');
Insert into MOH_WORKFLOW_SCHEMA.SYSTEM_ROLE (ROLE_ID,ROLE_NAME,ROLE_DESCRIPTION) values (6,'EYE','تسجيل حضور المواطنين لكشف الرمد');
Insert into MOH_WORKFLOW_SCHEMA.SYSTEM_ROLE (ROLE_ID,ROLE_NAME,ROLE_DESCRIPTION) values (7,'BONES','تسجيل حضور المواطنين لكشف العظام');
Insert into MOH_WORKFLOW_SCHEMA.SYSTEM_ROLE (ROLE_ID,ROLE_NAME,ROLE_DESCRIPTION) values (8,'MEDICAL_REGISTERING','تسجيل بيانات كشف العظام و الرمد , و رفع اوارق الكشف');
Insert into MOH_WORKFLOW_SCHEMA.SYSTEM_ROLE (ROLE_ID,ROLE_NAME,ROLE_DESCRIPTION) values (9,'REQUESTS_REVIEWER','مراجعة الطلبات و امكانية تعديل نتيجة الطلب');
Insert into MOH_WORKFLOW_SCHEMA.SYSTEM_ROLE (ROLE_ID,ROLE_NAME,ROLE_DESCRIPTION) values (10,'REQUESTS_APPROVER','اعتماد الطلبات و امكانية تعديل النتيجة');
Insert into MOH_WORKFLOW_SCHEMA.SYSTEM_ROLE (ROLE_ID,ROLE_NAME,ROLE_DESCRIPTION) values (1,'ADMIN','تعديل النظام بالكامل');

REM INSERTING into MOH_WORKFLOW_SCHEMA.REQUEST_TYPE
SET DEFINE OFF;
Insert into MOH_WORKFLOW_SCHEMA.REQUEST_TYPE (REQUEST_TYPE_ID,REQUEST_TYPE_NAME,REQUEST_TYPE_PRICE,REQUEST_TYPE_DESCRIPTION) values (1,'تظلم عيون',0,'تظلم عيون');
Insert into MOH_WORKFLOW_SCHEMA.REQUEST_TYPE (REQUEST_TYPE_ID,REQUEST_TYPE_NAME,REQUEST_TYPE_PRICE,REQUEST_TYPE_DESCRIPTION) values (2,'تظلم عظام وعيون',0,'تظلم عظام وعيون');
Insert into MOH_WORKFLOW_SCHEMA.REQUEST_TYPE (REQUEST_TYPE_ID,REQUEST_TYPE_NAME,REQUEST_TYPE_PRICE,REQUEST_TYPE_DESCRIPTION) values (3,'مد صلاحيه',0,'مد صلاحيه');
Insert into MOH_WORKFLOW_SCHEMA.REQUEST_TYPE (REQUEST_TYPE_ID,REQUEST_TYPE_NAME,REQUEST_TYPE_PRICE,REQUEST_TYPE_DESCRIPTION) values (4,'إعادة مناظرة تظلم عظام',0,'إعادة مناظرة تظلم - عظام');
Insert into MOH_WORKFLOW_SCHEMA.REQUEST_TYPE (REQUEST_TYPE_ID,REQUEST_TYPE_NAME,REQUEST_TYPE_PRICE,REQUEST_TYPE_DESCRIPTION) values (5,'كشف عادي',200,'كشف عادي');
Insert into MOH_WORKFLOW_SCHEMA.REQUEST_TYPE (REQUEST_TYPE_ID,REQUEST_TYPE_NAME,REQUEST_TYPE_PRICE,REQUEST_TYPE_DESCRIPTION) values (6,'كشف مستعجل',400,'كشف مستعجل');
Insert into MOH_WORKFLOW_SCHEMA.REQUEST_TYPE (REQUEST_TYPE_ID,REQUEST_TYPE_NAME,REQUEST_TYPE_PRICE,REQUEST_TYPE_DESCRIPTION) values (7,'تظلم عظام',0,'تظلم عظام');
Insert into MOH_WORKFLOW_SCHEMA.REQUEST_TYPE (REQUEST_TYPE_ID,REQUEST_TYPE_NAME,REQUEST_TYPE_PRICE,REQUEST_TYPE_DESCRIPTION) values (8,'إعادة مناظره عظام',0,'إعادة مناظره - عظام');
Insert into MOH_WORKFLOW_SCHEMA.REQUEST_TYPE (REQUEST_TYPE_ID,REQUEST_TYPE_NAME,REQUEST_TYPE_PRICE,REQUEST_TYPE_DESCRIPTION) values (9,'تصويب تجهيزه',0,'تصويب تجهيزه');
Insert into MOH_WORKFLOW_SCHEMA.REQUEST_TYPE (REQUEST_TYPE_ID,REQUEST_TYPE_NAME,REQUEST_TYPE_PRICE,REQUEST_TYPE_DESCRIPTION) values (10,'صحة تشخيص',0,'صحة تشخيص');
Insert into MOH_WORKFLOW_SCHEMA.REQUEST_TYPE (REQUEST_TYPE_ID,REQUEST_TYPE_NAME,REQUEST_TYPE_PRICE,REQUEST_TYPE_DESCRIPTION) values (11,'صحة تشخيص وتجهيزه',0,'صحة تشخيص وتجهيزه');
Insert into MOH_WORKFLOW_SCHEMA.REQUEST_TYPE (REQUEST_TYPE_ID,REQUEST_TYPE_NAME,REQUEST_TYPE_PRICE,REQUEST_TYPE_DESCRIPTION) values (12,'تجديد نتيجة كشف طبي',0,'تجديد نتيجة كشف طبي');
Insert into MOH_WORKFLOW_SCHEMA.REQUEST_TYPE (REQUEST_TYPE_ID,REQUEST_TYPE_NAME,REQUEST_TYPE_PRICE,REQUEST_TYPE_DESCRIPTION) values (13,'إعادة مناظرة عيون',0,'إعادة مناظرة عيون');
Insert into MOH_WORKFLOW_SCHEMA.REQUEST_TYPE (REQUEST_TYPE_ID,REQUEST_TYPE_NAME,REQUEST_TYPE_PRICE,REQUEST_TYPE_DESCRIPTION) values (14,'إعادة مناظرة  تظلم عيون',0,'إعادة مناظرة  تظلم عيون');
Insert into MOH_WORKFLOW_SCHEMA.REQUEST_TYPE (REQUEST_TYPE_ID,REQUEST_TYPE_NAME,REQUEST_TYPE_PRICE,REQUEST_TYPE_DESCRIPTION) values (15,'تظلم استثنائي عظام',0,'تظلم استثنائي عظام');
Insert into MOH_WORKFLOW_SCHEMA.REQUEST_TYPE (REQUEST_TYPE_ID,REQUEST_TYPE_NAME,REQUEST_TYPE_PRICE,REQUEST_TYPE_DESCRIPTION) values (16,'تظلم استثنائي عيون',0,'تظلم استثنائي عيون');
Insert into MOH_WORKFLOW_SCHEMA.REQUEST_TYPE (REQUEST_TYPE_ID,REQUEST_TYPE_NAME,REQUEST_TYPE_PRICE,REQUEST_TYPE_DESCRIPTION) values (17,'إعادة مناظرة تجديد',0,'إعادة مناظرة تجديد');

REM INSERTING into MOH_WORKFLOW_SCHEMA.REQUEST_STATUS
SET DEFINE OFF;
Insert into MOH_WORKFLOW_SCHEMA.REQUEST_STATUS (REQUEST_STATUS_ID,REQUEST_STATUS_NAME,REQUEST_STATUS_DESCRIPTION) values (1,'قرار ملغي','قرار ملغي');
Insert into MOH_WORKFLOW_SCHEMA.REQUEST_STATUS (REQUEST_STATUS_ID,REQUEST_STATUS_NAME,REQUEST_STATUS_DESCRIPTION) values (2,'قرار ملغي للتعديل','قرار ملغي للتعديل');
Insert into MOH_WORKFLOW_SCHEMA.REQUEST_STATUS (REQUEST_STATUS_ID,REQUEST_STATUS_NAME,REQUEST_STATUS_DESCRIPTION) values (3,'خطاب اداري-مراجعه','خطاب اداري-مراجعه');
Insert into MOH_WORKFLOW_SCHEMA.REQUEST_STATUS (REQUEST_STATUS_ID,REQUEST_STATUS_NAME,REQUEST_STATUS_DESCRIPTION) values (4,'يعاد مناظرته-مراجعه','يعاد مناظرته-مراجعه');
Insert into MOH_WORKFLOW_SCHEMA.REQUEST_STATUS (REQUEST_STATUS_ID,REQUEST_STATUS_NAME,REQUEST_STATUS_DESCRIPTION) values (5,'تم التسجيل','تم التسجيل');
Insert into MOH_WORKFLOW_SCHEMA.REQUEST_STATUS (REQUEST_STATUS_ID,REQUEST_STATUS_NAME,REQUEST_STATUS_DESCRIPTION) values (6,'توصيه نهائيه','توصيه نهائيه');
Insert into MOH_WORKFLOW_SCHEMA.REQUEST_STATUS (REQUEST_STATUS_ID,REQUEST_STATUS_NAME,REQUEST_STATUS_DESCRIPTION) values (7,'قرار نهائي','قرار نهائي');
Insert into MOH_WORKFLOW_SCHEMA.REQUEST_STATUS (REQUEST_STATUS_ID,REQUEST_STATUS_NAME,REQUEST_STATUS_DESCRIPTION) values (8,'خطاب اداري','خطاب اداري');
Insert into MOH_WORKFLOW_SCHEMA.REQUEST_STATUS (REQUEST_STATUS_ID,REQUEST_STATUS_NAME,REQUEST_STATUS_DESCRIPTION) values (9,'يعاد مناظرته','يعاد مناظرته');
Insert into MOH_WORKFLOW_SCHEMA.REQUEST_STATUS (REQUEST_STATUS_ID,REQUEST_STATUS_NAME,REQUEST_STATUS_DESCRIPTION) values (10,'رفض','رفض');
Insert into MOH_WORKFLOW_SCHEMA.REQUEST_STATUS (REQUEST_STATUS_ID,REQUEST_STATUS_NAME,REQUEST_STATUS_DESCRIPTION) values (11,'مد صلاحيه','مد صلاحيه');
Insert into MOH_WORKFLOW_SCHEMA.REQUEST_STATUS (REQUEST_STATUS_ID,REQUEST_STATUS_NAME,REQUEST_STATUS_DESCRIPTION) values (12,'خطاب اداري- تعديل','خطاب اداري- تعديل');
Insert into MOH_WORKFLOW_SCHEMA.REQUEST_STATUS (REQUEST_STATUS_ID,REQUEST_STATUS_NAME,REQUEST_STATUS_DESCRIPTION) values (13,'يعاد مناظرته-تعديل','يعاد مناظرته-تعديل');
Insert into MOH_WORKFLOW_SCHEMA.REQUEST_STATUS (REQUEST_STATUS_ID,REQUEST_STATUS_NAME,REQUEST_STATUS_DESCRIPTION) values (14,'توصيه مبدئيه','توصيه مبدئيه');
Insert into MOH_WORKFLOW_SCHEMA.REQUEST_STATUS (REQUEST_STATUS_ID,REQUEST_STATUS_NAME,REQUEST_STATUS_DESCRIPTION) values (15,'تعديل توصيه','تعديل توصيه');
Insert into MOH_WORKFLOW_SCHEMA.REQUEST_STATUS (REQUEST_STATUS_ID,REQUEST_STATUS_NAME,REQUEST_STATUS_DESCRIPTION) values (16,'قرار ملغي لانتهاء المده','قرار ملغي لانتهاء المده');
Insert into MOH_WORKFLOW_SCHEMA.REQUEST_STATUS (REQUEST_STATUS_ID,REQUEST_STATUS_NAME,REQUEST_STATUS_DESCRIPTION) values (17,'لم يحضر','لم يحضر');
Insert into MOH_WORKFLOW_SCHEMA.REQUEST_STATUS (REQUEST_STATUS_ID,REQUEST_STATUS_NAME,REQUEST_STATUS_DESCRIPTION) values (18,'حفظ القرار لانتهاء المده','حفظ القرار لانتهاء المده');
Insert into MOH_WORKFLOW_SCHEMA.REQUEST_STATUS (REQUEST_STATUS_ID,REQUEST_STATUS_NAME,REQUEST_STATUS_DESCRIPTION) values (19,'إعادة مناظرة تجديد - مراجعه','إعادة مناظرة تجديد - مراجعه');
Insert into MOH_WORKFLOW_SCHEMA.REQUEST_STATUS (REQUEST_STATUS_ID,REQUEST_STATUS_NAME,REQUEST_STATUS_DESCRIPTION) values (20,'إعادة مناظرة تجديد','إعادة مناظرة تجديد');
Insert into MOH_WORKFLOW_SCHEMA.REQUEST_STATUS (REQUEST_STATUS_ID,REQUEST_STATUS_NAME,REQUEST_STATUS_DESCRIPTION) values (21,'قبول التجديد - مراجعه','قبول التجديد - مراجعه');
Insert into MOH_WORKFLOW_SCHEMA.REQUEST_STATUS (REQUEST_STATUS_ID,REQUEST_STATUS_NAME,REQUEST_STATUS_DESCRIPTION) values (22,'قبول التجديد','قبول التجديد');
Insert into MOH_WORKFLOW_SCHEMA.REQUEST_STATUS (REQUEST_STATUS_ID,REQUEST_STATUS_NAME,REQUEST_STATUS_DESCRIPTION) values (23,'رفض التجديد - مراجعه','رفض التجديد - مراجعه');
Insert into MOH_WORKFLOW_SCHEMA.REQUEST_STATUS (REQUEST_STATUS_ID,REQUEST_STATUS_NAME,REQUEST_STATUS_DESCRIPTION) values (24,'رفض التجديد','رفض التجديد');

REM INSERTING into MOH_WORKFLOW_SCHEMA.OCCUPATION
SET DEFINE OFF;
Insert into MOH_WORKFLOW_SCHEMA.OCCUPATION (OCCUPATION_ID,OCCUPATION_NAME,OCCUPATION_DESCRIPTION) values (1,'مهندس مدني',null);
Insert into MOH_WORKFLOW_SCHEMA.OCCUPATION (OCCUPATION_ID,OCCUPATION_NAME,OCCUPATION_DESCRIPTION) values (3,'مدرس',null);
Insert into MOH_WORKFLOW_SCHEMA.OCCUPATION (OCCUPATION_ID,OCCUPATION_NAME,OCCUPATION_DESCRIPTION) values (5,'موظف',null);
Insert into MOH_WORKFLOW_SCHEMA.OCCUPATION (OCCUPATION_ID,OCCUPATION_NAME,OCCUPATION_DESCRIPTION) values (6,'عامل',null);
Insert into MOH_WORKFLOW_SCHEMA.OCCUPATION (OCCUPATION_ID,OCCUPATION_NAME,OCCUPATION_DESCRIPTION) values (7,'بالمعاش',null);
Insert into MOH_WORKFLOW_SCHEMA.OCCUPATION (OCCUPATION_ID,OCCUPATION_NAME,OCCUPATION_DESCRIPTION) values (8,'ميكانيكي',null);
Insert into MOH_WORKFLOW_SCHEMA.OCCUPATION (OCCUPATION_ID,OCCUPATION_NAME,OCCUPATION_DESCRIPTION) values (10,'مهندس',null);
Insert into MOH_WORKFLOW_SCHEMA.OCCUPATION (OCCUPATION_ID,OCCUPATION_NAME,OCCUPATION_DESCRIPTION) values (12,'مدير إدارة',null);
Insert into MOH_WORKFLOW_SCHEMA.OCCUPATION (OCCUPATION_ID,OCCUPATION_NAME,OCCUPATION_DESCRIPTION) values (13,'سائق',null);
Insert into MOH_WORKFLOW_SCHEMA.OCCUPATION (OCCUPATION_ID,OCCUPATION_NAME,OCCUPATION_DESCRIPTION) values (14,'مؤذن مسجد',null);
Insert into MOH_WORKFLOW_SCHEMA.OCCUPATION (OCCUPATION_ID,OCCUPATION_NAME,OCCUPATION_DESCRIPTION) values (15,'محامي',null);
Insert into MOH_WORKFLOW_SCHEMA.OCCUPATION (OCCUPATION_ID,OCCUPATION_NAME,OCCUPATION_DESCRIPTION) values (16,'مدير عام',null);
Insert into MOH_WORKFLOW_SCHEMA.OCCUPATION (OCCUPATION_ID,OCCUPATION_NAME,OCCUPATION_DESCRIPTION) values (17,'معاون',null);
Insert into MOH_WORKFLOW_SCHEMA.OCCUPATION (OCCUPATION_ID,OCCUPATION_NAME,OCCUPATION_DESCRIPTION) values (18,'اخصائي',null);
Insert into MOH_WORKFLOW_SCHEMA.OCCUPATION (OCCUPATION_ID,OCCUPATION_NAME,OCCUPATION_DESCRIPTION) values (19,'امين شرطه',null);
Insert into MOH_WORKFLOW_SCHEMA.OCCUPATION (OCCUPATION_ID,OCCUPATION_NAME,OCCUPATION_DESCRIPTION) values (20,'طباخ',null);
Insert into MOH_WORKFLOW_SCHEMA.OCCUPATION (OCCUPATION_ID,OCCUPATION_NAME,OCCUPATION_DESCRIPTION) values (21,'إمام وخطيب',null);
Insert into MOH_WORKFLOW_SCHEMA.OCCUPATION (OCCUPATION_ID,OCCUPATION_NAME,OCCUPATION_DESCRIPTION) values (22,'مدير مدرسة',null);
Insert into MOH_WORKFLOW_SCHEMA.OCCUPATION (OCCUPATION_ID,OCCUPATION_NAME,OCCUPATION_DESCRIPTION) values (23,'باحث مالي',null);
Insert into MOH_WORKFLOW_SCHEMA.OCCUPATION (OCCUPATION_ID,OCCUPATION_NAME,OCCUPATION_DESCRIPTION) values (25,'سكرتير',null);
Insert into MOH_WORKFLOW_SCHEMA.OCCUPATION (OCCUPATION_ID,OCCUPATION_NAME,OCCUPATION_DESCRIPTION) values (29,'فني تحاليل',null);
Insert into MOH_WORKFLOW_SCHEMA.OCCUPATION (OCCUPATION_ID,OCCUPATION_NAME,OCCUPATION_DESCRIPTION) values (30,'موجه عام',null);
Insert into MOH_WORKFLOW_SCHEMA.OCCUPATION (OCCUPATION_ID,OCCUPATION_NAME,OCCUPATION_DESCRIPTION) values (31,'نائب مدير',null);
Insert into MOH_WORKFLOW_SCHEMA.OCCUPATION (OCCUPATION_ID,OCCUPATION_NAME,OCCUPATION_DESCRIPTION) values (33,'إداري',null);
Insert into MOH_WORKFLOW_SCHEMA.OCCUPATION (OCCUPATION_ID,OCCUPATION_NAME,OCCUPATION_DESCRIPTION) values (35,'كاهن',null);
Insert into MOH_WORKFLOW_SCHEMA.OCCUPATION (OCCUPATION_ID,OCCUPATION_NAME,OCCUPATION_DESCRIPTION) values (37,'محلل نظم',null);
Insert into MOH_WORKFLOW_SCHEMA.OCCUPATION (OCCUPATION_ID,OCCUPATION_NAME,OCCUPATION_DESCRIPTION) values (40,'شرطي',null);
Insert into MOH_WORKFLOW_SCHEMA.OCCUPATION (OCCUPATION_ID,OCCUPATION_NAME,OCCUPATION_DESCRIPTION) values (41,'طالب',null);
Insert into MOH_WORKFLOW_SCHEMA.OCCUPATION (OCCUPATION_ID,OCCUPATION_NAME,OCCUPATION_DESCRIPTION) values (42,'طبيب بشري',null);
Insert into MOH_WORKFLOW_SCHEMA.OCCUPATION (OCCUPATION_ID,OCCUPATION_NAME,OCCUPATION_DESCRIPTION) values (44,'محاسب',null);
Insert into MOH_WORKFLOW_SCHEMA.OCCUPATION (OCCUPATION_ID,OCCUPATION_NAME,OCCUPATION_DESCRIPTION) values (45,'كاتب',null);
Insert into MOH_WORKFLOW_SCHEMA.OCCUPATION (OCCUPATION_ID,OCCUPATION_NAME,OCCUPATION_DESCRIPTION) values (46,'صيدلي',null);
Insert into MOH_WORKFLOW_SCHEMA.OCCUPATION (OCCUPATION_ID,OCCUPATION_NAME,OCCUPATION_DESCRIPTION) values (49,'فرد امن',null);
Insert into MOH_WORKFLOW_SCHEMA.OCCUPATION (OCCUPATION_ID,OCCUPATION_NAME,OCCUPATION_DESCRIPTION) values (50,'محصل',null);
Insert into MOH_WORKFLOW_SCHEMA.OCCUPATION (OCCUPATION_ID,OCCUPATION_NAME,OCCUPATION_DESCRIPTION) values (51,'رسام',null);
Insert into MOH_WORKFLOW_SCHEMA.OCCUPATION (OCCUPATION_ID,OCCUPATION_NAME,OCCUPATION_DESCRIPTION) values (53,'شيخ بلد',null);
Insert into MOH_WORKFLOW_SCHEMA.OCCUPATION (OCCUPATION_ID,OCCUPATION_NAME,OCCUPATION_DESCRIPTION) values (54,'مأمور جمرك',null);
Insert into MOH_WORKFLOW_SCHEMA.OCCUPATION (OCCUPATION_ID,OCCUPATION_NAME,OCCUPATION_DESCRIPTION) values (56,'بدون عمل',null);
Insert into MOH_WORKFLOW_SCHEMA.OCCUPATION (OCCUPATION_ID,OCCUPATION_NAME,OCCUPATION_DESCRIPTION) values (57,'ربة منزل',null);
Insert into MOH_WORKFLOW_SCHEMA.OCCUPATION (OCCUPATION_ID,OCCUPATION_NAME,OCCUPATION_DESCRIPTION) values (58,'مشرف',null);
Insert into MOH_WORKFLOW_SCHEMA.OCCUPATION (OCCUPATION_ID,OCCUPATION_NAME,OCCUPATION_DESCRIPTION) values (59,'فني',null);
Insert into MOH_WORKFLOW_SCHEMA.OCCUPATION (OCCUPATION_ID,OCCUPATION_NAME,OCCUPATION_DESCRIPTION) values (61,'نجار',null);
Insert into MOH_WORKFLOW_SCHEMA.OCCUPATION (OCCUPATION_ID,OCCUPATION_NAME,OCCUPATION_DESCRIPTION) values (65,'نقاش',null);
Insert into MOH_WORKFLOW_SCHEMA.OCCUPATION (OCCUPATION_ID,OCCUPATION_NAME,OCCUPATION_DESCRIPTION) values (66,'كهربائى',null);
Insert into MOH_WORKFLOW_SCHEMA.OCCUPATION (OCCUPATION_ID,OCCUPATION_NAME,OCCUPATION_DESCRIPTION) values (67,'مكوجي',null);
Insert into MOH_WORKFLOW_SCHEMA.OCCUPATION (OCCUPATION_ID,OCCUPATION_NAME,OCCUPATION_DESCRIPTION) values (68,'سباك',null);
Insert into MOH_WORKFLOW_SCHEMA.OCCUPATION (OCCUPATION_ID,OCCUPATION_NAME,OCCUPATION_DESCRIPTION) values (69,'رئيس قسم',null);
Insert into MOH_WORKFLOW_SCHEMA.OCCUPATION (OCCUPATION_ID,OCCUPATION_NAME,OCCUPATION_DESCRIPTION) values (70,'صاحب شركه',null);
Insert into MOH_WORKFLOW_SCHEMA.OCCUPATION (OCCUPATION_ID,OCCUPATION_NAME,OCCUPATION_DESCRIPTION) values (71,'صاحب محل',null);
Insert into MOH_WORKFLOW_SCHEMA.OCCUPATION (OCCUPATION_ID,OCCUPATION_NAME,OCCUPATION_DESCRIPTION) values (72,'جزار',null);
Insert into MOH_WORKFLOW_SCHEMA.OCCUPATION (OCCUPATION_ID,OCCUPATION_NAME,OCCUPATION_DESCRIPTION) values (73,'ضابط شرطه',null);
Insert into MOH_WORKFLOW_SCHEMA.OCCUPATION (OCCUPATION_ID,OCCUPATION_NAME,OCCUPATION_DESCRIPTION) values (74,'ضابط جيش',null);
Insert into MOH_WORKFLOW_SCHEMA.OCCUPATION (OCCUPATION_ID,OCCUPATION_NAME,OCCUPATION_DESCRIPTION) values (75,'أعمال حره',null);
Insert into MOH_WORKFLOW_SCHEMA.OCCUPATION (OCCUPATION_ID,OCCUPATION_NAME,OCCUPATION_DESCRIPTION) values (76,'ممرض',null);
Insert into MOH_WORKFLOW_SCHEMA.OCCUPATION (OCCUPATION_ID,OCCUPATION_NAME,OCCUPATION_DESCRIPTION) values (78,'صحفي',null);
Insert into MOH_WORKFLOW_SCHEMA.OCCUPATION (OCCUPATION_ID,OCCUPATION_NAME,OCCUPATION_DESCRIPTION) values (79,'قارئ ومحصل',null);
Insert into MOH_WORKFLOW_SCHEMA.OCCUPATION (OCCUPATION_ID,OCCUPATION_NAME,OCCUPATION_DESCRIPTION) values (84,'امين معمل',null);
Insert into MOH_WORKFLOW_SCHEMA.OCCUPATION (OCCUPATION_ID,OCCUPATION_NAME,OCCUPATION_DESCRIPTION) values (85,'امين مخزن',null);
Insert into MOH_WORKFLOW_SCHEMA.OCCUPATION (OCCUPATION_ID,OCCUPATION_NAME,OCCUPATION_DESCRIPTION) values (86,'دكتور',null);
Insert into MOH_WORKFLOW_SCHEMA.OCCUPATION (OCCUPATION_ID,OCCUPATION_NAME,OCCUPATION_DESCRIPTION) values (87,'صاحب مكتب',null);
Insert into MOH_WORKFLOW_SCHEMA.OCCUPATION (OCCUPATION_ID,OCCUPATION_NAME,OCCUPATION_DESCRIPTION) values (88,'شيخ معهد',null);
Insert into MOH_WORKFLOW_SCHEMA.OCCUPATION (OCCUPATION_ID,OCCUPATION_NAME,OCCUPATION_DESCRIPTION) values (90,'مندوب',null);
Insert into MOH_WORKFLOW_SCHEMA.OCCUPATION (OCCUPATION_ID,OCCUPATION_NAME,OCCUPATION_DESCRIPTION) values (91,'طبيب بيطري',null);
Insert into MOH_WORKFLOW_SCHEMA.OCCUPATION (OCCUPATION_ID,OCCUPATION_NAME,OCCUPATION_DESCRIPTION) values (93,'مستشار',null);
Insert into MOH_WORKFLOW_SCHEMA.OCCUPATION (OCCUPATION_ID,OCCUPATION_NAME,OCCUPATION_DESCRIPTION) values (94,'مراقب',null);
Insert into MOH_WORKFLOW_SCHEMA.OCCUPATION (OCCUPATION_ID,OCCUPATION_NAME,OCCUPATION_DESCRIPTION) values (95,'مفتش',null);
Insert into MOH_WORKFLOW_SCHEMA.OCCUPATION (OCCUPATION_ID,OCCUPATION_NAME,OCCUPATION_DESCRIPTION) values (96,'مصرفي',null);
Insert into MOH_WORKFLOW_SCHEMA.OCCUPATION (OCCUPATION_ID,OCCUPATION_NAME,OCCUPATION_DESCRIPTION) values (97,'معيد',null);
Insert into MOH_WORKFLOW_SCHEMA.OCCUPATION (OCCUPATION_ID,OCCUPATION_NAME,OCCUPATION_DESCRIPTION) values (98,'فني طباعه',null);
Insert into MOH_WORKFLOW_SCHEMA.OCCUPATION (OCCUPATION_ID,OCCUPATION_NAME,OCCUPATION_DESCRIPTION) values (99,'امين مكتبه',null);
Insert into MOH_WORKFLOW_SCHEMA.OCCUPATION (OCCUPATION_ID,OCCUPATION_NAME,OCCUPATION_DESCRIPTION) values (100,'باحث',null);
Insert into MOH_WORKFLOW_SCHEMA.OCCUPATION (OCCUPATION_ID,OCCUPATION_NAME,OCCUPATION_DESCRIPTION) values (102,'صاحب ورشه',null);
Insert into MOH_WORKFLOW_SCHEMA.OCCUPATION (OCCUPATION_ID,OCCUPATION_NAME,OCCUPATION_DESCRIPTION) values (103,'مراجع',null);
Insert into MOH_WORKFLOW_SCHEMA.OCCUPATION (OCCUPATION_ID,OCCUPATION_NAME,OCCUPATION_DESCRIPTION) values (104,'وكيل وزارة',null);
Insert into MOH_WORKFLOW_SCHEMA.OCCUPATION (OCCUPATION_ID,OCCUPATION_NAME,OCCUPATION_DESCRIPTION) values (105,'عامل مسجد',null);
Insert into MOH_WORKFLOW_SCHEMA.OCCUPATION (OCCUPATION_ID,OCCUPATION_NAME,OCCUPATION_DESCRIPTION) values (109,'عامل زراعي',null);
Insert into MOH_WORKFLOW_SCHEMA.OCCUPATION (OCCUPATION_ID,OCCUPATION_NAME,OCCUPATION_DESCRIPTION) values (110,'عميد كلية',null);
Insert into MOH_WORKFLOW_SCHEMA.OCCUPATION (OCCUPATION_ID,OCCUPATION_NAME,OCCUPATION_DESCRIPTION) values (112,'كيميائي',null);
Insert into MOH_WORKFLOW_SCHEMA.OCCUPATION (OCCUPATION_ID,OCCUPATION_NAME,OCCUPATION_DESCRIPTION) values (114,'مهندس إتصالات',null);
Insert into MOH_WORKFLOW_SCHEMA.OCCUPATION (OCCUPATION_ID,OCCUPATION_NAME,OCCUPATION_DESCRIPTION) values (116,'مهندس زراعي',null);
Insert into MOH_WORKFLOW_SCHEMA.OCCUPATION (OCCUPATION_ID,OCCUPATION_NAME,OCCUPATION_DESCRIPTION) values (121,'حاصل على معهد',null);
Insert into MOH_WORKFLOW_SCHEMA.OCCUPATION (OCCUPATION_ID,OCCUPATION_NAME,OCCUPATION_DESCRIPTION) values (123,'حاصل علي ثانويه عامه',null);
Insert into MOH_WORKFLOW_SCHEMA.OCCUPATION (OCCUPATION_ID,OCCUPATION_NAME,OCCUPATION_DESCRIPTION) values (136,'باحث قانوني',null);
Insert into MOH_WORKFLOW_SCHEMA.OCCUPATION (OCCUPATION_ID,OCCUPATION_NAME,OCCUPATION_DESCRIPTION) values (138,'مأمور ضبط قضائي',null);
Insert into MOH_WORKFLOW_SCHEMA.OCCUPATION (OCCUPATION_ID,OCCUPATION_NAME,OCCUPATION_DESCRIPTION) values (139,'مأمور ضرائب',null);
Insert into MOH_WORKFLOW_SCHEMA.OCCUPATION (OCCUPATION_ID,OCCUPATION_NAME,OCCUPATION_DESCRIPTION) values (140,'محفظ قرآن كريم',null);
Insert into MOH_WORKFLOW_SCHEMA.OCCUPATION (OCCUPATION_ID,OCCUPATION_NAME,OCCUPATION_DESCRIPTION) values (144,'حاصل علي دبلوم معلمين',null);
Insert into MOH_WORKFLOW_SCHEMA.OCCUPATION (OCCUPATION_ID,OCCUPATION_NAME,OCCUPATION_DESCRIPTION) values (146,'امين توريدات',null);
Insert into MOH_WORKFLOW_SCHEMA.OCCUPATION (OCCUPATION_ID,OCCUPATION_NAME,OCCUPATION_DESCRIPTION) values (148,'دبلوم تدريب مهني',null);
Insert into MOH_WORKFLOW_SCHEMA.OCCUPATION (OCCUPATION_ID,OCCUPATION_NAME,OCCUPATION_DESCRIPTION) values (150,'وكيل مدرسه / معهد',null);
Insert into MOH_WORKFLOW_SCHEMA.OCCUPATION (OCCUPATION_ID,OCCUPATION_NAME,OCCUPATION_DESCRIPTION) values (151,'دبلوم تمريض',null);
Insert into MOH_WORKFLOW_SCHEMA.OCCUPATION (OCCUPATION_ID,OCCUPATION_NAME,OCCUPATION_DESCRIPTION) values (155,'حاصل على ليسانس',null);
Insert into MOH_WORKFLOW_SCHEMA.OCCUPATION (OCCUPATION_ID,OCCUPATION_NAME,OCCUPATION_DESCRIPTION) values (159,'حاصل على دبلوم فنادق',null);
Insert into MOH_WORKFLOW_SCHEMA.OCCUPATION (OCCUPATION_ID,OCCUPATION_NAME,OCCUPATION_DESCRIPTION) values (160,'حاصل علي دكتوراه',null);
Insert into MOH_WORKFLOW_SCHEMA.OCCUPATION (OCCUPATION_ID,OCCUPATION_NAME,OCCUPATION_DESCRIPTION) values (164,'مأمور شهر عقاري',null);
Insert into MOH_WORKFLOW_SCHEMA.OCCUPATION (OCCUPATION_ID,OCCUPATION_NAME,OCCUPATION_DESCRIPTION) values (167,'استاذ مساعد',null);
Insert into MOH_WORKFLOW_SCHEMA.OCCUPATION (OCCUPATION_ID,OCCUPATION_NAME,OCCUPATION_DESCRIPTION) values (172,'حاصل علي بكالوريوس',null);
Insert into MOH_WORKFLOW_SCHEMA.OCCUPATION (OCCUPATION_ID,OCCUPATION_NAME,OCCUPATION_DESCRIPTION) values (174,'حاصل على دبلوم زراعه',null);
Insert into MOH_WORKFLOW_SCHEMA.OCCUPATION (OCCUPATION_ID,OCCUPATION_NAME,OCCUPATION_DESCRIPTION) values (175,'حاصل على دبلوم تجارة',null);
Insert into MOH_WORKFLOW_SCHEMA.OCCUPATION (OCCUPATION_ID,OCCUPATION_NAME,OCCUPATION_DESCRIPTION) values (176,'حاصل على دبلوم صنايع',null);
Insert into MOH_WORKFLOW_SCHEMA.OCCUPATION (OCCUPATION_ID,OCCUPATION_NAME,OCCUPATION_DESCRIPTION) values (189,'محرر إعلامي',null);
Insert into MOH_WORKFLOW_SCHEMA.OCCUPATION (OCCUPATION_ID,OCCUPATION_NAME,OCCUPATION_DESCRIPTION) values (192,'مراجع هندسي',null);
Insert into MOH_WORKFLOW_SCHEMA.OCCUPATION (OCCUPATION_ID,OCCUPATION_NAME,OCCUPATION_DESCRIPTION) values (194,'مراجع حسابات',null);
Insert into MOH_WORKFLOW_SCHEMA.OCCUPATION (OCCUPATION_ID,OCCUPATION_NAME,OCCUPATION_DESCRIPTION) values (195,'امين مرافق زراعية',null);
Insert into MOH_WORKFLOW_SCHEMA.OCCUPATION (OCCUPATION_ID,OCCUPATION_NAME,OCCUPATION_DESCRIPTION) values (201,'حاصل علي ماجستير',null);
Insert into MOH_WORKFLOW_SCHEMA.OCCUPATION (OCCUPATION_ID,OCCUPATION_NAME,OCCUPATION_DESCRIPTION) values (204,'اخصائي تحاليل',null);
Insert into MOH_WORKFLOW_SCHEMA.OCCUPATION (OCCUPATION_ID,OCCUPATION_NAME,OCCUPATION_DESCRIPTION) values (213,'حاصل علي دبلوم اداره وخدمات',null);
Insert into MOH_WORKFLOW_SCHEMA.OCCUPATION (OCCUPATION_ID,OCCUPATION_NAME,OCCUPATION_DESCRIPTION) values (218,'حاصل على ثانويه ازهريه',null);
Insert into MOH_WORKFLOW_SCHEMA.OCCUPATION (OCCUPATION_ID,OCCUPATION_NAME,OCCUPATION_DESCRIPTION) values (219,'مساعد بالقوات المسلحه',null);
Insert into MOH_WORKFLOW_SCHEMA.OCCUPATION (OCCUPATION_ID,OCCUPATION_NAME,OCCUPATION_DESCRIPTION) values (220,'صاحب كافيتريا',null);
Insert into MOH_WORKFLOW_SCHEMA.OCCUPATION (OCCUPATION_ID,OCCUPATION_NAME,OCCUPATION_DESCRIPTION) values (223,'عضو مجلس النواب',null);

REM INSERTING into MOH_WORKFLOW_SCHEMA.GOVERNATE
SET DEFINE OFF;
Insert into MOH_WORKFLOW_SCHEMA.GOVERNATE (GOVERNATE_ID,GOVERNATE_CODE,GOVERNATE_NAME,ZONE_ID) values (1,1,'القاهره',1);
Insert into MOH_WORKFLOW_SCHEMA.GOVERNATE (GOVERNATE_ID,GOVERNATE_CODE,GOVERNATE_NAME,ZONE_ID) values (2,2,'الاسكندريه',1);
Insert into MOH_WORKFLOW_SCHEMA.GOVERNATE (GOVERNATE_ID,GOVERNATE_CODE,GOVERNATE_NAME,ZONE_ID) values (29,29,'الاقصر',1);
Insert into MOH_WORKFLOW_SCHEMA.GOVERNATE (GOVERNATE_ID,GOVERNATE_CODE,GOVERNATE_NAME,ZONE_ID) values (19,19,'الاسماعيلية',1);
Insert into MOH_WORKFLOW_SCHEMA.GOVERNATE (GOVERNATE_ID,GOVERNATE_CODE,GOVERNATE_NAME,ZONE_ID) values (18,18,'البحيرة',1);
Insert into MOH_WORKFLOW_SCHEMA.GOVERNATE (GOVERNATE_ID,GOVERNATE_CODE,GOVERNATE_NAME,ZONE_ID) values (21,21,'الجيزة',1);
Insert into MOH_WORKFLOW_SCHEMA.GOVERNATE (GOVERNATE_ID,GOVERNATE_CODE,GOVERNATE_NAME,ZONE_ID) values (12,12,'الدقهلية',1);
Insert into MOH_WORKFLOW_SCHEMA.GOVERNATE (GOVERNATE_ID,GOVERNATE_CODE,GOVERNATE_NAME,ZONE_ID) values (13,13,'الشرقية',1);
Insert into MOH_WORKFLOW_SCHEMA.GOVERNATE (GOVERNATE_ID,GOVERNATE_CODE,GOVERNATE_NAME,ZONE_ID) values (16,16,'الغربية',1);
Insert into MOH_WORKFLOW_SCHEMA.GOVERNATE (GOVERNATE_ID,GOVERNATE_CODE,GOVERNATE_NAME,ZONE_ID) values (14,14,'القليوبية',1);
Insert into MOH_WORKFLOW_SCHEMA.GOVERNATE (GOVERNATE_ID,GOVERNATE_CODE,GOVERNATE_NAME,ZONE_ID) values (17,17,'المنوفية',1);
Insert into MOH_WORKFLOW_SCHEMA.GOVERNATE (GOVERNATE_ID,GOVERNATE_CODE,GOVERNATE_NAME,ZONE_ID) values (24,24,'المنيا',1);
Insert into MOH_WORKFLOW_SCHEMA.GOVERNATE (GOVERNATE_ID,GOVERNATE_CODE,GOVERNATE_NAME,ZONE_ID) values (28,28,'أسوان',1);
Insert into MOH_WORKFLOW_SCHEMA.GOVERNATE (GOVERNATE_ID,GOVERNATE_CODE,GOVERNATE_NAME,ZONE_ID) values (25,25,'أسيوط',1);
Insert into MOH_WORKFLOW_SCHEMA.GOVERNATE (GOVERNATE_ID,GOVERNATE_CODE,GOVERNATE_NAME,ZONE_ID) values (22,22,'بني سويف',1);
Insert into MOH_WORKFLOW_SCHEMA.GOVERNATE (GOVERNATE_ID,GOVERNATE_CODE,GOVERNATE_NAME,ZONE_ID) values (26,26,'سوهاج',1);
Insert into MOH_WORKFLOW_SCHEMA.GOVERNATE (GOVERNATE_ID,GOVERNATE_CODE,GOVERNATE_NAME,ZONE_ID) values (27,27,'قنا',1);
Insert into MOH_WORKFLOW_SCHEMA.GOVERNATE (GOVERNATE_ID,GOVERNATE_CODE,GOVERNATE_NAME,ZONE_ID) values (15,15,'كفر الشيخ',1);
Insert into MOH_WORKFLOW_SCHEMA.GOVERNATE (GOVERNATE_ID,GOVERNATE_CODE,GOVERNATE_NAME,ZONE_ID) values (33,33,'مرسي مطروح',1);
Insert into MOH_WORKFLOW_SCHEMA.GOVERNATE (GOVERNATE_ID,GOVERNATE_CODE,GOVERNATE_NAME,ZONE_ID) values (88,88,'مولود خارج الجمهورية',1);
Insert into MOH_WORKFLOW_SCHEMA.GOVERNATE (GOVERNATE_ID,GOVERNATE_CODE,GOVERNATE_NAME,ZONE_ID) values (3,3,'بورسعيد',1);
Insert into MOH_WORKFLOW_SCHEMA.GOVERNATE (GOVERNATE_ID,GOVERNATE_CODE,GOVERNATE_NAME,ZONE_ID) values (4,4,'السويس ',1);
Insert into MOH_WORKFLOW_SCHEMA.GOVERNATE (GOVERNATE_ID,GOVERNATE_CODE,GOVERNATE_NAME,ZONE_ID) values (11,11,'دمياط',1);
Insert into MOH_WORKFLOW_SCHEMA.GOVERNATE (GOVERNATE_ID,GOVERNATE_CODE,GOVERNATE_NAME,ZONE_ID) values (23,23,'الفيوم ',1);
Insert into MOH_WORKFLOW_SCHEMA.GOVERNATE (GOVERNATE_ID,GOVERNATE_CODE,GOVERNATE_NAME,ZONE_ID) values (31,31,'البحر الأحمر',1);
Insert into MOH_WORKFLOW_SCHEMA.GOVERNATE (GOVERNATE_ID,GOVERNATE_CODE,GOVERNATE_NAME,ZONE_ID) values (32,32,'الوادى الجديد',1);
Insert into MOH_WORKFLOW_SCHEMA.GOVERNATE (GOVERNATE_ID,GOVERNATE_CODE,GOVERNATE_NAME,ZONE_ID) values (34,34,'شمال سيناء',1);
Insert into MOH_WORKFLOW_SCHEMA.GOVERNATE (GOVERNATE_ID,GOVERNATE_CODE,GOVERNATE_NAME,ZONE_ID) values (35,35,'جنوب سيناء',1);
Insert into MOH_WORKFLOW_SCHEMA.GOVERNATE (GOVERNATE_ID,GOVERNATE_CODE,GOVERNATE_NAME,ZONE_ID) values (37,37,'اخرى',1);

REM INSERTING into MOH_WORKFLOW_SCHEMA.EYE_MEASURE
SET DEFINE OFF;
Insert into MOH_WORKFLOW_SCHEMA.EYE_MEASURE (MEASURE_ID,MEASURE_TITLE,MEASURE_DESCRIPTION) values (1,'6/6','6/6');
Insert into MOH_WORKFLOW_SCHEMA.EYE_MEASURE (MEASURE_ID,MEASURE_TITLE,MEASURE_DESCRIPTION) values (2,'6/9','6/9');
Insert into MOH_WORKFLOW_SCHEMA.EYE_MEASURE (MEASURE_ID,MEASURE_TITLE,MEASURE_DESCRIPTION) values (3,'6/12','6/12');
Insert into MOH_WORKFLOW_SCHEMA.EYE_MEASURE (MEASURE_ID,MEASURE_TITLE,MEASURE_DESCRIPTION) values (4,'6/18','6/18');
Insert into MOH_WORKFLOW_SCHEMA.EYE_MEASURE (MEASURE_ID,MEASURE_TITLE,MEASURE_DESCRIPTION) values (5,'6/24','6/24');
Insert into MOH_WORKFLOW_SCHEMA.EYE_MEASURE (MEASURE_ID,MEASURE_TITLE,MEASURE_DESCRIPTION) values (6,'6/36','6/36');
Insert into MOH_WORKFLOW_SCHEMA.EYE_MEASURE (MEASURE_ID,MEASURE_TITLE,MEASURE_DESCRIPTION) values (7,'6/60','6/60');
Insert into MOH_WORKFLOW_SCHEMA.EYE_MEASURE (MEASURE_ID,MEASURE_TITLE,MEASURE_DESCRIPTION) values (8,'5/60','5/60');
Insert into MOH_WORKFLOW_SCHEMA.EYE_MEASURE (MEASURE_ID,MEASURE_TITLE,MEASURE_DESCRIPTION) values (9,'أقل من (6/60)','أقل من (6/60)');
Insert into MOH_WORKFLOW_SCHEMA.EYE_MEASURE (MEASURE_ID,MEASURE_TITLE,MEASURE_DESCRIPTION) values (10,'لاتبصر الضوء','لاتبصر الضوء');
Insert into MOH_WORKFLOW_SCHEMA.EYE_MEASURE (MEASURE_ID,MEASURE_TITLE,MEASURE_DESCRIPTION) values (11,'تبصر الضوء','تبصر الضوء');
Insert into MOH_WORKFLOW_SCHEMA.EYE_MEASURE (MEASURE_ID,MEASURE_TITLE,MEASURE_DESCRIPTION) values (12,'تبصر حركة يد','تبصر حركة يد');
Insert into MOH_WORKFLOW_SCHEMA.EYE_MEASURE (MEASURE_ID,MEASURE_TITLE,MEASURE_DESCRIPTION) values (13,'عد أصابع','عد أصابع');
Insert into MOH_WORKFLOW_SCHEMA.EYE_MEASURE (MEASURE_ID,MEASURE_TITLE,MEASURE_DESCRIPTION) values (14,'خيال','خيال');
Insert into MOH_WORKFLOW_SCHEMA.EYE_MEASURE (MEASURE_ID,MEASURE_TITLE,MEASURE_DESCRIPTION) values (15,'عين زجاجيه','عين زجاجيه');
Insert into MOH_WORKFLOW_SCHEMA.EYE_MEASURE (MEASURE_ID,MEASURE_TITLE,MEASURE_DESCRIPTION) values (16,'عدسات لاصقه','عدسات لاصقه');

REM INSERTING into MOH_WORKFLOW_SCHEMA.EQUIPMENT
SET DEFINE OFF;
Insert into MOH_WORKFLOW_SCHEMA.EQUIPMENT (EQUIPMENT_ID,EQUIPMENT_NAME,EQUIPMENT_DESCRIPTION) values (186,'دواسة البنزين والفرامل تدار باليد وفاصل حركة اوتوماتيك',null);
Insert into MOH_WORKFLOW_SCHEMA.EQUIPMENT (EQUIPMENT_ID,EQUIPMENT_NAME,EQUIPMENT_DESCRIPTION) values (187,'دواسة البنزين والفرامل يدار باليد',null);
Insert into MOH_WORKFLOW_SCHEMA.EQUIPMENT (EQUIPMENT_ID,EQUIPMENT_NAME,EQUIPMENT_DESCRIPTION) values (188,'دواسة فاصل الحركة يدار باليد',null);
Insert into MOH_WORKFLOW_SCHEMA.EQUIPMENT (EQUIPMENT_ID,EQUIPMENT_NAME,EQUIPMENT_DESCRIPTION) values (189,'دواسة فاصل الحركة هيدروماتيك',null);
Insert into MOH_WORKFLOW_SCHEMA.EQUIPMENT (EQUIPMENT_ID,EQUIPMENT_NAME,EQUIPMENT_DESCRIPTION) values (190,'مفاتيح التشغيل والاناره بالجهة اليسري بالإضافة إلي عجله قيادة مائية مزودة ببكره ومنيم بالكف الصناعي + ناقل سرعة اوتوماتيك',null);
Insert into MOH_WORKFLOW_SCHEMA.EQUIPMENT (EQUIPMENT_ID,EQUIPMENT_NAME,EQUIPMENT_DESCRIPTION) values (191,'مفاتيح التشغيل والاناره بالجهة اليمني بالإضافة إلي عجله قيادة مائية مزودة ببكره ومنيم بالكف الصناعي + ناقل سرعة اوتوماتيك',null);
Insert into MOH_WORKFLOW_SCHEMA.EQUIPMENT (EQUIPMENT_ID,EQUIPMENT_NAME,EQUIPMENT_DESCRIPTION) values (192,'مفاتيح التشغيل والاناره بالجهة اليسري بالإضافة إلي عجله قيادة مائية مزوده ببكره ومنيم باليد اليمني+ ناقل سرعة هيدروماتيك',null);
Insert into MOH_WORKFLOW_SCHEMA.EQUIPMENT (EQUIPMENT_ID,EQUIPMENT_NAME,EQUIPMENT_DESCRIPTION) values (193,'مفاتيح التشغيل والاناره بالجهة اليمني بالإضافة إلي عجله قيادة مائية مزوده ببكره ومنيم باليد اليسري + ناقل سرعة هيدروماتيك',null);
Insert into MOH_WORKFLOW_SCHEMA.EQUIPMENT (EQUIPMENT_ID,EQUIPMENT_NAME,EQUIPMENT_DESCRIPTION) values (194,'مفاتيح التشغيل والاناره بالجهه اليمني بالإضافة إلي عجلة قياده مائيه والبنزين والفرامل يدار باليد وفاصل حركه اوتوماتيك ',null);
Insert into MOH_WORKFLOW_SCHEMA.EQUIPMENT (EQUIPMENT_ID,EQUIPMENT_NAME,EQUIPMENT_DESCRIPTION) values (195,'قيادة يدوية كاملة  دواسة البنزين والفرامل وفاصل الحركة يدار باليد ',null);
Insert into MOH_WORKFLOW_SCHEMA.EQUIPMENT (EQUIPMENT_ID,EQUIPMENT_NAME,EQUIPMENT_DESCRIPTION) values (196,'مفاتيح التشغيل والاناره بالجهه اليسري بالإضافة إلي عجلة قياده مائيه والبنزين والفرامل يدار باليد وفاصل حركه هيدروماتيك ',null);
Insert into MOH_WORKFLOW_SCHEMA.EQUIPMENT (EQUIPMENT_ID,EQUIPMENT_NAME,EQUIPMENT_DESCRIPTION) values (197,'مفاتيح التشغيل والاناره بالجهة اليسري بالإضافة إلي عجله قيادة مائية + ناقل سرعة اوتوماتيك',null);
Insert into MOH_WORKFLOW_SCHEMA.EQUIPMENT (EQUIPMENT_ID,EQUIPMENT_NAME,EQUIPMENT_DESCRIPTION) values (198,'مفاتيح التشغيل والاناره بالجهة اليمني بالإضافة إلي عجله قيادة مائية + ناقل سرعة اوتوماتيك',null);
Insert into MOH_WORKFLOW_SCHEMA.EQUIPMENT (EQUIPMENT_ID,EQUIPMENT_NAME,EQUIPMENT_DESCRIPTION) values (199,'البنزين والفرامل يدار باليد وعجلة قياده مائيه وفاصل حركه هيدروماتيك',null);
Insert into MOH_WORKFLOW_SCHEMA.EQUIPMENT (EQUIPMENT_ID,EQUIPMENT_NAME,EQUIPMENT_DESCRIPTION) values (200,'دواسة البنزين والفرامل تدار باليد مع عجلة قياده مائية',null);
Insert into MOH_WORKFLOW_SCHEMA.EQUIPMENT (EQUIPMENT_ID,EQUIPMENT_NAME,EQUIPMENT_DESCRIPTION) values (201,'دواسة البنزين والفرامل تدار باليد وفاصل الحركة يدار باليد أو اوتوماتيك',null);
Insert into MOH_WORKFLOW_SCHEMA.EQUIPMENT (EQUIPMENT_ID,EQUIPMENT_NAME,EQUIPMENT_DESCRIPTION) values (202,'دواسة فاصل الحركة تدار باليد أو اوتوماتيك',null);
Insert into MOH_WORKFLOW_SCHEMA.EQUIPMENT (EQUIPMENT_ID,EQUIPMENT_NAME,EQUIPMENT_DESCRIPTION) values (203,'عجلة قيادة مائية+فاصل حركة اوتوماتيك علي ان تفحص التجهيزات بمعرفة لجنة فنية من ادارة المرور المختصة بشرط القيادة بامان  تنفيذا لحكم المحكمة ',null);
Insert into MOH_WORKFLOW_SCHEMA.EQUIPMENT (EQUIPMENT_ID,EQUIPMENT_NAME,EQUIPMENT_DESCRIPTION) values (204,'مفاتيح التشغيل والاناره بالجهه اليسري بالإضافة إلي عجلة قياده مائيه مزوده ببكره ومنيم بالكف الصناعي+دواسة البنزين والفرامل تدار باليد وفاصل حركه هيدروماتيك ',null);

REM INSERTING into MOH_WORKFLOW_SCHEMA.DOCUMENT_TYPE
SET DEFINE OFF;
Insert into MOH_WORKFLOW_SCHEMA.DOCUMENT_TYPE (DOCUMENT_TYPE_ID,DOCUMENT_TYPE_NAME,DOCUMENT_TYPE_DESCRIPTION) values (2,'صورة شخصية','لا توجد ملاحظات');
Insert into MOH_WORKFLOW_SCHEMA.DOCUMENT_TYPE (DOCUMENT_TYPE_ID,DOCUMENT_TYPE_NAME,DOCUMENT_TYPE_DESCRIPTION) values (3,'شهادة التخرج2','لا توجد ملاحظات2');


REM INSERTING into MOH_WORKFLOW_SCHEMA.DISABILITY
SET DEFINE OFF;
Insert into MOH_WORKFLOW_SCHEMA.DISABILITY (DISABILITY_ID,DISABILITY_NAME,EQUIPMENT_ID,ACCEPTED,DISABILITY_DESCRIPTION) values (373,'تقوس بالعمود الفقري مؤثر علي الطرفين السفليين',200,0,null);
Insert into MOH_WORKFLOW_SCHEMA.DISABILITY (DISABILITY_ID,DISABILITY_NAME,EQUIPMENT_ID,ACCEPTED,DISABILITY_DESCRIPTION) values (374,'تيبس بمفصل الفخذ الايسر وشبه كامل بالركبه اليسري مؤثر',200,0,null);
Insert into MOH_WORKFLOW_SCHEMA.DISABILITY (DISABILITY_ID,DISABILITY_NAME,EQUIPMENT_ID,ACCEPTED,DISABILITY_DESCRIPTION) values (375,'ضعف بالقدم اليمني مؤثر مع عدم وجود كعب',200,0,null);
Insert into MOH_WORKFLOW_SCHEMA.DISABILITY (DISABILITY_ID,DISABILITY_NAME,EQUIPMENT_ID,ACCEPTED,DISABILITY_DESCRIPTION) values (376,'تيبس كامل بالساق اليمني ولايوجد ركبه',200,0,null);
Insert into MOH_WORKFLOW_SCHEMA.DISABILITY (DISABILITY_ID,DISABILITY_NAME,EQUIPMENT_ID,ACCEPTED,DISABILITY_DESCRIPTION) values (377,'شلل اربي ولايوجد ابهام باليد اليمني مع وجود قصر باليد اليمني وقبضه مقبوله والمفاصل فى وضع وظيفي يعمل',200,0,null);
Insert into MOH_WORKFLOW_SCHEMA.DISABILITY (DISABILITY_ID,DISABILITY_NAME,EQUIPMENT_ID,ACCEPTED,DISABILITY_DESCRIPTION) values (378,'تهتك قديم بعضلات الساق اليسري ادي الى تشوه بمفصل الكاحل الايسر والقدم اليسري مع قصر بالطرف',200,0,null);
Insert into MOH_WORKFLOW_SCHEMA.DISABILITY (DISABILITY_ID,DISABILITY_NAME,EQUIPMENT_ID,ACCEPTED,DISABILITY_DESCRIPTION) values (379,'شلل بالطرف السفلي الايمن مع عملية تثبيت للكاحل الايسر',200,0,null);
Insert into MOH_WORKFLOW_SCHEMA.DISABILITY (DISABILITY_ID,DISABILITY_NAME,EQUIPMENT_ID,ACCEPTED,DISABILITY_DESCRIPTION) values (380,'تشوه بالركبة اليمني مؤثر',200,0,null);
Insert into MOH_WORKFLOW_SCHEMA.DISABILITY (DISABILITY_ID,DISABILITY_NAME,EQUIPMENT_ID,ACCEPTED,DISABILITY_DESCRIPTION) values (381,'قصر قامة وطول الجذع مناسب',200,0,null);
Insert into MOH_WORKFLOW_SCHEMA.DISABILITY (DISABILITY_ID,DISABILITY_NAME,EQUIPMENT_ID,ACCEPTED,DISABILITY_DESCRIPTION) values (382,'ضمور بالطرفيين السفليين مؤثر',200,0,null);
Insert into MOH_WORKFLOW_SCHEMA.DISABILITY (DISABILITY_ID,DISABILITY_NAME,EQUIPMENT_ID,ACCEPTED,DISABILITY_DESCRIPTION) values (383,'بتر بالطرف السفلي الايسر وشلل اطفال بالطرف السفلي الايمن',200,0,null);
Insert into MOH_WORKFLOW_SCHEMA.DISABILITY (DISABILITY_ID,DISABILITY_NAME,EQUIPMENT_ID,ACCEPTED,DISABILITY_DESCRIPTION) values (384,'مابعد تغيير مفصلي الركبتين اليمني واليسري',200,0,null);
Insert into MOH_WORKFLOW_SCHEMA.DISABILITY (DISABILITY_ID,DISABILITY_NAME,EQUIPMENT_ID,ACCEPTED,DISABILITY_DESCRIPTION) values (216,'بتر بالطرفين السفليين ',200,1,null);
Insert into MOH_WORKFLOW_SCHEMA.DISABILITY (DISABILITY_ID,DISABILITY_NAME,EQUIPMENT_ID,ACCEPTED,DISABILITY_DESCRIPTION) values (217,'تيبس كامل بمفصل الركبة اليمني يبعد الطرفين السفليين عن الدوسات ',200,1,null);
Insert into MOH_WORKFLOW_SCHEMA.DISABILITY (DISABILITY_ID,DISABILITY_NAME,EQUIPMENT_ID,ACCEPTED,DISABILITY_DESCRIPTION) values (218,'تيبس كامل بمفصل الركبة اليسري يبعد الطرفين السفليين عن الدوسات ',200,1,null);
Insert into MOH_WORKFLOW_SCHEMA.DISABILITY (DISABILITY_ID,DISABILITY_NAME,EQUIPMENT_ID,ACCEPTED,DISABILITY_DESCRIPTION) values (219,'شلل بالطرف السفلي الأيمن مؤثر علي القوة العضلية وحركة المفاصل ',200,1,null);
Insert into MOH_WORKFLOW_SCHEMA.DISABILITY (DISABILITY_ID,DISABILITY_NAME,EQUIPMENT_ID,ACCEPTED,DISABILITY_DESCRIPTION) values (220,'شلل بالطرف السفلي الأيسر مؤثر علي القوة العضلية وحركة المفاصل ',200,1,null);
Insert into MOH_WORKFLOW_SCHEMA.DISABILITY (DISABILITY_ID,DISABILITY_NAME,EQUIPMENT_ID,ACCEPTED,DISABILITY_DESCRIPTION) values (221,'بتر بالطرف السفلي الأيمن مؤثر',200,1,null);
Insert into MOH_WORKFLOW_SCHEMA.DISABILITY (DISABILITY_ID,DISABILITY_NAME,EQUIPMENT_ID,ACCEPTED,DISABILITY_DESCRIPTION) values (222,'بتر بالطرف السفلي الأيسر مؤثر',200,1,null);
Insert into MOH_WORKFLOW_SCHEMA.DISABILITY (DISABILITY_ID,DISABILITY_NAME,EQUIPMENT_ID,ACCEPTED,DISABILITY_DESCRIPTION) values (223,'ضعف بعضلات الطرف السفلي الأيمن مؤثر علي القوة العضلية وحركة المفاصل ',200,1,null);
Insert into MOH_WORKFLOW_SCHEMA.DISABILITY (DISABILITY_ID,DISABILITY_NAME,EQUIPMENT_ID,ACCEPTED,DISABILITY_DESCRIPTION) values (224,'ضعف بعضلات الطرف السفلي الأيسر مؤثر علي القوة العضلية وحركة المفاصل',200,1,null);
Insert into MOH_WORKFLOW_SCHEMA.DISABILITY (DISABILITY_ID,DISABILITY_NAME,EQUIPMENT_ID,ACCEPTED,DISABILITY_DESCRIPTION) values (225,'تيبس بالكاحل الأيمن مؤثر',200,1,null);
Insert into MOH_WORKFLOW_SCHEMA.DISABILITY (DISABILITY_ID,DISABILITY_NAME,EQUIPMENT_ID,ACCEPTED,DISABILITY_DESCRIPTION) values (226,'تيبس بالكاحل الأيسر مؤثر',200,1,null);
Insert into MOH_WORKFLOW_SCHEMA.DISABILITY (DISABILITY_ID,DISABILITY_NAME,EQUIPMENT_ID,ACCEPTED,DISABILITY_DESCRIPTION) values (227,'سقوط بالقدم اليمني مؤثر',200,1,null);
Insert into MOH_WORKFLOW_SCHEMA.DISABILITY (DISABILITY_ID,DISABILITY_NAME,EQUIPMENT_ID,ACCEPTED,DISABILITY_DESCRIPTION) values (228,'سقوط بالقدم اليسري مؤثر',200,1,null);
Insert into MOH_WORKFLOW_SCHEMA.DISABILITY (DISABILITY_ID,DISABILITY_NAME,EQUIPMENT_ID,ACCEPTED,DISABILITY_DESCRIPTION) values (229,'بتر بالطرف العلوي الأيمن ويرتدي طرف صناعي وظيفي يعمل',200,1,null);
Insert into MOH_WORKFLOW_SCHEMA.DISABILITY (DISABILITY_ID,DISABILITY_NAME,EQUIPMENT_ID,ACCEPTED,DISABILITY_DESCRIPTION) values (230,'بتر بالطرف العلوي الأيسر ويرتدي طرف صناعي  وظيفي يعمل',200,1,null);
Insert into MOH_WORKFLOW_SCHEMA.DISABILITY (DISABILITY_ID,DISABILITY_NAME,EQUIPMENT_ID,ACCEPTED,DISABILITY_DESCRIPTION) values (231,'شلل اربسي بالطرف العلوي الأيمن وحركة المفاصل في وضع وظيفي والقبضة مقبوله',200,1,null);
Insert into MOH_WORKFLOW_SCHEMA.DISABILITY (DISABILITY_ID,DISABILITY_NAME,EQUIPMENT_ID,ACCEPTED,DISABILITY_DESCRIPTION) values (232,'شلل اربسي بالطرف العلوي الأيسر وحركة المفاصل في وضع وظيفي والقبضة مقبوله',200,1,null);
Insert into MOH_WORKFLOW_SCHEMA.DISABILITY (DISABILITY_ID,DISABILITY_NAME,EQUIPMENT_ID,ACCEPTED,DISABILITY_DESCRIPTION) values (233,'شلل بالطرف السفلي الأيمن مؤثر مع تحديد بسيط بمفصل الكتف الأيمن غير مؤثر والذراع في وضع وظيفي',200,1,null);
Insert into MOH_WORKFLOW_SCHEMA.DISABILITY (DISABILITY_ID,DISABILITY_NAME,EQUIPMENT_ID,ACCEPTED,DISABILITY_DESCRIPTION) values (234,'شلل بالطرف السفلي الأيسر مؤثر مع تحديد بسيط بمفصل الكتف الأيمن غير مؤثر والذراع في وضع وظيفي',200,1,null);
Insert into MOH_WORKFLOW_SCHEMA.DISABILITY (DISABILITY_ID,DISABILITY_NAME,EQUIPMENT_ID,ACCEPTED,DISABILITY_DESCRIPTION) values (235,'بتر بالقدم اليمني مؤثر',200,1,null);
Insert into MOH_WORKFLOW_SCHEMA.DISABILITY (DISABILITY_ID,DISABILITY_NAME,EQUIPMENT_ID,ACCEPTED,DISABILITY_DESCRIPTION) values (236,'بتر بالقدم اليسري مؤثر',200,1,null);
Insert into MOH_WORKFLOW_SCHEMA.DISABILITY (DISABILITY_ID,DISABILITY_NAME,EQUIPMENT_ID,ACCEPTED,DISABILITY_DESCRIPTION) values (237,'تشوه وتيبس جزئي بالكاحلين مؤثر',200,1,null);
Insert into MOH_WORKFLOW_SCHEMA.DISABILITY (DISABILITY_ID,DISABILITY_NAME,EQUIPMENT_ID,ACCEPTED,DISABILITY_DESCRIPTION) values (238,'تشوه بالكاحل الايسر مؤثر',200,1,null);
Insert into MOH_WORKFLOW_SCHEMA.DISABILITY (DISABILITY_ID,DISABILITY_NAME,EQUIPMENT_ID,ACCEPTED,DISABILITY_DESCRIPTION) values (239,'تشوه بالكاحل الايمن مؤثر',200,1,null);
Insert into MOH_WORKFLOW_SCHEMA.DISABILITY (DISABILITY_ID,DISABILITY_NAME,EQUIPMENT_ID,ACCEPTED,DISABILITY_DESCRIPTION) values (240,'تشوه بالساقين مؤثر',200,1,null);
Insert into MOH_WORKFLOW_SCHEMA.DISABILITY (DISABILITY_ID,DISABILITY_NAME,EQUIPMENT_ID,ACCEPTED,DISABILITY_DESCRIPTION) values (241,'تحديد شبه كامل بحركة الركبه اليمني وتحديد بحركة الكاحل الايمن مؤثر',200,1,null);
Insert into MOH_WORKFLOW_SCHEMA.DISABILITY (DISABILITY_ID,DISABILITY_NAME,EQUIPMENT_ID,ACCEPTED,DISABILITY_DESCRIPTION) values (242,'بتر بالطرف السفلي الايمن مع ترقيع الشرايين للساق اليسري مؤثر',200,1,null);
Insert into MOH_WORKFLOW_SCHEMA.DISABILITY (DISABILITY_ID,DISABILITY_NAME,EQUIPMENT_ID,ACCEPTED,DISABILITY_DESCRIPTION) values (243,'ضعف شديد بالساق اليمني',200,1,null);
Insert into MOH_WORKFLOW_SCHEMA.DISABILITY (DISABILITY_ID,DISABILITY_NAME,EQUIPMENT_ID,ACCEPTED,DISABILITY_DESCRIPTION) values (244,'قدم يمني مخلبيه',200,1,null);
Insert into MOH_WORKFLOW_SCHEMA.DISABILITY (DISABILITY_ID,DISABILITY_NAME,EQUIPMENT_ID,ACCEPTED,DISABILITY_DESCRIPTION) values (245,'بتر تحت الركبه اليسري + تحديد كامل بالكاحل الايمن',200,1,null);
Insert into MOH_WORKFLOW_SCHEMA.DISABILITY (DISABILITY_ID,DISABILITY_NAME,EQUIPMENT_ID,ACCEPTED,DISABILITY_DESCRIPTION) values (246,'التهاب بالاعصاب الطرفيه للساقين',200,1,null);
Insert into MOH_WORKFLOW_SCHEMA.DISABILITY (DISABILITY_ID,DISABILITY_NAME,EQUIPMENT_ID,ACCEPTED,DISABILITY_DESCRIPTION) values (247,'قصر شديد بالطرف السفلي الايسر مؤثر',200,1,null);
Insert into MOH_WORKFLOW_SCHEMA.DISABILITY (DISABILITY_ID,DISABILITY_NAME,EQUIPMENT_ID,ACCEPTED,DISABILITY_DESCRIPTION) values (248,'سقوط بالقدم اليسري مع اعوجاج داخلي خلقي بالكاحل بالقدم اليمني',200,1,null);
Insert into MOH_WORKFLOW_SCHEMA.DISABILITY (DISABILITY_ID,DISABILITY_NAME,EQUIPMENT_ID,ACCEPTED,DISABILITY_DESCRIPTION) values (249,'شلل بالطرف السفلي الايسر مع اصابه مؤثره بالطرف السفلي الايمن',200,1,null);
Insert into MOH_WORKFLOW_SCHEMA.DISABILITY (DISABILITY_ID,DISABILITY_NAME,EQUIPMENT_ID,ACCEPTED,DISABILITY_DESCRIPTION) values (250,'تيبس بمفصل الحوض الايمن مع اعوجاج فى وضع غير وظيفي للركبه اليمني',200,1,null);
Insert into MOH_WORKFLOW_SCHEMA.DISABILITY (DISABILITY_ID,DISABILITY_NAME,EQUIPMENT_ID,ACCEPTED,DISABILITY_DESCRIPTION) values (251,'تيبس جزئي بالركبه اليمني',200,1,null);
Insert into MOH_WORKFLOW_SCHEMA.DISABILITY (DISABILITY_ID,DISABILITY_NAME,EQUIPMENT_ID,ACCEPTED,DISABILITY_DESCRIPTION) values (252,'ضمور خلقي بأصابع اليد اليمني ماعدا الابهام ويوجد قبضة مقبولة',200,1,null);
Insert into MOH_WORKFLOW_SCHEMA.DISABILITY (DISABILITY_ID,DISABILITY_NAME,EQUIPMENT_ID,ACCEPTED,DISABILITY_DESCRIPTION) values (253,'تحديد بمفصل الركبة اليسري مؤثر',200,1,null);
Insert into MOH_WORKFLOW_SCHEMA.DISABILITY (DISABILITY_ID,DISABILITY_NAME,EQUIPMENT_ID,ACCEPTED,DISABILITY_DESCRIPTION) values (254,'تشوه بالطرفيين السفليين مع قصر شديد بهما',200,1,null);
Insert into MOH_WORKFLOW_SCHEMA.DISABILITY (DISABILITY_ID,DISABILITY_NAME,EQUIPMENT_ID,ACCEPTED,DISABILITY_DESCRIPTION) values (255,'إصابة بالضفيره العصبية للذراع الايمن والمفاصل فى وضع وظيفي يعمل والقبضة مقبوله',200,1,null);
Insert into MOH_WORKFLOW_SCHEMA.DISABILITY (DISABILITY_ID,DISABILITY_NAME,EQUIPMENT_ID,ACCEPTED,DISABILITY_DESCRIPTION) values (256,'شلل بالطرفين السفليين مؤثر علي القوة العضلية وحركة المفاصل ',200,1,null);
Insert into MOH_WORKFLOW_SCHEMA.DISABILITY (DISABILITY_ID,DISABILITY_NAME,EQUIPMENT_ID,ACCEPTED,DISABILITY_DESCRIPTION) values (257,'تشوه بالقدم اليمني مؤثر',200,1,null);
Insert into MOH_WORKFLOW_SCHEMA.DISABILITY (DISABILITY_ID,DISABILITY_NAME,EQUIPMENT_ID,ACCEPTED,DISABILITY_DESCRIPTION) values (258,'تشوه بالقدمين مؤثر',200,1,null);
Insert into MOH_WORKFLOW_SCHEMA.DISABILITY (DISABILITY_ID,DISABILITY_NAME,EQUIPMENT_ID,ACCEPTED,DISABILITY_DESCRIPTION) values (259,'تأكل بمفصلي الكاحلين نتيجة ارتفاع السكر',200,1,null);
Insert into MOH_WORKFLOW_SCHEMA.DISABILITY (DISABILITY_ID,DISABILITY_NAME,EQUIPMENT_ID,ACCEPTED,DISABILITY_DESCRIPTION) values (260,'شلل بالطرف السفلي الايمن مؤثر واعوجاج خارجي شديد بالقدم اليسري',200,1,null);
Insert into MOH_WORKFLOW_SCHEMA.DISABILITY (DISABILITY_ID,DISABILITY_NAME,EQUIPMENT_ID,ACCEPTED,DISABILITY_DESCRIPTION) values (261,'تحديد كامل بمفصل الكاحل الايمن مع تحديد بحركة الركبه اليمني مؤثر',200,1,null);
Insert into MOH_WORKFLOW_SCHEMA.DISABILITY (DISABILITY_ID,DISABILITY_NAME,EQUIPMENT_ID,ACCEPTED,DISABILITY_DESCRIPTION) values (262,'تحديد كامل بمفصل الكاحل الايسر مع تحديد بحركة الركبه اليسري مؤثر',200,1,null);
Insert into MOH_WORKFLOW_SCHEMA.DISABILITY (DISABILITY_ID,DISABILITY_NAME,EQUIPMENT_ID,ACCEPTED,DISABILITY_DESCRIPTION) values (263,'ضمور بالكف ويرتدي جهاز وظيفي يعمل',200,1,null);
Insert into MOH_WORKFLOW_SCHEMA.DISABILITY (DISABILITY_ID,DISABILITY_NAME,EQUIPMENT_ID,ACCEPTED,DISABILITY_DESCRIPTION) values (264,'شلل بالطرف السفلي الايسر مع شلل بالطرف العلوي الايمن والقبضة مقبوله',200,1,null);
Insert into MOH_WORKFLOW_SCHEMA.DISABILITY (DISABILITY_ID,DISABILITY_NAME,EQUIPMENT_ID,ACCEPTED,DISABILITY_DESCRIPTION) values (265,'تركيب عدد ( 2 ) مفصل صناعي بالحوض',200,1,null);
Insert into MOH_WORKFLOW_SCHEMA.DISABILITY (DISABILITY_ID,DISABILITY_NAME,EQUIPMENT_ID,ACCEPTED,DISABILITY_DESCRIPTION) values (266,'تشوه خلقي بالطرف العلوي الايمن ويرتدي طرف وظيفي يعمل',200,1,null);
Insert into MOH_WORKFLOW_SCHEMA.DISABILITY (DISABILITY_ID,DISABILITY_NAME,EQUIPMENT_ID,ACCEPTED,DISABILITY_DESCRIPTION) values (267,'ضعف بعضلات الطرف العلوي الايمن مؤثر ويوجد قبضه مقبوله والطرف فى وضع وظيفي يعمل',200,1,null);
Insert into MOH_WORKFLOW_SCHEMA.DISABILITY (DISABILITY_ID,DISABILITY_NAME,EQUIPMENT_ID,ACCEPTED,DISABILITY_DESCRIPTION) values (268,'شلل أطفال بالطرف العلوي الايمن ويوجد قبضة مقبولة',200,1,null);
Insert into MOH_WORKFLOW_SCHEMA.DISABILITY (DISABILITY_ID,DISABILITY_NAME,EQUIPMENT_ID,ACCEPTED,DISABILITY_DESCRIPTION) values (269,'شلل أطفال بالطرف العلوي الايسر ويوجد قبضة مقبولة',200,1,null);
Insert into MOH_WORKFLOW_SCHEMA.DISABILITY (DISABILITY_ID,DISABILITY_NAME,EQUIPMENT_ID,ACCEPTED,DISABILITY_DESCRIPTION) values (270,'بتر باصابع اليد اليسري عدا الابهام ويوجد قبضة مقبولة',200,1,null);
Insert into MOH_WORKFLOW_SCHEMA.DISABILITY (DISABILITY_ID,DISABILITY_NAME,EQUIPMENT_ID,ACCEPTED,DISABILITY_DESCRIPTION) values (271,'ضعف بعضلات الطرف العلوي الايسر مؤثر ويوجد قبضه مقبوله والطرف فى وضع وظيفي يعمل',200,1,null);
Insert into MOH_WORKFLOW_SCHEMA.DISABILITY (DISABILITY_ID,DISABILITY_NAME,EQUIPMENT_ID,ACCEPTED,DISABILITY_DESCRIPTION) values (272,'قدم شاركوت بالطرفين السفليين',200,1,null);
Insert into MOH_WORKFLOW_SCHEMA.DISABILITY (DISABILITY_ID,DISABILITY_NAME,EQUIPMENT_ID,ACCEPTED,DISABILITY_DESCRIPTION) values (273,'ضعف وشلل بالطرف السفلي الايمن مع تشوه بالقدم اليسري',200,1,null);
Insert into MOH_WORKFLOW_SCHEMA.DISABILITY (DISABILITY_ID,DISABILITY_NAME,EQUIPMENT_ID,ACCEPTED,DISABILITY_DESCRIPTION) values (274,'تيبس بالركبه اليسري مؤثر',200,1,null);
Insert into MOH_WORKFLOW_SCHEMA.DISABILITY (DISABILITY_ID,DISABILITY_NAME,EQUIPMENT_ID,ACCEPTED,DISABILITY_DESCRIPTION) values (275,'عيب خلقي بالساقين مؤثر ويرتدي جهاز خاص',200,1,null);
Insert into MOH_WORKFLOW_SCHEMA.DISABILITY (DISABILITY_ID,DISABILITY_NAME,EQUIPMENT_ID,ACCEPTED,DISABILITY_DESCRIPTION) values (276,'قصر شديد بالطرف السفلي الايمن مؤثر',200,1,null);
Insert into MOH_WORKFLOW_SCHEMA.DISABILITY (DISABILITY_ID,DISABILITY_NAME,EQUIPMENT_ID,ACCEPTED,DISABILITY_DESCRIPTION) values (277,'بتر بالطرف العلوي الايسر ويرتدي طرف وظيفي يعمل + ويرتدي سماعه طبيه ',200,1,null);
Insert into MOH_WORKFLOW_SCHEMA.DISABILITY (DISABILITY_ID,DISABILITY_NAME,EQUIPMENT_ID,ACCEPTED,DISABILITY_DESCRIPTION) values (278,'قدم يسري مخلبيه',200,1,null);
Insert into MOH_WORKFLOW_SCHEMA.DISABILITY (DISABILITY_ID,DISABILITY_NAME,EQUIPMENT_ID,ACCEPTED,DISABILITY_DESCRIPTION) values (279,'تشوه خلقي بالكف الايسر ويرتدي جهاز وظيفي يعمل',200,1,null);
Insert into MOH_WORKFLOW_SCHEMA.DISABILITY (DISABILITY_ID,DISABILITY_NAME,EQUIPMENT_ID,ACCEPTED,DISABILITY_DESCRIPTION) values (280,'كسر بالفخذين مؤثر',200,1,null);
Insert into MOH_WORKFLOW_SCHEMA.DISABILITY (DISABILITY_ID,DISABILITY_NAME,EQUIPMENT_ID,ACCEPTED,DISABILITY_DESCRIPTION) values (281,'تيبس بمفصل الركبه اليمني مؤثر',200,1,null);
Insert into MOH_WORKFLOW_SCHEMA.DISABILITY (DISABILITY_ID,DISABILITY_NAME,EQUIPMENT_ID,ACCEPTED,DISABILITY_DESCRIPTION) values (282,'سقوط بالقدمين',200,1,null);
Insert into MOH_WORKFLOW_SCHEMA.DISABILITY (DISABILITY_ID,DISABILITY_NAME,EQUIPMENT_ID,ACCEPTED,DISABILITY_DESCRIPTION) values (283,'تشوه بالقدمين والساقين مؤثر',200,1,null);
Insert into MOH_WORKFLOW_SCHEMA.DISABILITY (DISABILITY_ID,DISABILITY_NAME,EQUIPMENT_ID,ACCEPTED,DISABILITY_DESCRIPTION) values (284,'تشوه بالساق اليمني مؤثر',200,1,null);
Insert into MOH_WORKFLOW_SCHEMA.DISABILITY (DISABILITY_ID,DISABILITY_NAME,EQUIPMENT_ID,ACCEPTED,DISABILITY_DESCRIPTION) values (285,'تشوه بالقدم والساق اليمني مؤثر',200,1,null);
Insert into MOH_WORKFLOW_SCHEMA.DISABILITY (DISABILITY_ID,DISABILITY_NAME,EQUIPMENT_ID,ACCEPTED,DISABILITY_DESCRIPTION) values (286,'تشوه بالقدم اليسري مؤثر',200,1,null);
Insert into MOH_WORKFLOW_SCHEMA.DISABILITY (DISABILITY_ID,DISABILITY_NAME,EQUIPMENT_ID,ACCEPTED,DISABILITY_DESCRIPTION) values (287,'تشوه بالساق اليسري مؤثر',200,1,null);
Insert into MOH_WORKFLOW_SCHEMA.DISABILITY (DISABILITY_ID,DISABILITY_NAME,EQUIPMENT_ID,ACCEPTED,DISABILITY_DESCRIPTION) values (288,'تيبس بالركبتين مؤثر',200,1,null);
Insert into MOH_WORKFLOW_SCHEMA.DISABILITY (DISABILITY_ID,DISABILITY_NAME,EQUIPMENT_ID,ACCEPTED,DISABILITY_DESCRIPTION) values (289,'ضعف بعضلات الطرفين السفليين',200,1,null);
Insert into MOH_WORKFLOW_SCHEMA.DISABILITY (DISABILITY_ID,DISABILITY_NAME,EQUIPMENT_ID,ACCEPTED,DISABILITY_DESCRIPTION) values (290,'اعوجاج بالقدمين مؤثر',200,1,null);
Insert into MOH_WORKFLOW_SCHEMA.DISABILITY (DISABILITY_ID,DISABILITY_NAME,EQUIPMENT_ID,ACCEPTED,DISABILITY_DESCRIPTION) values (291,'بتر بالطرف السفلي الايسر + قدم شاركوت ايمن',200,1,null);
Insert into MOH_WORKFLOW_SCHEMA.DISABILITY (DISABILITY_ID,DISABILITY_NAME,EQUIPMENT_ID,ACCEPTED,DISABILITY_DESCRIPTION) values (292,'تيبس بمفصل الكوع الايمن',200,1,null);
Insert into MOH_WORKFLOW_SCHEMA.DISABILITY (DISABILITY_ID,DISABILITY_NAME,EQUIPMENT_ID,ACCEPTED,DISABILITY_DESCRIPTION) values (293,'تيبس بمفصل الكوع الايسر',200,1,null);
Insert into MOH_WORKFLOW_SCHEMA.DISABILITY (DISABILITY_ID,DISABILITY_NAME,EQUIPMENT_ID,ACCEPTED,DISABILITY_DESCRIPTION) values (294,'تيبس كامل بالكاحلين مؤثر',200,1,null);
Insert into MOH_WORKFLOW_SCHEMA.DISABILITY (DISABILITY_ID,DISABILITY_NAME,EQUIPMENT_ID,ACCEPTED,DISABILITY_DESCRIPTION) values (295,'تيبس كامل بمفصل الفخذ الايسر + تيبس جزئي بمفصل الركبه اليسري',200,1,null);
Insert into MOH_WORKFLOW_SCHEMA.DISABILITY (DISABILITY_ID,DISABILITY_NAME,EQUIPMENT_ID,ACCEPTED,DISABILITY_DESCRIPTION) values (296,'ضعف بالطرف السفلي الايسر مؤثر',200,1,null);
Insert into MOH_WORKFLOW_SCHEMA.DISABILITY (DISABILITY_ID,DISABILITY_NAME,EQUIPMENT_ID,ACCEPTED,DISABILITY_DESCRIPTION) values (297,'بتر بمنتصف القدم اليسري',200,1,null);
Insert into MOH_WORKFLOW_SCHEMA.DISABILITY (DISABILITY_ID,DISABILITY_NAME,EQUIPMENT_ID,ACCEPTED,DISABILITY_DESCRIPTION) values (298,'بتر بمنتصف القدم اليمني',200,1,null);
Insert into MOH_WORKFLOW_SCHEMA.DISABILITY (DISABILITY_ID,DISABILITY_NAME,EQUIPMENT_ID,ACCEPTED,DISABILITY_DESCRIPTION) values (299,'بتر بمنتصف القدمين',200,1,null);
Insert into MOH_WORKFLOW_SCHEMA.DISABILITY (DISABILITY_ID,DISABILITY_NAME,EQUIPMENT_ID,ACCEPTED,DISABILITY_DESCRIPTION) values (300,'سقوط بالقدم اليسري مع تحديد جزئي بالركبه اليمني مؤثر',200,1,null);
Insert into MOH_WORKFLOW_SCHEMA.DISABILITY (DISABILITY_ID,DISABILITY_NAME,EQUIPMENT_ID,ACCEPTED,DISABILITY_DESCRIPTION) values (301,'شلل اربسي بالطرف العلوي الأيسر وحركة المفاصل في وضع وظيفي والقبضة مقبوله وشلل بالطرف السفلي الايمن مؤثر',200,1,null);
Insert into MOH_WORKFLOW_SCHEMA.DISABILITY (DISABILITY_ID,DISABILITY_NAME,EQUIPMENT_ID,ACCEPTED,DISABILITY_DESCRIPTION) values (302,'تيبس فى مفصلين بالساق اليسري',200,1,null);
Insert into MOH_WORKFLOW_SCHEMA.DISABILITY (DISABILITY_ID,DISABILITY_NAME,EQUIPMENT_ID,ACCEPTED,DISABILITY_DESCRIPTION) values (303,'تيبس فى مفصلين بالساق اليمني',200,1,null);
Insert into MOH_WORKFLOW_SCHEMA.DISABILITY (DISABILITY_ID,DISABILITY_NAME,EQUIPMENT_ID,ACCEPTED,DISABILITY_DESCRIPTION) values (304,'شلل بأعصاب الطرف العلوي الايسر مع وجود قبضه مقبوله ومفاصل الطرف فى وضع وظيفي يعمل',200,1,null);
Insert into MOH_WORKFLOW_SCHEMA.DISABILITY (DISABILITY_ID,DISABILITY_NAME,EQUIPMENT_ID,ACCEPTED,DISABILITY_DESCRIPTION) values (305,'شلل بالطرف السفلي الأيمن مؤثر علي القوة العضلية وحركة المفاصل مع سقوط بالقدم اليسري',200,1,null);
Insert into MOH_WORKFLOW_SCHEMA.DISABILITY (DISABILITY_ID,DISABILITY_NAME,EQUIPMENT_ID,ACCEPTED,DISABILITY_DESCRIPTION) values (306,'شلل بالطرف السفلي الأيسر مؤثر علي القوة العضلية وحركة المفاصل مع سقوط بالقدم اليمني',200,1,null);
Insert into MOH_WORKFLOW_SCHEMA.DISABILITY (DISABILITY_ID,DISABILITY_NAME,EQUIPMENT_ID,ACCEPTED,DISABILITY_DESCRIPTION) values (307,'شلل بالطرف السفلي الأيمن مؤثر علي القوة العضلية وحركة المفاصل مع سقوط بالقدم',200,1,null);
Insert into MOH_WORKFLOW_SCHEMA.DISABILITY (DISABILITY_ID,DISABILITY_NAME,EQUIPMENT_ID,ACCEPTED,DISABILITY_DESCRIPTION) values (308,'شلل بالطرف السفلي الأيسر مؤثر علي القوة العضلية وحركة المفاصل مع سقوط بالقدم',200,1,null);
Insert into MOH_WORKFLOW_SCHEMA.DISABILITY (DISABILITY_ID,DISABILITY_NAME,EQUIPMENT_ID,ACCEPTED,DISABILITY_DESCRIPTION) values (309,'دواسة فاصل الحركة تدار باليد أو اوتوماتيك ',200,1,null);
Insert into MOH_WORKFLOW_SCHEMA.DISABILITY (DISABILITY_ID,DISABILITY_NAME,EQUIPMENT_ID,ACCEPTED,DISABILITY_DESCRIPTION) values (310,'مابعد تغيير مفصلي الفخذين بمفصلين صناعيين',200,1,null);
Insert into MOH_WORKFLOW_SCHEMA.DISABILITY (DISABILITY_ID,DISABILITY_NAME,EQUIPMENT_ID,ACCEPTED,DISABILITY_DESCRIPTION) values (311,'تغيير مفصلي الفخذ والركبه ',200,1,null);
Insert into MOH_WORKFLOW_SCHEMA.DISABILITY (DISABILITY_ID,DISABILITY_NAME,EQUIPMENT_ID,ACCEPTED,DISABILITY_DESCRIPTION) values (312,'عيب خلقي باليد اليمني (غياب الكف والاصابع) ويرتدي جهاز وظيفي يعمل',200,1,null);
Insert into MOH_WORKFLOW_SCHEMA.DISABILITY (DISABILITY_ID,DISABILITY_NAME,EQUIPMENT_ID,ACCEPTED,DISABILITY_DESCRIPTION) values (313,'تغيير مفصلي الحوض والركبه ',200,1,null);
Insert into MOH_WORKFLOW_SCHEMA.DISABILITY (DISABILITY_ID,DISABILITY_NAME,EQUIPMENT_ID,ACCEPTED,DISABILITY_DESCRIPTION) values (314,'تشوه باليد اليسري ويرتدي جهاز وظيفي يعمل',200,1,null);
Insert into MOH_WORKFLOW_SCHEMA.DISABILITY (DISABILITY_ID,DISABILITY_NAME,EQUIPMENT_ID,ACCEPTED,DISABILITY_DESCRIPTION) values (315,'بتر باصابع اليد اليمني',200,1,null);
Insert into MOH_WORKFLOW_SCHEMA.DISABILITY (DISABILITY_ID,DISABILITY_NAME,EQUIPMENT_ID,ACCEPTED,DISABILITY_DESCRIPTION) values (316,'عيب خلقي باليد اليمني',200,1,null);
Insert into MOH_WORKFLOW_SCHEMA.DISABILITY (DISABILITY_ID,DISABILITY_NAME,EQUIPMENT_ID,ACCEPTED,DISABILITY_DESCRIPTION) values (317,'بتر باليد اليمني ويرتدي طرف وظيفي يعمل',200,0,null);
Insert into MOH_WORKFLOW_SCHEMA.DISABILITY (DISABILITY_ID,DISABILITY_NAME,EQUIPMENT_ID,ACCEPTED,DISABILITY_DESCRIPTION) values (318,'ورم ساركومي بالطرف العلوي الايمن مع تغيير مفصل الكتف ويوجد ضعف بالذراع الايمن',200,0,null);
Insert into MOH_WORKFLOW_SCHEMA.DISABILITY (DISABILITY_ID,DISABILITY_NAME,EQUIPMENT_ID,ACCEPTED,DISABILITY_DESCRIPTION) values (319,'تشوه بالطرف العلوي الايمن ويرتدي جهاز وظيفي يعمل',200,0,null);
Insert into MOH_WORKFLOW_SCHEMA.DISABILITY (DISABILITY_ID,DISABILITY_NAME,EQUIPMENT_ID,ACCEPTED,DISABILITY_DESCRIPTION) values (320,'تشوه بالطرف العلوي الايسر ويرتدي جهاز وظيفي يعمل',200,0,null);
Insert into MOH_WORKFLOW_SCHEMA.DISABILITY (DISABILITY_ID,DISABILITY_NAME,EQUIPMENT_ID,ACCEPTED,DISABILITY_DESCRIPTION) values (321,'تشوه خلقي باليد اليسري ويرتدي جهاز وظيفي يعمل ',200,0,null);
Insert into MOH_WORKFLOW_SCHEMA.DISABILITY (DISABILITY_ID,DISABILITY_NAME,EQUIPMENT_ID,ACCEPTED,DISABILITY_DESCRIPTION) values (322,'تشوه خلقي باليدين والساقين مع قصر شديد بالذراعين والساقين ولا توجد قبضه باليدين',200,0,null);
Insert into MOH_WORKFLOW_SCHEMA.DISABILITY (DISABILITY_ID,DISABILITY_NAME,EQUIPMENT_ID,ACCEPTED,DISABILITY_DESCRIPTION) values (323,'بتر بالقدمين',200,0,null);
Insert into MOH_WORKFLOW_SCHEMA.DISABILITY (DISABILITY_ID,DISABILITY_NAME,EQUIPMENT_ID,ACCEPTED,DISABILITY_DESCRIPTION) values (324,'طول الجذع 80 سم مع قصر بالقامه والاطراف السفليه',200,0,null);
Insert into MOH_WORKFLOW_SCHEMA.DISABILITY (DISABILITY_ID,DISABILITY_NAME,EQUIPMENT_ID,ACCEPTED,DISABILITY_DESCRIPTION) values (325,'اصابه قديمه باعصاب الكف الايسر',200,0,null);
Insert into MOH_WORKFLOW_SCHEMA.DISABILITY (DISABILITY_ID,DISABILITY_NAME,EQUIPMENT_ID,ACCEPTED,DISABILITY_DESCRIPTION) values (326,'بتر باصابع اليد اليسري',200,0,null);
Insert into MOH_WORKFLOW_SCHEMA.DISABILITY (DISABILITY_ID,DISABILITY_NAME,EQUIPMENT_ID,ACCEPTED,DISABILITY_DESCRIPTION) values (327,'تشوه خلقي بالذراع الايسر ويرتدي جهاز وظيفي يعمل',200,0,null);
Insert into MOH_WORKFLOW_SCHEMA.DISABILITY (DISABILITY_ID,DISABILITY_NAME,EQUIPMENT_ID,ACCEPTED,DISABILITY_DESCRIPTION) values (328,'تيبس كامل بالاصبع الاول والثاني والثالث وبتر للعقله الطرفيه والوسطي للاصبع الثالث ',200,0,null);
Insert into MOH_WORKFLOW_SCHEMA.DISABILITY (DISABILITY_ID,DISABILITY_NAME,EQUIPMENT_ID,ACCEPTED,DISABILITY_DESCRIPTION) values (329,'تشوه خلقي باليد اليمني ويرتدي جهاز وظيفي يعمل',200,0,null);
Insert into MOH_WORKFLOW_SCHEMA.DISABILITY (DISABILITY_ID,DISABILITY_NAME,EQUIPMENT_ID,ACCEPTED,DISABILITY_DESCRIPTION) values (330,'تيبس كامل بمفصل الفخذ الايمن',200,0,null);
Insert into MOH_WORKFLOW_SCHEMA.DISABILITY (DISABILITY_ID,DISABILITY_NAME,EQUIPMENT_ID,ACCEPTED,DISABILITY_DESCRIPTION) values (331,'تيبس بالركبه اليمني مؤثر',200,0,null);
Insert into MOH_WORKFLOW_SCHEMA.DISABILITY (DISABILITY_ID,DISABILITY_NAME,EQUIPMENT_ID,ACCEPTED,DISABILITY_DESCRIPTION) values (332,'تحديد بمفصل الركبة اليمني مؤثر',200,0,null);
Insert into MOH_WORKFLOW_SCHEMA.DISABILITY (DISABILITY_ID,DISABILITY_NAME,EQUIPMENT_ID,ACCEPTED,DISABILITY_DESCRIPTION) values (333,'بتر باصابع اليد اليسري ويرتدي جهاز وظيفي يعمل',200,0,null);
Insert into MOH_WORKFLOW_SCHEMA.DISABILITY (DISABILITY_ID,DISABILITY_NAME,EQUIPMENT_ID,ACCEPTED,DISABILITY_DESCRIPTION) values (334,'بتر باصابع اليد اليمني ويرتدي جهاز وظيفي يعمل',200,0,null);
Insert into MOH_WORKFLOW_SCHEMA.DISABILITY (DISABILITY_ID,DISABILITY_NAME,EQUIPMENT_ID,ACCEPTED,DISABILITY_DESCRIPTION) values (335,'تشوه باليد اليمني ويرتدي جهاز وظيفي يعمل',200,0,null);
Insert into MOH_WORKFLOW_SCHEMA.DISABILITY (DISABILITY_ID,DISABILITY_NAME,EQUIPMENT_ID,ACCEPTED,DISABILITY_DESCRIPTION) values (336,'قصر بالطرفين السفليين',200,0,null);
Insert into MOH_WORKFLOW_SCHEMA.DISABILITY (DISABILITY_ID,DISABILITY_NAME,EQUIPMENT_ID,ACCEPTED,DISABILITY_DESCRIPTION) values (337,'تثبيت الكاحل الايمن',200,0,null);
Insert into MOH_WORKFLOW_SCHEMA.DISABILITY (DISABILITY_ID,DISABILITY_NAME,EQUIPMENT_ID,ACCEPTED,DISABILITY_DESCRIPTION) values (338,'بتر بمشطيات القدمين',200,0,null);
Insert into MOH_WORKFLOW_SCHEMA.DISABILITY (DISABILITY_ID,DISABILITY_NAME,EQUIPMENT_ID,ACCEPTED,DISABILITY_DESCRIPTION) values (339,'بتر بمشطيات القدم اليمني',200,0,null);
Insert into MOH_WORKFLOW_SCHEMA.DISABILITY (DISABILITY_ID,DISABILITY_NAME,EQUIPMENT_ID,ACCEPTED,DISABILITY_DESCRIPTION) values (340,'بتر بمشطيات القدم اليسري',200,0,null);
Insert into MOH_WORKFLOW_SCHEMA.DISABILITY (DISABILITY_ID,DISABILITY_NAME,EQUIPMENT_ID,ACCEPTED,DISABILITY_DESCRIPTION) values (341,'بتر باصابع اليد اليمني عدا الابهام ويوجد قبضة مقبولة',200,0,null);
Insert into MOH_WORKFLOW_SCHEMA.DISABILITY (DISABILITY_ID,DISABILITY_NAME,EQUIPMENT_ID,ACCEPTED,DISABILITY_DESCRIPTION) values (342,'بتر خلقي بالطرف العلوي الايمن',200,0,null);
Insert into MOH_WORKFLOW_SCHEMA.DISABILITY (DISABILITY_ID,DISABILITY_NAME,EQUIPMENT_ID,ACCEPTED,DISABILITY_DESCRIPTION) values (343,'بتر خلقي بالطرف العلوي الايسر',200,0,null);
Insert into MOH_WORKFLOW_SCHEMA.DISABILITY (DISABILITY_ID,DISABILITY_NAME,EQUIPMENT_ID,ACCEPTED,DISABILITY_DESCRIPTION) values (344,'خذل بالطرفين السفليين',200,0,null);
Insert into MOH_WORKFLOW_SCHEMA.DISABILITY (DISABILITY_ID,DISABILITY_NAME,EQUIPMENT_ID,ACCEPTED,DISABILITY_DESCRIPTION) values (345,'تيبس بمفاصل الطرف السفلي الايسر مؤثر',200,0,null);
Insert into MOH_WORKFLOW_SCHEMA.DISABILITY (DISABILITY_ID,DISABILITY_NAME,EQUIPMENT_ID,ACCEPTED,DISABILITY_DESCRIPTION) values (346,'قصر خلقي بالطرف السفلي الايمن',200,0,null);
Insert into MOH_WORKFLOW_SCHEMA.DISABILITY (DISABILITY_ID,DISABILITY_NAME,EQUIPMENT_ID,ACCEPTED,DISABILITY_DESCRIPTION) values (347,'قصر خلقي بالطرف السفلي الايسر',200,0,null);
Insert into MOH_WORKFLOW_SCHEMA.DISABILITY (DISABILITY_ID,DISABILITY_NAME,EQUIPMENT_ID,ACCEPTED,DISABILITY_DESCRIPTION) values (348,'قصر خلقي بالطرفين السفليين',200,0,null);
Insert into MOH_WORKFLOW_SCHEMA.DISABILITY (DISABILITY_ID,DISABILITY_NAME,EQUIPMENT_ID,ACCEPTED,DISABILITY_DESCRIPTION) values (349,'تشوه بالطرف العلوي الايمن مؤثر ويوجد قبضه مقبوله',200,0,null);
Insert into MOH_WORKFLOW_SCHEMA.DISABILITY (DISABILITY_ID,DISABILITY_NAME,EQUIPMENT_ID,ACCEPTED,DISABILITY_DESCRIPTION) values (350,'تشوه بالطرف العلوي الايسر مؤثر ويوجد قبضه مقبوله',200,0,null);
Insert into MOH_WORKFLOW_SCHEMA.DISABILITY (DISABILITY_ID,DISABILITY_NAME,EQUIPMENT_ID,ACCEPTED,DISABILITY_DESCRIPTION) values (351,'سقوط بالقدم اليمني + بتر بالطرف السفلي الايسر',200,0,null);
Insert into MOH_WORKFLOW_SCHEMA.DISABILITY (DISABILITY_ID,DISABILITY_NAME,EQUIPMENT_ID,ACCEPTED,DISABILITY_DESCRIPTION) values (352,'شلل بالطرفين السفليين + ضعف بالكتف الايمن غير مؤثر',200,0,null);
Insert into MOH_WORKFLOW_SCHEMA.DISABILITY (DISABILITY_ID,DISABILITY_NAME,EQUIPMENT_ID,ACCEPTED,DISABILITY_DESCRIPTION) values (353,'قدم شاركوت يسري',200,0,null);
Insert into MOH_WORKFLOW_SCHEMA.DISABILITY (DISABILITY_ID,DISABILITY_NAME,EQUIPMENT_ID,ACCEPTED,DISABILITY_DESCRIPTION) values (354,'اعوجاج خلقي بالقدم اليسري مؤثر',200,0,null);
Insert into MOH_WORKFLOW_SCHEMA.DISABILITY (DISABILITY_ID,DISABILITY_NAME,EQUIPMENT_ID,ACCEPTED,DISABILITY_DESCRIPTION) values (355,'اعوجاج خلقي بالقدم اليمني مؤثر',200,0,null);
Insert into MOH_WORKFLOW_SCHEMA.DISABILITY (DISABILITY_ID,DISABILITY_NAME,EQUIPMENT_ID,ACCEPTED,DISABILITY_DESCRIPTION) values (356,'بتر بالكاحل الايمن',200,0,null);
Insert into MOH_WORKFLOW_SCHEMA.DISABILITY (DISABILITY_ID,DISABILITY_NAME,EQUIPMENT_ID,ACCEPTED,DISABILITY_DESCRIPTION) values (357,'بتر بالكاحل الايسر',200,0,null);
Insert into MOH_WORKFLOW_SCHEMA.DISABILITY (DISABILITY_ID,DISABILITY_NAME,EQUIPMENT_ID,ACCEPTED,DISABILITY_DESCRIPTION) values (358,'بتر بالطرف السفلي الايمن +  قدم شاركوت ايسر',200,0,null);
Insert into MOH_WORKFLOW_SCHEMA.DISABILITY (DISABILITY_ID,DISABILITY_NAME,EQUIPMENT_ID,ACCEPTED,DISABILITY_DESCRIPTION) values (359,'بتر بالطرف السفلي الايمن + ضعف بالساق اليسري',200,0,null);
Insert into MOH_WORKFLOW_SCHEMA.DISABILITY (DISABILITY_ID,DISABILITY_NAME,EQUIPMENT_ID,ACCEPTED,DISABILITY_DESCRIPTION) values (360,'كسر قديم بالطرفيين السفليين مع التهاب شديد باعصاب الطرفيين السفليين مؤثر',200,0,null);
Insert into MOH_WORKFLOW_SCHEMA.DISABILITY (DISABILITY_ID,DISABILITY_NAME,EQUIPMENT_ID,ACCEPTED,DISABILITY_DESCRIPTION) values (361,'قدم شاركوت يمني',200,0,null);
Insert into MOH_WORKFLOW_SCHEMA.DISABILITY (DISABILITY_ID,DISABILITY_NAME,EQUIPMENT_ID,ACCEPTED,DISABILITY_DESCRIPTION) values (362,'بتر فوق الركبه اليسري + تحديد كامل بالكاحل الايمن',200,0,null);
Insert into MOH_WORKFLOW_SCHEMA.DISABILITY (DISABILITY_ID,DISABILITY_NAME,EQUIPMENT_ID,ACCEPTED,DISABILITY_DESCRIPTION) values (363,'عيب خلقي وقصر شديد بالساعد الايمن ويرتدي طرف وظيفي يعمل',200,0,null);
Insert into MOH_WORKFLOW_SCHEMA.DISABILITY (DISABILITY_ID,DISABILITY_NAME,EQUIPMENT_ID,ACCEPTED,DISABILITY_DESCRIPTION) values (364,'عيب خلقي وقصر شديد بالساعد الايسر ويرتدي طرف وظيفي يعمل',200,0,null);
Insert into MOH_WORKFLOW_SCHEMA.DISABILITY (DISABILITY_ID,DISABILITY_NAME,EQUIPMENT_ID,ACCEPTED,DISABILITY_DESCRIPTION) values (365,'عيب خلقي باليد اليسري',200,0,null);
Insert into MOH_WORKFLOW_SCHEMA.DISABILITY (DISABILITY_ID,DISABILITY_NAME,EQUIPMENT_ID,ACCEPTED,DISABILITY_DESCRIPTION) values (366,'اصابة بالذراع الايمن والذراع فى وضع وظيفي يعمل والقبضة مقبولة',200,0,null);
Insert into MOH_WORKFLOW_SCHEMA.DISABILITY (DISABILITY_ID,DISABILITY_NAME,EQUIPMENT_ID,ACCEPTED,DISABILITY_DESCRIPTION) values (367,'عيب خلقي غياب كامل بعظمة الفخذ الايمن',200,0,null);
Insert into MOH_WORKFLOW_SCHEMA.DISABILITY (DISABILITY_ID,DISABILITY_NAME,EQUIPMENT_ID,ACCEPTED,DISABILITY_DESCRIPTION) values (368,'بتر بالطرف السفلي الأيسر وشلل بالطرف السفلي الايمن',200,0,null);
Insert into MOH_WORKFLOW_SCHEMA.DISABILITY (DISABILITY_ID,DISABILITY_NAME,EQUIPMENT_ID,ACCEPTED,DISABILITY_DESCRIPTION) values (369,'بتر بالطرف السفلي الأيمن وشلل بالطرف السفلي الايسر',200,0,null);
Insert into MOH_WORKFLOW_SCHEMA.DISABILITY (DISABILITY_ID,DISABILITY_NAME,EQUIPMENT_ID,ACCEPTED,DISABILITY_DESCRIPTION) values (370,'تحديد كامل بمفصل الركبه اليمني',200,0,null);
Insert into MOH_WORKFLOW_SCHEMA.DISABILITY (DISABILITY_ID,DISABILITY_NAME,EQUIPMENT_ID,ACCEPTED,DISABILITY_DESCRIPTION) values (371,'تحديد كامل بمفصل الركبه اليسري',200,0,null);
Insert into MOH_WORKFLOW_SCHEMA.DISABILITY (DISABILITY_ID,DISABILITY_NAME,EQUIPMENT_ID,ACCEPTED,DISABILITY_DESCRIPTION) values (372,'تحديد كامل بمفصل الركبتين',200,0,null);

REM INSERTING into MOH_WORKFLOW_SCHEMA.CUSTOM
SET DEFINE OFF;
Insert into MOH_WORKFLOW_SCHEMA.CUSTOM (CUSTOM_ID,CUSTOM_NAME,CUSTOM_DESCRIPTION) values (1,'بورسعيد','لا توجد ملاحظات');
Insert into MOH_WORKFLOW_SCHEMA.CUSTOM (CUSTOM_ID,CUSTOM_NAME,CUSTOM_DESCRIPTION) values (2,'الاسكندرية','لا توجد ملاحظات');
Insert into MOH_WORKFLOW_SCHEMA.CUSTOM (CUSTOM_ID,CUSTOM_NAME,CUSTOM_DESCRIPTION) values (3,'دمياط','لا توجد ملاحظات');
Insert into MOH_WORKFLOW_SCHEMA.CUSTOM (CUSTOM_ID,CUSTOM_NAME,CUSTOM_DESCRIPTION) values (4,'شبين الكوم','لا توجد ملاحظات');
Insert into MOH_WORKFLOW_SCHEMA.CUSTOM (CUSTOM_ID,CUSTOM_NAME,CUSTOM_DESCRIPTION) values (5,'السويس','لا توجد ملاحظات');
Insert into MOH_WORKFLOW_SCHEMA.CUSTOM (CUSTOM_ID,CUSTOM_NAME,CUSTOM_DESCRIPTION) values (6,'مدينة نصر','لا توجد ملاحظات');

REM INSERTING into MOH_WORKFLOW_SCHEMA.COMMITTEE_MEMBER
SET DEFINE OFF;
Insert into MOH_WORKFLOW_SCHEMA.COMMITTEE_MEMBER (COMMITTEE_MEMBER_ID,MEMBER_NAME,MEMBER_TITLE,MEMBER_DESCRIPTION,MEMBER_MOBILE_NO,ZONE_ID) values (2,'محمد سامي الشيشتاوي','طبيب عظام','لا توجد ملاحظات','01200000000',1);
Insert into MOH_WORKFLOW_SCHEMA.COMMITTEE_MEMBER (COMMITTEE_MEMBER_ID,MEMBER_NAME,MEMBER_TITLE,MEMBER_DESCRIPTION,MEMBER_MOBILE_NO,ZONE_ID) values (5,'عبدالرحمن رافت محمد','مقرر','لا توجد ملاحظات','015000000000',72);
Insert into MOH_WORKFLOW_SCHEMA.COMMITTEE_MEMBER (COMMITTEE_MEMBER_ID,MEMBER_NAME,MEMBER_TITLE,MEMBER_DESCRIPTION,MEMBER_MOBILE_NO,ZONE_ID) values (4,'محمود امام محمد','عضو','لا توجد ملاحظات','01015090111',70);
Insert into MOH_WORKFLOW_SCHEMA.COMMITTEE_MEMBER (COMMITTEE_MEMBER_ID,MEMBER_NAME,MEMBER_TITLE,MEMBER_DESCRIPTION,MEMBER_MOBILE_NO,ZONE_ID) values (1,'محمد احمد عبدالعزيز','طبيب رمد','لا توجد ملاحظات','010000000000',1);
Insert into MOH_WORKFLOW_SCHEMA.COMMITTEE_MEMBER (COMMITTEE_MEMBER_ID,MEMBER_NAME,MEMBER_TITLE,MEMBER_DESCRIPTION,MEMBER_MOBILE_NO,ZONE_ID) values (3,'محمد احمد عبدالعزيز ','مهندس','لا توجد ملاحظات','011000000000',70);

REM INSERTING into MOH_WORKFLOW_SCHEMA.COMMITTEE
SET DEFINE OFF;
Insert into MOH_WORKFLOW_SCHEMA.COMMITTEE (COMMITTEE_ID,COMMITTEE_DATE,COMMITTEE_FUNCTION,COMMITTEE_TYPE,MEMBER_ONE_ID,MEMBER_TWO_ID,MEMBER_THREE_ID,MEMBER_FOUR_ID,MEMBER_FIVE_ID,MEMBER_SIX_ID,COMMITTEE_DESCRIPTION,ZONE_ID) values (1,to_timestamp('12-JUL-19 02.00.00.000000000 AM','DD-MON-RR HH.MI.SSXFF AM'),'اخري','عظام',2,5,4,1,3,null,'لا توجد ملاحظات',1);
Insert into MOH_WORKFLOW_SCHEMA.COMMITTEE (COMMITTEE_ID,COMMITTEE_DATE,COMMITTEE_FUNCTION,COMMITTEE_TYPE,MEMBER_ONE_ID,MEMBER_TWO_ID,MEMBER_THREE_ID,MEMBER_FOUR_ID,MEMBER_FIVE_ID,MEMBER_SIX_ID,COMMITTEE_DESCRIPTION,ZONE_ID) values (2,to_timestamp('31-AUG-19 02.00.00.000000000 AM','DD-MON-RR HH.MI.SSXFF AM'),'اخري','رمد',1,5,null,null,null,null,'لا توجد ملاحظات',70);

REM INSERTING into MOH_WORKFLOW_SCHEMA.CITIZEN
SET DEFINE OFF;
REM INSERTING into MOH_WORKFLOW_SCHEMA.CITY
SET DEFINE OFF;
Insert into MOH_WORKFLOW_SCHEMA.CITY (CITY_ID,CITY_NAME,GOVERNATE_ID) values (735,'بيلا',15);
Insert into MOH_WORKFLOW_SCHEMA.CITY (CITY_ID,CITY_NAME,GOVERNATE_ID) values (736,'قلين',15);
Insert into MOH_WORKFLOW_SCHEMA.CITY (CITY_ID,CITY_NAME,GOVERNATE_ID) values (475,'بولاق الدكرور',21);
Insert into MOH_WORKFLOW_SCHEMA.CITY (CITY_ID,CITY_NAME,GOVERNATE_ID) values (476,'بولاق ابوالعلا',1);
Insert into MOH_WORKFLOW_SCHEMA.CITY (CITY_ID,CITY_NAME,GOVERNATE_ID) values (477,'النزهة',1);
Insert into MOH_WORKFLOW_SCHEMA.CITY (CITY_ID,CITY_NAME,GOVERNATE_ID) values (478,'مصر الجديدة',1);
Insert into MOH_WORKFLOW_SCHEMA.CITY (CITY_ID,CITY_NAME,GOVERNATE_ID) values (479,'العجوزه',21);
Insert into MOH_WORKFLOW_SCHEMA.CITY (CITY_ID,CITY_NAME,GOVERNATE_ID) values (480,'الوراق',21);
Insert into MOH_WORKFLOW_SCHEMA.CITY (CITY_ID,CITY_NAME,GOVERNATE_ID) values (481,'الجماليه',1);
Insert into MOH_WORKFLOW_SCHEMA.CITY (CITY_ID,CITY_NAME,GOVERNATE_ID) values (482,'الدرب الاحمر',1);
Insert into MOH_WORKFLOW_SCHEMA.CITY (CITY_ID,CITY_NAME,GOVERNATE_ID) values (483,'الحوامديه',1);
Insert into MOH_WORKFLOW_SCHEMA.CITY (CITY_ID,CITY_NAME,GOVERNATE_ID) values (484,'الفجاله',1);
Insert into MOH_WORKFLOW_SCHEMA.CITY (CITY_ID,CITY_NAME,GOVERNATE_ID) values (485,'العبور',14);
Insert into MOH_WORKFLOW_SCHEMA.CITY (CITY_ID,CITY_NAME,GOVERNATE_ID) values (486,'فيصل',4);
Insert into MOH_WORKFLOW_SCHEMA.CITY (CITY_ID,CITY_NAME,GOVERNATE_ID) values (487,'البرلس',15);
Insert into MOH_WORKFLOW_SCHEMA.CITY (CITY_ID,CITY_NAME,GOVERNATE_ID) values (488,'اوسيم',21);
Insert into MOH_WORKFLOW_SCHEMA.CITY (CITY_ID,CITY_NAME,GOVERNATE_ID) values (489,'القاهره الجديده',1);
Insert into MOH_WORKFLOW_SCHEMA.CITY (CITY_ID,CITY_NAME,GOVERNATE_ID) values (490,'الاميريه',1);
Insert into MOH_WORKFLOW_SCHEMA.CITY (CITY_ID,CITY_NAME,GOVERNATE_ID) values (491,'يوسف الصديق',23);
Insert into MOH_WORKFLOW_SCHEMA.CITY (CITY_ID,CITY_NAME,GOVERNATE_ID) values (492,'الازبكيه',1);
Insert into MOH_WORKFLOW_SCHEMA.CITY (CITY_ID,CITY_NAME,GOVERNATE_ID) values (493,'الظاهر',1);
Insert into MOH_WORKFLOW_SCHEMA.CITY (CITY_ID,CITY_NAME,GOVERNATE_ID) values (494,'المقطم',1);
Insert into MOH_WORKFLOW_SCHEMA.CITY (CITY_ID,CITY_NAME,GOVERNATE_ID) values (495,'الامام الشافعي',1);
Insert into MOH_WORKFLOW_SCHEMA.CITY (CITY_ID,CITY_NAME,GOVERNATE_ID) values (496,'كرموز',2);
Insert into MOH_WORKFLOW_SCHEMA.CITY (CITY_ID,CITY_NAME,GOVERNATE_ID) values (497,'الدخيله',2);
Insert into MOH_WORKFLOW_SCHEMA.CITY (CITY_ID,CITY_NAME,GOVERNATE_ID) values (498,'الطالبيه',21);
Insert into MOH_WORKFLOW_SCHEMA.CITY (CITY_ID,CITY_NAME,GOVERNATE_ID) values (499,'طيبه',29);
Insert into MOH_WORKFLOW_SCHEMA.CITY (CITY_ID,CITY_NAME,GOVERNATE_ID) values (500,'مركز بدر',18);
Insert into MOH_WORKFLOW_SCHEMA.CITY (CITY_ID,CITY_NAME,GOVERNATE_ID) values (501,'العمرانيه',21);
Insert into MOH_WORKFLOW_SCHEMA.CITY (CITY_ID,CITY_NAME,GOVERNATE_ID) values (502,'مركز اسنا',29);
Insert into MOH_WORKFLOW_SCHEMA.CITY (CITY_ID,CITY_NAME,GOVERNATE_ID) values (503,'البساتين',1);
Insert into MOH_WORKFLOW_SCHEMA.CITY (CITY_ID,CITY_NAME,GOVERNATE_ID) values (504,'مينا البصل',2);
Insert into MOH_WORKFLOW_SCHEMA.CITY (CITY_ID,CITY_NAME,GOVERNATE_ID) values (505,'الاسماعيلية ثان',19);
Insert into MOH_WORKFLOW_SCHEMA.CITY (CITY_ID,CITY_NAME,GOVERNATE_ID) values (506,'الاسماعيلية ثالث',19);
Insert into MOH_WORKFLOW_SCHEMA.CITY (CITY_ID,CITY_NAME,GOVERNATE_ID) values (507,'الزقازيق أول',13);
Insert into MOH_WORKFLOW_SCHEMA.CITY (CITY_ID,CITY_NAME,GOVERNATE_ID) values (508,'الزقازيق ثان',13);
Insert into MOH_WORKFLOW_SCHEMA.CITY (CITY_ID,CITY_NAME,GOVERNATE_ID) values (509,'الرمل',2);
Insert into MOH_WORKFLOW_SCHEMA.CITY (CITY_ID,CITY_NAME,GOVERNATE_ID) values (510,'15 مايو',1);
Insert into MOH_WORKFLOW_SCHEMA.CITY (CITY_ID,CITY_NAME,GOVERNATE_ID) values (511,'محرم بك',2);
Insert into MOH_WORKFLOW_SCHEMA.CITY (CITY_ID,CITY_NAME,GOVERNATE_ID) values (512,'طره',1);
Insert into MOH_WORKFLOW_SCHEMA.CITY (CITY_ID,CITY_NAME,GOVERNATE_ID) values (513,'اسوان ثان',28);
Insert into MOH_WORKFLOW_SCHEMA.CITY (CITY_ID,CITY_NAME,GOVERNATE_ID) values (514,'ابوالنمرس',21);
Insert into MOH_WORKFLOW_SCHEMA.CITY (CITY_ID,CITY_NAME,GOVERNATE_ID) values (515,'كرداسه',21);
Insert into MOH_WORKFLOW_SCHEMA.CITY (CITY_ID,CITY_NAME,GOVERNATE_ID) values (516,'أسيوط ثان',25);
Insert into MOH_WORKFLOW_SCHEMA.CITY (CITY_ID,CITY_NAME,GOVERNATE_ID) values (517,'كفرالبطيخ',11);
Insert into MOH_WORKFLOW_SCHEMA.CITY (CITY_ID,CITY_NAME,GOVERNATE_ID) values (518,'الشروق',1);
Insert into MOH_WORKFLOW_SCHEMA.CITY (CITY_ID,CITY_NAME,GOVERNATE_ID) values (519,'العريش ثان',34);
Insert into MOH_WORKFLOW_SCHEMA.CITY (CITY_ID,CITY_NAME,GOVERNATE_ID) values (520,'شبرا الخيمه ثان',14);
Insert into MOH_WORKFLOW_SCHEMA.CITY (CITY_ID,CITY_NAME,GOVERNATE_ID) values (521,'شبرا الخيمه اول',14);
Insert into MOH_WORKFLOW_SCHEMA.CITY (CITY_ID,CITY_NAME,GOVERNATE_ID) values (522,'الخصوص',14);
Insert into MOH_WORKFLOW_SCHEMA.CITY (CITY_ID,CITY_NAME,GOVERNATE_ID) values (523,'قها',14);
Insert into MOH_WORKFLOW_SCHEMA.CITY (CITY_ID,CITY_NAME,GOVERNATE_ID) values (524,'اللبان',2);
Insert into MOH_WORKFLOW_SCHEMA.CITY (CITY_ID,CITY_NAME,GOVERNATE_ID) values (525,'العطارين',2);
Insert into MOH_WORKFLOW_SCHEMA.CITY (CITY_ID,CITY_NAME,GOVERNATE_ID) values (526,'المنشيه',2);
Insert into MOH_WORKFLOW_SCHEMA.CITY (CITY_ID,CITY_NAME,GOVERNATE_ID) values (527,'التجمع الاول',1);
Insert into MOH_WORKFLOW_SCHEMA.CITY (CITY_ID,CITY_NAME,GOVERNATE_ID) values (528,'التجمع الخامس',1);
Insert into MOH_WORKFLOW_SCHEMA.CITY (CITY_ID,CITY_NAME,GOVERNATE_ID) values (529,'مدينة نصر - اول',1);
Insert into MOH_WORKFLOW_SCHEMA.CITY (CITY_ID,CITY_NAME,GOVERNATE_ID) values (530,'مدينة نصر - ثان',1);
Insert into MOH_WORKFLOW_SCHEMA.CITY (CITY_ID,CITY_NAME,GOVERNATE_ID) values (531,'المعادي',1);
Insert into MOH_WORKFLOW_SCHEMA.CITY (CITY_ID,CITY_NAME,GOVERNATE_ID) values (532,'الوايلي',1);
Insert into MOH_WORKFLOW_SCHEMA.CITY (CITY_ID,CITY_NAME,GOVERNATE_ID) values (533,'الزيتون',1);
Insert into MOH_WORKFLOW_SCHEMA.CITY (CITY_ID,CITY_NAME,GOVERNATE_ID) values (534,'عابدين',1);
Insert into MOH_WORKFLOW_SCHEMA.CITY (CITY_ID,CITY_NAME,GOVERNATE_ID) values (535,'غرب القاهرة',1);
Insert into MOH_WORKFLOW_SCHEMA.CITY (CITY_ID,CITY_NAME,GOVERNATE_ID) values (536,' دار السلام',1);
Insert into MOH_WORKFLOW_SCHEMA.CITY (CITY_ID,CITY_NAME,GOVERNATE_ID) values (537,'حلوان',1);
Insert into MOH_WORKFLOW_SCHEMA.CITY (CITY_ID,CITY_NAME,GOVERNATE_ID) values (538,'المطرية',1);
Insert into MOH_WORKFLOW_SCHEMA.CITY (CITY_ID,CITY_NAME,GOVERNATE_ID) values (539,'عين شمس',1);
Insert into MOH_WORKFLOW_SCHEMA.CITY (CITY_ID,CITY_NAME,GOVERNATE_ID) values (540,'السلام',1);
Insert into MOH_WORKFLOW_SCHEMA.CITY (CITY_ID,CITY_NAME,GOVERNATE_ID) values (541,'الساحل',1);
Insert into MOH_WORKFLOW_SCHEMA.CITY (CITY_ID,CITY_NAME,GOVERNATE_ID) values (542,'الزاوية الحمراء',1);
Insert into MOH_WORKFLOW_SCHEMA.CITY (CITY_ID,CITY_NAME,GOVERNATE_ID) values (543,'حدائق القبة',1);
Insert into MOH_WORKFLOW_SCHEMA.CITY (CITY_ID,CITY_NAME,GOVERNATE_ID) values (544,'المرج',1);
Insert into MOH_WORKFLOW_SCHEMA.CITY (CITY_ID,CITY_NAME,GOVERNATE_ID) values (545,'الشرابية',1);
Insert into MOH_WORKFLOW_SCHEMA.CITY (CITY_ID,CITY_NAME,GOVERNATE_ID) values (546,'مصر القديمة',1);
Insert into MOH_WORKFLOW_SCHEMA.CITY (CITY_ID,CITY_NAME,GOVERNATE_ID) values (547,'الخليفة',1);
Insert into MOH_WORKFLOW_SCHEMA.CITY (CITY_ID,CITY_NAME,GOVERNATE_ID) values (548,'روض الفرج',1);
Insert into MOH_WORKFLOW_SCHEMA.CITY (CITY_ID,CITY_NAME,GOVERNATE_ID) values (549,'منشأة ناصر',1);
Insert into MOH_WORKFLOW_SCHEMA.CITY (CITY_ID,CITY_NAME,GOVERNATE_ID) values (550,'السيدة زينب',1);
Insert into MOH_WORKFLOW_SCHEMA.CITY (CITY_ID,CITY_NAME,GOVERNATE_ID) values (551,'وسط القاهرة',1);
Insert into MOH_WORKFLOW_SCHEMA.CITY (CITY_ID,CITY_NAME,GOVERNATE_ID) values (552,'التبين',1);
Insert into MOH_WORKFLOW_SCHEMA.CITY (CITY_ID,CITY_NAME,GOVERNATE_ID) values (553,'باب الشعرية',1);
Insert into MOH_WORKFLOW_SCHEMA.CITY (CITY_ID,CITY_NAME,GOVERNATE_ID) values (554,'الموسكي',1);
Insert into MOH_WORKFLOW_SCHEMA.CITY (CITY_ID,CITY_NAME,GOVERNATE_ID) values (555,'شبرا',1);
Insert into MOH_WORKFLOW_SCHEMA.CITY (CITY_ID,CITY_NAME,GOVERNATE_ID) values (556,'المنتزة',2);
Insert into MOH_WORKFLOW_SCHEMA.CITY (CITY_ID,CITY_NAME,GOVERNATE_ID) values (557,'الشرق',2);
Insert into MOH_WORKFLOW_SCHEMA.CITY (CITY_ID,CITY_NAME,GOVERNATE_ID) values (558,'الوسط',2);
Insert into MOH_WORKFLOW_SCHEMA.CITY (CITY_ID,CITY_NAME,GOVERNATE_ID) values (559,'الجمرك',2);
Insert into MOH_WORKFLOW_SCHEMA.CITY (CITY_ID,CITY_NAME,GOVERNATE_ID) values (560,'العجمي',2);
Insert into MOH_WORKFLOW_SCHEMA.CITY (CITY_ID,CITY_NAME,GOVERNATE_ID) values (561,'العامرية',2);
Insert into MOH_WORKFLOW_SCHEMA.CITY (CITY_ID,CITY_NAME,GOVERNATE_ID) values (562,'برج العرب',2);
Insert into MOH_WORKFLOW_SCHEMA.CITY (CITY_ID,CITY_NAME,GOVERNATE_ID) values (563,'الاسماعيلية',19);
Insert into MOH_WORKFLOW_SCHEMA.CITY (CITY_ID,CITY_NAME,GOVERNATE_ID) values (564,'التل الكبير',19);
Insert into MOH_WORKFLOW_SCHEMA.CITY (CITY_ID,CITY_NAME,GOVERNATE_ID) values (565,'فايد',19);
Insert into MOH_WORKFLOW_SCHEMA.CITY (CITY_ID,CITY_NAME,GOVERNATE_ID) values (566,'القنطرة شرق',19);
Insert into MOH_WORKFLOW_SCHEMA.CITY (CITY_ID,CITY_NAME,GOVERNATE_ID) values (567,'القنطرة غرب',19);
Insert into MOH_WORKFLOW_SCHEMA.CITY (CITY_ID,CITY_NAME,GOVERNATE_ID) values (568,'أبو صوير',19);
Insert into MOH_WORKFLOW_SCHEMA.CITY (CITY_ID,CITY_NAME,GOVERNATE_ID) values (569,'القصاصين',19);
Insert into MOH_WORKFLOW_SCHEMA.CITY (CITY_ID,CITY_NAME,GOVERNATE_ID) values (570,'أسوان',28);
Insert into MOH_WORKFLOW_SCHEMA.CITY (CITY_ID,CITY_NAME,GOVERNATE_ID) values (571,'إدفو',28);
Insert into MOH_WORKFLOW_SCHEMA.CITY (CITY_ID,CITY_NAME,GOVERNATE_ID) values (572,'كوم امبو',28);
Insert into MOH_WORKFLOW_SCHEMA.CITY (CITY_ID,CITY_NAME,GOVERNATE_ID) values (573,'دراو',28);
Insert into MOH_WORKFLOW_SCHEMA.CITY (CITY_ID,CITY_NAME,GOVERNATE_ID) values (574,'نصر النوبة',28);
Insert into MOH_WORKFLOW_SCHEMA.CITY (CITY_ID,CITY_NAME,GOVERNATE_ID) values (575,'أسيوط',25);
Insert into MOH_WORKFLOW_SCHEMA.CITY (CITY_ID,CITY_NAME,GOVERNATE_ID) values (576,'ديروط',25);
Insert into MOH_WORKFLOW_SCHEMA.CITY (CITY_ID,CITY_NAME,GOVERNATE_ID) values (577,'قوصية',25);
Insert into MOH_WORKFLOW_SCHEMA.CITY (CITY_ID,CITY_NAME,GOVERNATE_ID) values (578,'أبنوب',25);
Insert into MOH_WORKFLOW_SCHEMA.CITY (CITY_ID,CITY_NAME,GOVERNATE_ID) values (579,'منفلوط',25);
Insert into MOH_WORKFLOW_SCHEMA.CITY (CITY_ID,CITY_NAME,GOVERNATE_ID) values (580,'أبو تيج',25);
Insert into MOH_WORKFLOW_SCHEMA.CITY (CITY_ID,CITY_NAME,GOVERNATE_ID) values (581,'الغنايم',25);
Insert into MOH_WORKFLOW_SCHEMA.CITY (CITY_ID,CITY_NAME,GOVERNATE_ID) values (582,'ساحل سليم',25);
Insert into MOH_WORKFLOW_SCHEMA.CITY (CITY_ID,CITY_NAME,GOVERNATE_ID) values (583,'البداري',25);
Insert into MOH_WORKFLOW_SCHEMA.CITY (CITY_ID,CITY_NAME,GOVERNATE_ID) values (584,'صدفا',25);
Insert into MOH_WORKFLOW_SCHEMA.CITY (CITY_ID,CITY_NAME,GOVERNATE_ID) values (585,'الفتح',25);
Insert into MOH_WORKFLOW_SCHEMA.CITY (CITY_ID,CITY_NAME,GOVERNATE_ID) values (586,'الغردقة',31);
Insert into MOH_WORKFLOW_SCHEMA.CITY (CITY_ID,CITY_NAME,GOVERNATE_ID) values (587,'سفاجا',31);
Insert into MOH_WORKFLOW_SCHEMA.CITY (CITY_ID,CITY_NAME,GOVERNATE_ID) values (588,'مرسى علم',31);
Insert into MOH_WORKFLOW_SCHEMA.CITY (CITY_ID,CITY_NAME,GOVERNATE_ID) values (589,'القصير',31);
Insert into MOH_WORKFLOW_SCHEMA.CITY (CITY_ID,CITY_NAME,GOVERNATE_ID) values (590,'راس غارب',31);
Insert into MOH_WORKFLOW_SCHEMA.CITY (CITY_ID,CITY_NAME,GOVERNATE_ID) values (591,'شلاتين',31);
Insert into MOH_WORKFLOW_SCHEMA.CITY (CITY_ID,CITY_NAME,GOVERNATE_ID) values (592,'رشيد',18);
Insert into MOH_WORKFLOW_SCHEMA.CITY (CITY_ID,CITY_NAME,GOVERNATE_ID) values (593,'شبراخيت',18);
Insert into MOH_WORKFLOW_SCHEMA.CITY (CITY_ID,CITY_NAME,GOVERNATE_ID) values (594,'ايتاي البارود',18);
Insert into MOH_WORKFLOW_SCHEMA.CITY (CITY_ID,CITY_NAME,GOVERNATE_ID) values (595,'أبو حمص',18);
Insert into MOH_WORKFLOW_SCHEMA.CITY (CITY_ID,CITY_NAME,GOVERNATE_ID) values (596,'كفر الدوار',18);
Insert into MOH_WORKFLOW_SCHEMA.CITY (CITY_ID,CITY_NAME,GOVERNATE_ID) values (597,'الدلنجات',18);
Insert into MOH_WORKFLOW_SCHEMA.CITY (CITY_ID,CITY_NAME,GOVERNATE_ID) values (598,'كوم حمادة',18);
Insert into MOH_WORKFLOW_SCHEMA.CITY (CITY_ID,CITY_NAME,GOVERNATE_ID) values (599,'حوش عيسى',18);
Insert into MOH_WORKFLOW_SCHEMA.CITY (CITY_ID,CITY_NAME,GOVERNATE_ID) values (600,'دمنهور',18);
Insert into MOH_WORKFLOW_SCHEMA.CITY (CITY_ID,CITY_NAME,GOVERNATE_ID) values (601,'المحمودية',18);
Insert into MOH_WORKFLOW_SCHEMA.CITY (CITY_ID,CITY_NAME,GOVERNATE_ID) values (602,'إدكو',18);
Insert into MOH_WORKFLOW_SCHEMA.CITY (CITY_ID,CITY_NAME,GOVERNATE_ID) values (603,'أبو المطامير',18);
Insert into MOH_WORKFLOW_SCHEMA.CITY (CITY_ID,CITY_NAME,GOVERNATE_ID) values (604,'الرحمانية',18);
Insert into MOH_WORKFLOW_SCHEMA.CITY (CITY_ID,CITY_NAME,GOVERNATE_ID) values (605,'النوبارية الجديدة',18);
Insert into MOH_WORKFLOW_SCHEMA.CITY (CITY_ID,CITY_NAME,GOVERNATE_ID) values (606,'وادي النطرون',18);
Insert into MOH_WORKFLOW_SCHEMA.CITY (CITY_ID,CITY_NAME,GOVERNATE_ID) values (607,'حي الشرق',3);
Insert into MOH_WORKFLOW_SCHEMA.CITY (CITY_ID,CITY_NAME,GOVERNATE_ID) values (608,'حي الجنوب',3);
Insert into MOH_WORKFLOW_SCHEMA.CITY (CITY_ID,CITY_NAME,GOVERNATE_ID) values (609,'حي بورفؤاد',3);
Insert into MOH_WORKFLOW_SCHEMA.CITY (CITY_ID,CITY_NAME,GOVERNATE_ID) values (610,'حي الضواحي',3);
Insert into MOH_WORKFLOW_SCHEMA.CITY (CITY_ID,CITY_NAME,GOVERNATE_ID) values (611,'حي المناخ',3);
Insert into MOH_WORKFLOW_SCHEMA.CITY (CITY_ID,CITY_NAME,GOVERNATE_ID) values (612,'حي الزهور',3);
Insert into MOH_WORKFLOW_SCHEMA.CITY (CITY_ID,CITY_NAME,GOVERNATE_ID) values (613,'حي العرب',3);
Insert into MOH_WORKFLOW_SCHEMA.CITY (CITY_ID,CITY_NAME,GOVERNATE_ID) values (614,'بني سويف',22);
Insert into MOH_WORKFLOW_SCHEMA.CITY (CITY_ID,CITY_NAME,GOVERNATE_ID) values (615,'مركز ناصر',22);
Insert into MOH_WORKFLOW_SCHEMA.CITY (CITY_ID,CITY_NAME,GOVERNATE_ID) values (616,'الفشن',22);
Insert into MOH_WORKFLOW_SCHEMA.CITY (CITY_ID,CITY_NAME,GOVERNATE_ID) values (617,'ببا',22);
Insert into MOH_WORKFLOW_SCHEMA.CITY (CITY_ID,CITY_NAME,GOVERNATE_ID) values (618,'أهناسيا',22);
Insert into MOH_WORKFLOW_SCHEMA.CITY (CITY_ID,CITY_NAME,GOVERNATE_ID) values (619,'الواسطى',22);
Insert into MOH_WORKFLOW_SCHEMA.CITY (CITY_ID,CITY_NAME,GOVERNATE_ID) values (620,'سمسطا',22);
Insert into MOH_WORKFLOW_SCHEMA.CITY (CITY_ID,CITY_NAME,GOVERNATE_ID) values (621,'مركز الجيزة',21);
Insert into MOH_WORKFLOW_SCHEMA.CITY (CITY_ID,CITY_NAME,GOVERNATE_ID) values (622,'الدقي',21);
Insert into MOH_WORKFLOW_SCHEMA.CITY (CITY_ID,CITY_NAME,GOVERNATE_ID) values (623,'المهندسين',21);
Insert into MOH_WORKFLOW_SCHEMA.CITY (CITY_ID,CITY_NAME,GOVERNATE_ID) values (624,'امبابة',21);
Insert into MOH_WORKFLOW_SCHEMA.CITY (CITY_ID,CITY_NAME,GOVERNATE_ID) values (625,'حي فيصل',21);
Insert into MOH_WORKFLOW_SCHEMA.CITY (CITY_ID,CITY_NAME,GOVERNATE_ID) values (626,'6 أكتوبر',21);
Insert into MOH_WORKFLOW_SCHEMA.CITY (CITY_ID,CITY_NAME,GOVERNATE_ID) values (627,'حي الهرم',21);
Insert into MOH_WORKFLOW_SCHEMA.CITY (CITY_ID,CITY_NAME,GOVERNATE_ID) values (628,'البدرشين',21);
Insert into MOH_WORKFLOW_SCHEMA.CITY (CITY_ID,CITY_NAME,GOVERNATE_ID) values (629,'العياط',21);
Insert into MOH_WORKFLOW_SCHEMA.CITY (CITY_ID,CITY_NAME,GOVERNATE_ID) values (630,'اطفيح',21);
Insert into MOH_WORKFLOW_SCHEMA.CITY (CITY_ID,CITY_NAME,GOVERNATE_ID) values (631,'الواحات البحرية',21);
Insert into MOH_WORKFLOW_SCHEMA.CITY (CITY_ID,CITY_NAME,GOVERNATE_ID) values (632,'الصف',21);
Insert into MOH_WORKFLOW_SCHEMA.CITY (CITY_ID,CITY_NAME,GOVERNATE_ID) values (633,'المنزلة',12);
Insert into MOH_WORKFLOW_SCHEMA.CITY (CITY_ID,CITY_NAME,GOVERNATE_ID) values (634,'الجمالية',12);
Insert into MOH_WORKFLOW_SCHEMA.CITY (CITY_ID,CITY_NAME,GOVERNATE_ID) values (635,'دكرنس',12);
Insert into MOH_WORKFLOW_SCHEMA.CITY (CITY_ID,CITY_NAME,GOVERNATE_ID) values (636,'ميت غمر',12);
Insert into MOH_WORKFLOW_SCHEMA.CITY (CITY_ID,CITY_NAME,GOVERNATE_ID) values (637,'جمصة',12);
Insert into MOH_WORKFLOW_SCHEMA.CITY (CITY_ID,CITY_NAME,GOVERNATE_ID) values (638,'أجا',12);
Insert into MOH_WORKFLOW_SCHEMA.CITY (CITY_ID,CITY_NAME,GOVERNATE_ID) values (639,'بلقاس',12);
Insert into MOH_WORKFLOW_SCHEMA.CITY (CITY_ID,CITY_NAME,GOVERNATE_ID) values (640,'السنبلاوين',12);
Insert into MOH_WORKFLOW_SCHEMA.CITY (CITY_ID,CITY_NAME,GOVERNATE_ID) values (641,'شربين',12);
Insert into MOH_WORKFLOW_SCHEMA.CITY (CITY_ID,CITY_NAME,GOVERNATE_ID) values (642,'طلخا',12);
Insert into MOH_WORKFLOW_SCHEMA.CITY (CITY_ID,CITY_NAME,GOVERNATE_ID) values (643,'المنصورة',12);
Insert into MOH_WORKFLOW_SCHEMA.CITY (CITY_ID,CITY_NAME,GOVERNATE_ID) values (644,'منية النصر',12);
Insert into MOH_WORKFLOW_SCHEMA.CITY (CITY_ID,CITY_NAME,GOVERNATE_ID) values (645,'بنى عبيد',12);
Insert into MOH_WORKFLOW_SCHEMA.CITY (CITY_ID,CITY_NAME,GOVERNATE_ID) values (646,'ميت سلسيل',12);
Insert into MOH_WORKFLOW_SCHEMA.CITY (CITY_ID,CITY_NAME,GOVERNATE_ID) values (647,'الكردي',12);
Insert into MOH_WORKFLOW_SCHEMA.CITY (CITY_ID,CITY_NAME,GOVERNATE_ID) values (648,'تمى الأمديد',12);
Insert into MOH_WORKFLOW_SCHEMA.CITY (CITY_ID,CITY_NAME,GOVERNATE_ID) values (649,'نبروه',12);
Insert into MOH_WORKFLOW_SCHEMA.CITY (CITY_ID,CITY_NAME,GOVERNATE_ID) values (650,'دمياط',11);
Insert into MOH_WORKFLOW_SCHEMA.CITY (CITY_ID,CITY_NAME,GOVERNATE_ID) values (651,'كفر سعد',11);
Insert into MOH_WORKFLOW_SCHEMA.CITY (CITY_ID,CITY_NAME,GOVERNATE_ID) values (652,'فارسكور',11);
Insert into MOH_WORKFLOW_SCHEMA.CITY (CITY_ID,CITY_NAME,GOVERNATE_ID) values (653,'الزرقا',11);
Insert into MOH_WORKFLOW_SCHEMA.CITY (CITY_ID,CITY_NAME,GOVERNATE_ID) values (654,'أخميم',26);
Insert into MOH_WORKFLOW_SCHEMA.CITY (CITY_ID,CITY_NAME,GOVERNATE_ID) values (655,'البلينا',26);
Insert into MOH_WORKFLOW_SCHEMA.CITY (CITY_ID,CITY_NAME,GOVERNATE_ID) values (656,'جرجا',26);
Insert into MOH_WORKFLOW_SCHEMA.CITY (CITY_ID,CITY_NAME,GOVERNATE_ID) values (657,'دار السلام',26);
Insert into MOH_WORKFLOW_SCHEMA.CITY (CITY_ID,CITY_NAME,GOVERNATE_ID) values (658,'جهينة',26);
Insert into MOH_WORKFLOW_SCHEMA.CITY (CITY_ID,CITY_NAME,GOVERNATE_ID) values (659,'ساقلتا',26);
Insert into MOH_WORKFLOW_SCHEMA.CITY (CITY_ID,CITY_NAME,GOVERNATE_ID) values (660,'سوهاج',26);
Insert into MOH_WORKFLOW_SCHEMA.CITY (CITY_ID,CITY_NAME,GOVERNATE_ID) values (661,'طما',26);
Insert into MOH_WORKFLOW_SCHEMA.CITY (CITY_ID,CITY_NAME,GOVERNATE_ID) values (662,'طهطا',26);
Insert into MOH_WORKFLOW_SCHEMA.CITY (CITY_ID,CITY_NAME,GOVERNATE_ID) values (663,'المراغة',26);
Insert into MOH_WORKFLOW_SCHEMA.CITY (CITY_ID,CITY_NAME,GOVERNATE_ID) values (664,'المنشاة',26);
Insert into MOH_WORKFLOW_SCHEMA.CITY (CITY_ID,CITY_NAME,GOVERNATE_ID) values (665,'السويس',4);
Insert into MOH_WORKFLOW_SCHEMA.CITY (CITY_ID,CITY_NAME,GOVERNATE_ID) values (666,'الأربعين',4);
Insert into MOH_WORKFLOW_SCHEMA.CITY (CITY_ID,CITY_NAME,GOVERNATE_ID) values (667,'عتاقة',4);
Insert into MOH_WORKFLOW_SCHEMA.CITY (CITY_ID,CITY_NAME,GOVERNATE_ID) values (668,'الجناين',4);
Insert into MOH_WORKFLOW_SCHEMA.CITY (CITY_ID,CITY_NAME,GOVERNATE_ID) values (669,'أبو حماد',13);
Insert into MOH_WORKFLOW_SCHEMA.CITY (CITY_ID,CITY_NAME,GOVERNATE_ID) values (670,'أبو كبير',13);
Insert into MOH_WORKFLOW_SCHEMA.CITY (CITY_ID,CITY_NAME,GOVERNATE_ID) values (671,'أولاد صقر',13);
Insert into MOH_WORKFLOW_SCHEMA.CITY (CITY_ID,CITY_NAME,GOVERNATE_ID) values (672,'بلبيس',13);
Insert into MOH_WORKFLOW_SCHEMA.CITY (CITY_ID,CITY_NAME,GOVERNATE_ID) values (673,'الحسينية',13);
Insert into MOH_WORKFLOW_SCHEMA.CITY (CITY_ID,CITY_NAME,GOVERNATE_ID) values (674,'ديرب نجم',13);
Insert into MOH_WORKFLOW_SCHEMA.CITY (CITY_ID,CITY_NAME,GOVERNATE_ID) values (675,'الزقازيق',13);
Insert into MOH_WORKFLOW_SCHEMA.CITY (CITY_ID,CITY_NAME,GOVERNATE_ID) values (676,'الصالحية',13);
Insert into MOH_WORKFLOW_SCHEMA.CITY (CITY_ID,CITY_NAME,GOVERNATE_ID) values (677,'العاشر من رمضان',13);
Insert into MOH_WORKFLOW_SCHEMA.CITY (CITY_ID,CITY_NAME,GOVERNATE_ID) values (678,'فاقوس',13);
Insert into MOH_WORKFLOW_SCHEMA.CITY (CITY_ID,CITY_NAME,GOVERNATE_ID) values (679,'كفر صقر',13);
Insert into MOH_WORKFLOW_SCHEMA.CITY (CITY_ID,CITY_NAME,GOVERNATE_ID) values (680,'منيا القمح',13);
Insert into MOH_WORKFLOW_SCHEMA.CITY (CITY_ID,CITY_NAME,GOVERNATE_ID) values (681,'ههيا',13);
Insert into MOH_WORKFLOW_SCHEMA.CITY (CITY_ID,CITY_NAME,GOVERNATE_ID) values (682,'مشتول السوق',13);
Insert into MOH_WORKFLOW_SCHEMA.CITY (CITY_ID,CITY_NAME,GOVERNATE_ID) values (683,'الإبراهيمية',13);
Insert into MOH_WORKFLOW_SCHEMA.CITY (CITY_ID,CITY_NAME,GOVERNATE_ID) values (684,'الزمالك',1);
Insert into MOH_WORKFLOW_SCHEMA.CITY (CITY_ID,CITY_NAME,GOVERNATE_ID) values (685,'القرين',13);
Insert into MOH_WORKFLOW_SCHEMA.CITY (CITY_ID,CITY_NAME,GOVERNATE_ID) values (686,'القنايات',13);
Insert into MOH_WORKFLOW_SCHEMA.CITY (CITY_ID,CITY_NAME,GOVERNATE_ID) values (687,'طابا',35);
Insert into MOH_WORKFLOW_SCHEMA.CITY (CITY_ID,CITY_NAME,GOVERNATE_ID) values (688,'نويبع',35);
Insert into MOH_WORKFLOW_SCHEMA.CITY (CITY_ID,CITY_NAME,GOVERNATE_ID) values (689,'دهب',35);
Insert into MOH_WORKFLOW_SCHEMA.CITY (CITY_ID,CITY_NAME,GOVERNATE_ID) values (690,'نخل',35);
Insert into MOH_WORKFLOW_SCHEMA.CITY (CITY_ID,CITY_NAME,GOVERNATE_ID) values (691,'رأس سدر',35);
Insert into MOH_WORKFLOW_SCHEMA.CITY (CITY_ID,CITY_NAME,GOVERNATE_ID) values (692,'شرم الشيخ',35);
Insert into MOH_WORKFLOW_SCHEMA.CITY (CITY_ID,CITY_NAME,GOVERNATE_ID) values (693,'بئر العبد',34);
Insert into MOH_WORKFLOW_SCHEMA.CITY (CITY_ID,CITY_NAME,GOVERNATE_ID) values (694,'الحسنة',34);
Insert into MOH_WORKFLOW_SCHEMA.CITY (CITY_ID,CITY_NAME,GOVERNATE_ID) values (695,'العريش',34);
Insert into MOH_WORKFLOW_SCHEMA.CITY (CITY_ID,CITY_NAME,GOVERNATE_ID) values (696,'الشيخ زويد',34);
Insert into MOH_WORKFLOW_SCHEMA.CITY (CITY_ID,CITY_NAME,GOVERNATE_ID) values (697,'رفح',34);
Insert into MOH_WORKFLOW_SCHEMA.CITY (CITY_ID,CITY_NAME,GOVERNATE_ID) values (698,'المحلة الكبرى',16);
Insert into MOH_WORKFLOW_SCHEMA.CITY (CITY_ID,CITY_NAME,GOVERNATE_ID) values (699,'المحلة الكبرى - ثان',16);
Insert into MOH_WORKFLOW_SCHEMA.CITY (CITY_ID,CITY_NAME,GOVERNATE_ID) values (700,'طنطا',16);
Insert into MOH_WORKFLOW_SCHEMA.CITY (CITY_ID,CITY_NAME,GOVERNATE_ID) values (701,'طنطا - ثان',16);
Insert into MOH_WORKFLOW_SCHEMA.CITY (CITY_ID,CITY_NAME,GOVERNATE_ID) values (702,'سمنود',16);
Insert into MOH_WORKFLOW_SCHEMA.CITY (CITY_ID,CITY_NAME,GOVERNATE_ID) values (703,'قطور',16);
Insert into MOH_WORKFLOW_SCHEMA.CITY (CITY_ID,CITY_NAME,GOVERNATE_ID) values (704,'السنطة',16);
Insert into MOH_WORKFLOW_SCHEMA.CITY (CITY_ID,CITY_NAME,GOVERNATE_ID) values (705,'زفتى',16);
Insert into MOH_WORKFLOW_SCHEMA.CITY (CITY_ID,CITY_NAME,GOVERNATE_ID) values (706,'بسيون',16);
Insert into MOH_WORKFLOW_SCHEMA.CITY (CITY_ID,CITY_NAME,GOVERNATE_ID) values (707,'كفر الزيات',16);
Insert into MOH_WORKFLOW_SCHEMA.CITY (CITY_ID,CITY_NAME,GOVERNATE_ID) values (708,'أبشواي',23);
Insert into MOH_WORKFLOW_SCHEMA.CITY (CITY_ID,CITY_NAME,GOVERNATE_ID) values (709,'أطسا',23);
Insert into MOH_WORKFLOW_SCHEMA.CITY (CITY_ID,CITY_NAME,GOVERNATE_ID) values (710,'الفيوم',23);
Insert into MOH_WORKFLOW_SCHEMA.CITY (CITY_ID,CITY_NAME,GOVERNATE_ID) values (711,'سنورس',23);
Insert into MOH_WORKFLOW_SCHEMA.CITY (CITY_ID,CITY_NAME,GOVERNATE_ID) values (712,'طامية',23);
Insert into MOH_WORKFLOW_SCHEMA.CITY (CITY_ID,CITY_NAME,GOVERNATE_ID) values (713,'بنها',14);
Insert into MOH_WORKFLOW_SCHEMA.CITY (CITY_ID,CITY_NAME,GOVERNATE_ID) values (714,'قليوب',14);
Insert into MOH_WORKFLOW_SCHEMA.CITY (CITY_ID,CITY_NAME,GOVERNATE_ID) values (715,'القناطر الخيرية',14);
Insert into MOH_WORKFLOW_SCHEMA.CITY (CITY_ID,CITY_NAME,GOVERNATE_ID) values (716,'شبرا الخيمة',14);
Insert into MOH_WORKFLOW_SCHEMA.CITY (CITY_ID,CITY_NAME,GOVERNATE_ID) values (717,'الخانكة',14);
Insert into MOH_WORKFLOW_SCHEMA.CITY (CITY_ID,CITY_NAME,GOVERNATE_ID) values (718,'كفر شكر',14);
Insert into MOH_WORKFLOW_SCHEMA.CITY (CITY_ID,CITY_NAME,GOVERNATE_ID) values (719,'شبين القناطر',14);
Insert into MOH_WORKFLOW_SCHEMA.CITY (CITY_ID,CITY_NAME,GOVERNATE_ID) values (720,'طوخ',14);
Insert into MOH_WORKFLOW_SCHEMA.CITY (CITY_ID,CITY_NAME,GOVERNATE_ID) values (721,'أبو تشت',27);
Insert into MOH_WORKFLOW_SCHEMA.CITY (CITY_ID,CITY_NAME,GOVERNATE_ID) values (722,'فرشوط',27);
Insert into MOH_WORKFLOW_SCHEMA.CITY (CITY_ID,CITY_NAME,GOVERNATE_ID) values (723,'نجع حمادي',27);
Insert into MOH_WORKFLOW_SCHEMA.CITY (CITY_ID,CITY_NAME,GOVERNATE_ID) values (724,'الوقف',27);
Insert into MOH_WORKFLOW_SCHEMA.CITY (CITY_ID,CITY_NAME,GOVERNATE_ID) values (725,'دشنا',27);
Insert into MOH_WORKFLOW_SCHEMA.CITY (CITY_ID,CITY_NAME,GOVERNATE_ID) values (726,'قنا',27);
Insert into MOH_WORKFLOW_SCHEMA.CITY (CITY_ID,CITY_NAME,GOVERNATE_ID) values (727,'قفط',27);
Insert into MOH_WORKFLOW_SCHEMA.CITY (CITY_ID,CITY_NAME,GOVERNATE_ID) values (728,'قوص',27);
Insert into MOH_WORKFLOW_SCHEMA.CITY (CITY_ID,CITY_NAME,GOVERNATE_ID) values (729,'نقادة',27);
Insert into MOH_WORKFLOW_SCHEMA.CITY (CITY_ID,CITY_NAME,GOVERNATE_ID) values (730,'أرمنت',29);
Insert into MOH_WORKFLOW_SCHEMA.CITY (CITY_ID,CITY_NAME,GOVERNATE_ID) values (731,'إسنا',27);
Insert into MOH_WORKFLOW_SCHEMA.CITY (CITY_ID,CITY_NAME,GOVERNATE_ID) values (732,'الأقصر',29);
Insert into MOH_WORKFLOW_SCHEMA.CITY (CITY_ID,CITY_NAME,GOVERNATE_ID) values (733,'كفر الشيخ',15);
Insert into MOH_WORKFLOW_SCHEMA.CITY (CITY_ID,CITY_NAME,GOVERNATE_ID) values (734,'الحامول',15);
Insert into MOH_WORKFLOW_SCHEMA.CITY (CITY_ID,CITY_NAME,GOVERNATE_ID) values (737,'مطوبس',15);
Insert into MOH_WORKFLOW_SCHEMA.CITY (CITY_ID,CITY_NAME,GOVERNATE_ID) values (738,'دسوق',15);
Insert into MOH_WORKFLOW_SCHEMA.CITY (CITY_ID,CITY_NAME,GOVERNATE_ID) values (739,'بلطيم',15);
Insert into MOH_WORKFLOW_SCHEMA.CITY (CITY_ID,CITY_NAME,GOVERNATE_ID) values (740,'سيدي سالم',15);
Insert into MOH_WORKFLOW_SCHEMA.CITY (CITY_ID,CITY_NAME,GOVERNATE_ID) values (741,'الرياض',15);
Insert into MOH_WORKFLOW_SCHEMA.CITY (CITY_ID,CITY_NAME,GOVERNATE_ID) values (742,'فوة',15);
Insert into MOH_WORKFLOW_SCHEMA.CITY (CITY_ID,CITY_NAME,GOVERNATE_ID) values (743,'أشمون',17);
Insert into MOH_WORKFLOW_SCHEMA.CITY (CITY_ID,CITY_NAME,GOVERNATE_ID) values (744,'الباجور',17);
Insert into MOH_WORKFLOW_SCHEMA.CITY (CITY_ID,CITY_NAME,GOVERNATE_ID) values (745,'بركة السبع',17);
Insert into MOH_WORKFLOW_SCHEMA.CITY (CITY_ID,CITY_NAME,GOVERNATE_ID) values (746,'منوف',17);
Insert into MOH_WORKFLOW_SCHEMA.CITY (CITY_ID,CITY_NAME,GOVERNATE_ID) values (747,'مدينة السادات',17);
Insert into MOH_WORKFLOW_SCHEMA.CITY (CITY_ID,CITY_NAME,GOVERNATE_ID) values (748,'سرس الليان',17);
Insert into MOH_WORKFLOW_SCHEMA.CITY (CITY_ID,CITY_NAME,GOVERNATE_ID) values (749,'تلا',17);
Insert into MOH_WORKFLOW_SCHEMA.CITY (CITY_ID,CITY_NAME,GOVERNATE_ID) values (750,'الشهداء',17);
Insert into MOH_WORKFLOW_SCHEMA.CITY (CITY_ID,CITY_NAME,GOVERNATE_ID) values (751,'شبين الكوم',17);
Insert into MOH_WORKFLOW_SCHEMA.CITY (CITY_ID,CITY_NAME,GOVERNATE_ID) values (752,'قويسنا',17);
Insert into MOH_WORKFLOW_SCHEMA.CITY (CITY_ID,CITY_NAME,GOVERNATE_ID) values (753,'أبو قرقاص',24);
Insert into MOH_WORKFLOW_SCHEMA.CITY (CITY_ID,CITY_NAME,GOVERNATE_ID) values (754,'بني مزار',24);
Insert into MOH_WORKFLOW_SCHEMA.CITY (CITY_ID,CITY_NAME,GOVERNATE_ID) values (755,'دير مواس',24);
Insert into MOH_WORKFLOW_SCHEMA.CITY (CITY_ID,CITY_NAME,GOVERNATE_ID) values (756,'سمالوط',24);
Insert into MOH_WORKFLOW_SCHEMA.CITY (CITY_ID,CITY_NAME,GOVERNATE_ID) values (757,'العدوة',24);
Insert into MOH_WORKFLOW_SCHEMA.CITY (CITY_ID,CITY_NAME,GOVERNATE_ID) values (758,'مطاي',24);
Insert into MOH_WORKFLOW_SCHEMA.CITY (CITY_ID,CITY_NAME,GOVERNATE_ID) values (759,'مغاغة',24);
Insert into MOH_WORKFLOW_SCHEMA.CITY (CITY_ID,CITY_NAME,GOVERNATE_ID) values (760,'ملوي',24);
Insert into MOH_WORKFLOW_SCHEMA.CITY (CITY_ID,CITY_NAME,GOVERNATE_ID) values (761,'المنيا',24);
Insert into MOH_WORKFLOW_SCHEMA.CITY (CITY_ID,CITY_NAME,GOVERNATE_ID) values (762,'المنيا الجديدة',24);
Insert into MOH_WORKFLOW_SCHEMA.CITY (CITY_ID,CITY_NAME,GOVERNATE_ID) values (763,'الداخلة',32);
Insert into MOH_WORKFLOW_SCHEMA.CITY (CITY_ID,CITY_NAME,GOVERNATE_ID) values (764,'الخارجة',32);
Insert into MOH_WORKFLOW_SCHEMA.CITY (CITY_ID,CITY_NAME,GOVERNATE_ID) values (765,'الفرافرة',32);
Insert into MOH_WORKFLOW_SCHEMA.CITY (CITY_ID,CITY_NAME,GOVERNATE_ID) values (766,'مركز الحمام',33);
Insert into MOH_WORKFLOW_SCHEMA.CITY (CITY_ID,CITY_NAME,GOVERNATE_ID) values (767,'مركز العلمين',33);
Insert into MOH_WORKFLOW_SCHEMA.CITY (CITY_ID,CITY_NAME,GOVERNATE_ID) values (768,'مركز الضبعة',33);
Insert into MOH_WORKFLOW_SCHEMA.CITY (CITY_ID,CITY_NAME,GOVERNATE_ID) values (769,'مركز مطروح',33);
Insert into MOH_WORKFLOW_SCHEMA.CITY (CITY_ID,CITY_NAME,GOVERNATE_ID) values (770,'مركز النجيلة',33);
Insert into MOH_WORKFLOW_SCHEMA.CITY (CITY_ID,CITY_NAME,GOVERNATE_ID) values (771,'مركز براني',33);
Insert into MOH_WORKFLOW_SCHEMA.CITY (CITY_ID,CITY_NAME,GOVERNATE_ID) values (772,'مركز السلوم',33);
Insert into MOH_WORKFLOW_SCHEMA.CITY (CITY_ID,CITY_NAME,GOVERNATE_ID) values (773,'مركز سيوة',33);
Insert into MOH_WORKFLOW_SCHEMA.CITY (CITY_ID,CITY_NAME,GOVERNATE_ID) values (774,'محلة دمنه',12);
Insert into MOH_WORKFLOW_SCHEMA.CITY (CITY_ID,CITY_NAME,GOVERNATE_ID) values (775,'صان الحجر',13);
Insert into MOH_WORKFLOW_SCHEMA.CITY (CITY_ID,CITY_NAME,GOVERNATE_ID) values (776,'طور سيناء',35);
Insert into MOH_WORKFLOW_SCHEMA.CITY (CITY_ID,CITY_NAME,GOVERNATE_ID) values (777,'رومانه',34);
Insert into MOH_WORKFLOW_SCHEMA.CITY (CITY_ID,CITY_NAME,GOVERNATE_ID) values (778,'منشاة ابوعمر',13);
Insert into MOH_WORKFLOW_SCHEMA.CITY (CITY_ID,CITY_NAME,GOVERNATE_ID) values (779,'بدر',1);
Insert into MOH_WORKFLOW_SCHEMA.CITY (CITY_ID,CITY_NAME,GOVERNATE_ID) values (780,'منشأة القناطر',21);
Insert into MOH_WORKFLOW_SCHEMA.CITY (CITY_ID,CITY_NAME,GOVERNATE_ID) values (781,'ابورديس',35);
Insert into MOH_WORKFLOW_SCHEMA.CITY (CITY_ID,CITY_NAME,GOVERNATE_ID) values (782,'ابوزنيمه',35);
Insert into MOH_WORKFLOW_SCHEMA.CITY (CITY_ID,CITY_NAME,GOVERNATE_ID) values (783,'سيدي جابر',2);
Insert into MOH_WORKFLOW_SCHEMA.CITY (CITY_ID,CITY_NAME,GOVERNATE_ID) values (784,'القرنه',29);
Insert into MOH_WORKFLOW_SCHEMA.CITY (CITY_ID,CITY_NAME,GOVERNATE_ID) values (785,'القطاميه',1);
Insert into MOH_WORKFLOW_SCHEMA.CITY (CITY_ID,CITY_NAME,GOVERNATE_ID) values (786,'العسيرات',26);
Insert into MOH_WORKFLOW_SCHEMA.CITY (CITY_ID,CITY_NAME,GOVERNATE_ID) values (787,'راس البر',11);
Insert into MOH_WORKFLOW_SCHEMA.CITY (CITY_ID,CITY_NAME,GOVERNATE_ID) values (788,'الشيخ زايد',21);


