--------------------------------------------------------
--  File created - Friday-July-12-2019   
--------------------------------------------------------
--------------------------------------------------------
--  DDL for Table CITIZEN
--------------------------------------------------------

  CREATE TABLE "MOH_WORKFLOW_SCHEMA"."CITIZEN" 
   (	"CITIZEN_ID" NUMBER, 
	"CITIZEN_NAME" VARCHAR2(100 BYTE), 
	"NATIONAL_ID" NUMBER, 
	"GENDER" VARCHAR2(10 BYTE), 
	"BIRTH_DATE" TIMESTAMP (6), 
	"ADDRESS" VARCHAR2(200 BYTE), 
	"MOBILE_NO" VARCHAR2(100 BYTE), 
	"FINGERPRINT" VARCHAR2(200 BYTE), 
	"CREATED_BY" VARCHAR2(100 BYTE), 
	"CREATED_DATE" TIMESTAMP (6), 
	"MODIFIED_BY" VARCHAR2(100 BYTE), 
	"MODIFIED_DATE" TIMESTAMP (6), 
	"CITY_ID" NUMBER, 
	"GOVERNATE_ID" NUMBER, 
	"OCCUPATION_ID" NUMBER
   ) SEGMENT CREATION DEFERRED 
  PCTFREE 10 PCTUSED 40 INITRANS 1 MAXTRANS 255 
 NOCOMPRESS LOGGING
  TABLESPACE "USERS" ;
--------------------------------------------------------
--  DDL for Table CITY
--------------------------------------------------------

  CREATE TABLE "MOH_WORKFLOW_SCHEMA"."CITY" 
   (	"CITY_ID" NUMBER, 
	"CITY_NAME" VARCHAR2(100 BYTE), 
	"GOVERNATE_ID" NUMBER
   ) SEGMENT CREATION IMMEDIATE 
  PCTFREE 10 PCTUSED 40 INITRANS 1 MAXTRANS 255 
 NOCOMPRESS LOGGING
  STORAGE(INITIAL 65536 NEXT 1048576 MINEXTENTS 1 MAXEXTENTS 2147483645
  PCTINCREASE 0 FREELISTS 1 FREELIST GROUPS 1
  BUFFER_POOL DEFAULT FLASH_CACHE DEFAULT CELL_FLASH_CACHE DEFAULT)
  TABLESPACE "USERS" ;
--------------------------------------------------------
--  DDL for Table COMMITTEE
--------------------------------------------------------

  CREATE TABLE "MOH_WORKFLOW_SCHEMA"."COMMITTEE" 
   (	"COMMITTEE_ID" NUMBER, 
	"COMMITTEE_DATE" TIMESTAMP (6), 
	"COMMITTEE_FUNCTION" VARCHAR2(100 BYTE), 
	"COMMITTEE_TYPE" VARCHAR2(100 BYTE), 
	"MEMBER_ONE_ID" NUMBER, 
	"MEMBER_TWO_ID" NUMBER, 
	"MEMBER_THREE_ID" NUMBER, 
	"MEMBER_FOUR_ID" NUMBER, 
	"MEMBER_FIVE_ID" NUMBER, 
	"MEMBER_SIX_ID" NUMBER, 
	"COMMITTEE_DESCRIPTION" VARCHAR2(255 BYTE), 
	"ZONE_ID" NUMBER
   ) SEGMENT CREATION IMMEDIATE 
  PCTFREE 10 PCTUSED 40 INITRANS 1 MAXTRANS 255 
 NOCOMPRESS LOGGING
  STORAGE(INITIAL 65536 NEXT 1048576 MINEXTENTS 1 MAXEXTENTS 2147483645
  PCTINCREASE 0 FREELISTS 1 FREELIST GROUPS 1
  BUFFER_POOL DEFAULT FLASH_CACHE DEFAULT CELL_FLASH_CACHE DEFAULT)
  TABLESPACE "USERS" ;
--------------------------------------------------------
--  DDL for Table COMMITTEE_MEMBER
--------------------------------------------------------

  CREATE TABLE "MOH_WORKFLOW_SCHEMA"."COMMITTEE_MEMBER" 
   (	"COMMITTEE_MEMBER_ID" NUMBER, 
	"MEMBER_NAME" VARCHAR2(100 BYTE), 
	"MEMBER_TITLE" VARCHAR2(100 BYTE), 
	"MEMBER_DESCRIPTION" VARCHAR2(255 BYTE), 
	"MEMBER_MOBILE_NO" VARCHAR2(20 BYTE), 
	"ZONE_ID" NUMBER
   ) SEGMENT CREATION IMMEDIATE 
  PCTFREE 10 PCTUSED 40 INITRANS 1 MAXTRANS 255 
 NOCOMPRESS LOGGING
  STORAGE(INITIAL 65536 NEXT 1048576 MINEXTENTS 1 MAXEXTENTS 2147483645
  PCTINCREASE 0 FREELISTS 1 FREELIST GROUPS 1
  BUFFER_POOL DEFAULT FLASH_CACHE DEFAULT CELL_FLASH_CACHE DEFAULT)
  TABLESPACE "USERS" ;
--------------------------------------------------------
--  DDL for Table CUSTOM
--------------------------------------------------------

  CREATE TABLE "MOH_WORKFLOW_SCHEMA"."CUSTOM" 
   (	"CUSTOM_ID" NUMBER, 
	"CUSTOM_NAME" VARCHAR2(100 BYTE), 
	"CUSTOM_DESCRIPTION" VARCHAR2(255 BYTE)
   ) SEGMENT CREATION DEFERRED 
  PCTFREE 10 PCTUSED 40 INITRANS 1 MAXTRANS 255 
 NOCOMPRESS LOGGING
  TABLESPACE "USERS" ;
--------------------------------------------------------
--  DDL for Table DISABILITY
--------------------------------------------------------

  CREATE TABLE "MOH_WORKFLOW_SCHEMA"."DISABILITY" 
   (	"DISABILITY_ID" NUMBER, 
	"DISABILITY_NAME" VARCHAR2(355 BYTE), 
	"EQUIPMENT_ID" NUMBER, 
	"ACCEPTED" NUMBER(1,0), 
	"DISABILITY_DESCRIPTION" VARCHAR2(355 BYTE)
   ) SEGMENT CREATION IMMEDIATE 
  PCTFREE 10 PCTUSED 40 INITRANS 1 MAXTRANS 255 
 NOCOMPRESS LOGGING
  STORAGE(INITIAL 65536 NEXT 1048576 MINEXTENTS 1 MAXEXTENTS 2147483645
  PCTINCREASE 0 FREELISTS 1 FREELIST GROUPS 1
  BUFFER_POOL DEFAULT FLASH_CACHE DEFAULT CELL_FLASH_CACHE DEFAULT)
  TABLESPACE "USERS" ;
--------------------------------------------------------
--  DDL for Table DOCUMENT_TYPE
--------------------------------------------------------

  CREATE TABLE "MOH_WORKFLOW_SCHEMA"."DOCUMENT_TYPE" 
   (	"DOCUMENT_TYPE_ID" NUMBER, 
	"DOCUMENT_TYPE_NAME" VARCHAR2(100 BYTE), 
	"DOCUMENT_TYPE_DESCRIPTION" VARCHAR2(100 BYTE), 
	"CATEGORY" VARCHAR2(100 BYTE)
   ) SEGMENT CREATION DEFERRED 
  PCTFREE 10 PCTUSED 40 INITRANS 1 MAXTRANS 255 
 NOCOMPRESS LOGGING
  TABLESPACE "USERS" ;
--------------------------------------------------------
--  DDL for Table EQUIPMENT
--------------------------------------------------------

  CREATE TABLE "MOH_WORKFLOW_SCHEMA"."EQUIPMENT" 
   (	"EQUIPMENT_ID" NUMBER, 
	"EQUIPMENT_NAME" VARCHAR2(355 BYTE), 
	"EQUIPMENT_DESCRIPTION" VARCHAR2(355 BYTE)
   ) SEGMENT CREATION IMMEDIATE 
  PCTFREE 10 PCTUSED 40 INITRANS 1 MAXTRANS 255 
 NOCOMPRESS LOGGING
  STORAGE(INITIAL 65536 NEXT 1048576 MINEXTENTS 1 MAXEXTENTS 2147483645
  PCTINCREASE 0 FREELISTS 1 FREELIST GROUPS 1
  BUFFER_POOL DEFAULT FLASH_CACHE DEFAULT CELL_FLASH_CACHE DEFAULT)
  TABLESPACE "USERS" ;
--------------------------------------------------------
--  DDL for Table EYE_MEASURE
--------------------------------------------------------

  CREATE TABLE "MOH_WORKFLOW_SCHEMA"."EYE_MEASURE" 
   (	"MEASURE_ID" NUMBER, 
	"MEASURE_TITLE" VARCHAR2(100 BYTE), 
	"MEASURE_DESCRIPTION" VARCHAR2(255 BYTE)
   ) SEGMENT CREATION IMMEDIATE 
  PCTFREE 10 PCTUSED 40 INITRANS 1 MAXTRANS 255 
 NOCOMPRESS LOGGING
  STORAGE(INITIAL 65536 NEXT 1048576 MINEXTENTS 1 MAXEXTENTS 2147483645
  PCTINCREASE 0 FREELISTS 1 FREELIST GROUPS 1
  BUFFER_POOL DEFAULT FLASH_CACHE DEFAULT CELL_FLASH_CACHE DEFAULT)
  TABLESPACE "USERS" ;
--------------------------------------------------------
--  DDL for Table EYE_REVEAL
--------------------------------------------------------

  CREATE TABLE "MOH_WORKFLOW_SCHEMA"."EYE_REVEAL" 
   (	"EYE_REVEAL_ID" NUMBER, 
	"DISTINGUISH_COLOR" NUMBER(1,0), 
	"FIELD_OF_SIGHT" NUMBER, 
	"RESULT" VARCHAR2(100 BYTE), 
	"REVEAL_DONE" NUMBER, 
	"SQUINT" NUMBER, 
	"USE_GLASSES" NUMBER, 
	"LEFT_MEASURE_ID" NUMBER, 
	"RIGHT_MEASURE_ID" NUMBER, 
	"DESCRIPTION" VARCHAR2(255 BYTE), 
	"REQUEST_ID" NUMBER
   ) SEGMENT CREATION DEFERRED 
  PCTFREE 10 PCTUSED 40 INITRANS 1 MAXTRANS 255 
 NOCOMPRESS LOGGING
  TABLESPACE "USERS" ;
--------------------------------------------------------
--  DDL for Table EYE_REVEAL_SETTING
--------------------------------------------------------

  CREATE TABLE "MOH_WORKFLOW_SCHEMA"."EYE_REVEAL_SETTING" 
   (	"SETTING_ID" VARCHAR2(20 BYTE), 
	"SETTING_DESCRIPTION" VARCHAR2(100 BYTE), 
	"DISTINGUISH_COLOR" VARCHAR2(1 BYTE), 
	"SETTING_RESULT" VARCHAR2(50 BYTE), 
	"SQUINT" NUMBER(1,0), 
	"USE_GLASSES" NUMBER(1,0), 
	"LEFT_MEASURE_ID" NUMBER, 
	"RIGHT_MEASURE_ID" NUMBER
   ) SEGMENT CREATION DEFERRED 
  PCTFREE 10 PCTUSED 40 INITRANS 1 MAXTRANS 255 
 NOCOMPRESS LOGGING
  TABLESPACE "USERS" ;
--------------------------------------------------------
--  DDL for Table GOVERNATE
--------------------------------------------------------

  CREATE TABLE "MOH_WORKFLOW_SCHEMA"."GOVERNATE" 
   (	"GOVERNATE_ID" NUMBER, 
	"GOVERNATE_CODE" NUMBER, 
	"GOVERNATE_NAME" VARCHAR2(100 BYTE), 
	"ZONE_ID" NUMBER
   ) SEGMENT CREATION IMMEDIATE 
  PCTFREE 10 PCTUSED 40 INITRANS 1 MAXTRANS 255 
 NOCOMPRESS LOGGING
  STORAGE(INITIAL 65536 NEXT 1048576 MINEXTENTS 1 MAXEXTENTS 2147483645
  PCTINCREASE 0 FREELISTS 1 FREELIST GROUPS 1
  BUFFER_POOL DEFAULT FLASH_CACHE DEFAULT CELL_FLASH_CACHE DEFAULT)
  TABLESPACE "USERS" ;
--------------------------------------------------------
--  DDL for Table OCCUPATION
--------------------------------------------------------

  CREATE TABLE "MOH_WORKFLOW_SCHEMA"."OCCUPATION" 
   (	"OCCUPATION_ID" NUMBER, 
	"OCCUPATION_NAME" VARCHAR2(100 BYTE), 
	"OCCUPATION_DESCRIPTION" VARCHAR2(255 BYTE)
   ) SEGMENT CREATION IMMEDIATE 
  PCTFREE 10 PCTUSED 40 INITRANS 1 MAXTRANS 255 
 NOCOMPRESS LOGGING
  STORAGE(INITIAL 65536 NEXT 1048576 MINEXTENTS 1 MAXEXTENTS 2147483645
  PCTINCREASE 0 FREELISTS 1 FREELIST GROUPS 1
  BUFFER_POOL DEFAULT FLASH_CACHE DEFAULT CELL_FLASH_CACHE DEFAULT)
  TABLESPACE "USERS" ;
--------------------------------------------------------
--  DDL for Table REQUEST
--------------------------------------------------------

  CREATE TABLE "MOH_WORKFLOW_SCHEMA"."REQUEST" 
   (	"REQUEST_ID" NUMBER, 
	"CITIZEN_ID" NUMBER, 
	"REQUEST_TYPE_ID" NUMBER, 
	"CUSTOM_ID" NUMBER, 
	"TRAFFIC_MANAGEMENT_ID" NUMBER, 
	"REQUEST_DATE" TIMESTAMP (6), 
	"STATE" VARCHAR2(100 BYTE), 
	"EYE_REVEAL_STATE" VARCHAR2(100 BYTE), 
	"BONES_REVEAL_STATE" VARCHAR2(100 BYTE), 
	"CREATED_BY" VARCHAR2(100 BYTE), 
	"MODIFIED_BY" VARCHAR2(100 BYTE), 
	"MODIFIED_DATE" TIMESTAMP (6), 
	"BONES_COMMITTEE_ID" NUMBER, 
	"EYE_COMMITTEE_ID" NUMBER, 
	"REQUEST_STATUS_ID" NUMBER, 
	"DESCRIPTION" VARCHAR2(255 BYTE)
   ) SEGMENT CREATION DEFERRED 
  PCTFREE 10 PCTUSED 40 INITRANS 1 MAXTRANS 255 
 NOCOMPRESS LOGGING
  TABLESPACE "USERS" ;
--------------------------------------------------------
--  DDL for Table REQUEST_DOCUMENT
--------------------------------------------------------

  CREATE TABLE "MOH_WORKFLOW_SCHEMA"."REQUEST_DOCUMENT" 
   (	"REQUEST_DOCUMENT_ID" NUMBER, 
	"NAME" VARCHAR2(100 BYTE), 
	"PATH" VARCHAR2(200 BYTE), 
	"DOCUMENT_TYPE_ID" NUMBER, 
	"REQUEST_ID" NUMBER
   ) SEGMENT CREATION DEFERRED 
  PCTFREE 10 PCTUSED 40 INITRANS 1 MAXTRANS 255 
 NOCOMPRESS LOGGING
  TABLESPACE "USERS" ;
--------------------------------------------------------
--  DDL for Table REQUEST_PAYMENT
--------------------------------------------------------

  CREATE TABLE "MOH_WORKFLOW_SCHEMA"."REQUEST_PAYMENT" 
   (	"REQUEST_PAYMENT_ID" NUMBER, 
	"PAYMENT_DATE" TIMESTAMP (6), 
	"PAYMENT_DONE" NUMBER(1,0), 
	"PRICE" NUMBER, 
	"RECEIPT_SERIAL_NO" VARCHAR2(255 BYTE), 
	"REQUEST_ID" NUMBER
   ) SEGMENT CREATION DEFERRED 
  PCTFREE 10 PCTUSED 40 INITRANS 1 MAXTRANS 255 
 NOCOMPRESS LOGGING
  TABLESPACE "USERS" ;
--------------------------------------------------------
--  DDL for Table REQUEST_STATUS
--------------------------------------------------------

  CREATE TABLE "MOH_WORKFLOW_SCHEMA"."REQUEST_STATUS" 
   (	"REQUEST_STATUS_ID" NUMBER, 
	"REQUEST_STATUS_NAME" VARCHAR2(255 BYTE), 
	"REQUEST_STATUS_DESCRIPTION" VARCHAR2(300 BYTE)
   ) SEGMENT CREATION IMMEDIATE 
  PCTFREE 10 PCTUSED 40 INITRANS 1 MAXTRANS 255 
 NOCOMPRESS LOGGING
  STORAGE(INITIAL 65536 NEXT 1048576 MINEXTENTS 1 MAXEXTENTS 2147483645
  PCTINCREASE 0 FREELISTS 1 FREELIST GROUPS 1
  BUFFER_POOL DEFAULT FLASH_CACHE DEFAULT CELL_FLASH_CACHE DEFAULT)
  TABLESPACE "USERS" ;
--------------------------------------------------------
--  DDL for Table REQUEST_TYPE
--------------------------------------------------------

  CREATE TABLE "MOH_WORKFLOW_SCHEMA"."REQUEST_TYPE" 
   (	"REQUEST_TYPE_ID" NUMBER, 
	"REQUEST_TYPE_NAME" VARCHAR2(255 BYTE), 
	"REQUEST_TYPE_PRICE" NUMBER DEFAULT 0, 
	"REQUEST_TYPE_DESCRIPTION" VARCHAR2(355 BYTE)
   ) SEGMENT CREATION IMMEDIATE 
  PCTFREE 10 PCTUSED 40 INITRANS 1 MAXTRANS 255 
 NOCOMPRESS LOGGING
  STORAGE(INITIAL 65536 NEXT 1048576 MINEXTENTS 1 MAXEXTENTS 2147483645
  PCTINCREASE 0 FREELISTS 1 FREELIST GROUPS 1
  BUFFER_POOL DEFAULT FLASH_CACHE DEFAULT CELL_FLASH_CACHE DEFAULT)
  TABLESPACE "USERS" ;
--------------------------------------------------------
--  DDL for Table SYSTEM_AUDIT
--------------------------------------------------------

  CREATE TABLE "MOH_WORKFLOW_SCHEMA"."SYSTEM_AUDIT" 
   (	"AUDIT_ID" NUMBER, 
	"ACTION" VARCHAR2(255 BYTE), 
	"DETAILS" VARCHAR2(300 BYTE), 
	"REQUEST_ID" VARCHAR2(100 BYTE), 
	"PERFORMED_BY" VARCHAR2(100 BYTE), 
	"TIMESTAMP" TIMESTAMP (6), 
	"COLUMN1" VARCHAR2(20 BYTE)
   ) SEGMENT CREATION DEFERRED 
  PCTFREE 10 PCTUSED 40 INITRANS 1 MAXTRANS 255 
 NOCOMPRESS LOGGING
  TABLESPACE "USERS" ;
--------------------------------------------------------
--  DDL for Table SYSTEM_ROLE
--------------------------------------------------------

  CREATE TABLE "MOH_WORKFLOW_SCHEMA"."SYSTEM_ROLE" 
   (	"ROLE_ID" NUMBER, 
	"ROLE_NAME" VARCHAR2(150 BYTE), 
	"ROLE_DESCRIPTION" VARCHAR2(255 BYTE)
   ) SEGMENT CREATION IMMEDIATE 
  PCTFREE 10 PCTUSED 40 INITRANS 1 MAXTRANS 255 
 NOCOMPRESS LOGGING
  STORAGE(INITIAL 65536 NEXT 1048576 MINEXTENTS 1 MAXEXTENTS 2147483645
  PCTINCREASE 0 FREELISTS 1 FREELIST GROUPS 1
  BUFFER_POOL DEFAULT FLASH_CACHE DEFAULT CELL_FLASH_CACHE DEFAULT)
  TABLESPACE "USERS" ;
--------------------------------------------------------
--  DDL for Table SYSTEM_USER
--------------------------------------------------------

  CREATE TABLE "MOH_WORKFLOW_SCHEMA"."SYSTEM_USER" 
   (	"USER_ID" NUMBER, 
	"USERNAME" VARCHAR2(100 BYTE), 
	"PASSWORD" VARCHAR2(255 BYTE), 
	"CREATED_DATE" TIMESTAMP (6), 
	"ZONE_ID" NUMBER
   ) SEGMENT CREATION IMMEDIATE 
  PCTFREE 10 PCTUSED 40 INITRANS 1 MAXTRANS 255 
 NOCOMPRESS LOGGING
  STORAGE(INITIAL 65536 NEXT 1048576 MINEXTENTS 1 MAXEXTENTS 2147483645
  PCTINCREASE 0 FREELISTS 1 FREELIST GROUPS 1
  BUFFER_POOL DEFAULT FLASH_CACHE DEFAULT CELL_FLASH_CACHE DEFAULT)
  TABLESPACE "USERS" ;
--------------------------------------------------------
--  DDL for Table TRAFFIC_MANAGEMENT
--------------------------------------------------------

  CREATE TABLE "MOH_WORKFLOW_SCHEMA"."TRAFFIC_MANAGEMENT" 
   (	"TRAFFIC_ID" NUMBER, 
	"TRAFFIC_NAME" VARCHAR2(200 BYTE), 
	"TRAFFIC_DESCRIPTION" VARCHAR2(255 BYTE)
   ) SEGMENT CREATION IMMEDIATE 
  PCTFREE 10 PCTUSED 40 INITRANS 1 MAXTRANS 255 
 NOCOMPRESS LOGGING
  STORAGE(INITIAL 65536 NEXT 1048576 MINEXTENTS 1 MAXEXTENTS 2147483645
  PCTINCREASE 0 FREELISTS 1 FREELIST GROUPS 1
  BUFFER_POOL DEFAULT FLASH_CACHE DEFAULT CELL_FLASH_CACHE DEFAULT)
  TABLESPACE "USERS" ;
--------------------------------------------------------
--  DDL for Table USER_ROLES
--------------------------------------------------------

  CREATE TABLE "MOH_WORKFLOW_SCHEMA"."USER_ROLES" 
   (	"USER_ID" NUMBER, 
	"ROLE_ID" NUMBER
   ) SEGMENT CREATION IMMEDIATE 
  PCTFREE 10 PCTUSED 40 INITRANS 1 MAXTRANS 255 
 NOCOMPRESS LOGGING
  STORAGE(INITIAL 65536 NEXT 1048576 MINEXTENTS 1 MAXEXTENTS 2147483645
  PCTINCREASE 0 FREELISTS 1 FREELIST GROUPS 1
  BUFFER_POOL DEFAULT FLASH_CACHE DEFAULT CELL_FLASH_CACHE DEFAULT)
  TABLESPACE "USERS" ;
--------------------------------------------------------
--  DDL for Table ZONE
--------------------------------------------------------

  CREATE TABLE "MOH_WORKFLOW_SCHEMA"."ZONE" 
   (	"ZONE_ID" NUMBER, 
	"ZONE_NAME" VARCHAR2(100 BYTE), 
	"ZONE_DESCRIPTION" VARCHAR2(255 BYTE)
   ) SEGMENT CREATION IMMEDIATE 
  PCTFREE 10 PCTUSED 40 INITRANS 1 MAXTRANS 255 
 NOCOMPRESS LOGGING
  STORAGE(INITIAL 65536 NEXT 1048576 MINEXTENTS 1 MAXEXTENTS 2147483645
  PCTINCREASE 0 FREELISTS 1 FREELIST GROUPS 1
  BUFFER_POOL DEFAULT FLASH_CACHE DEFAULT CELL_FLASH_CACHE DEFAULT)
  TABLESPACE "USERS" ;
--------------------------------------------------------
--  DDL for Sequence SEQ_AUDIT
--------------------------------------------------------

   CREATE SEQUENCE  "MOH_WORKFLOW_SCHEMA"."SEQ_AUDIT"  MINVALUE 1 MAXVALUE 9999999999999999999999999999 INCREMENT BY 1 START WITH 1 CACHE 20 NOORDER  NOCYCLE  NOKEEP  NOSCALE  GLOBAL ;
--------------------------------------------------------
--  DDL for Sequence SEQ_BONES_REVEAL
--------------------------------------------------------

   CREATE SEQUENCE  "MOH_WORKFLOW_SCHEMA"."SEQ_BONES_REVEAL"  MINVALUE 1 MAXVALUE 9999999999999999999999999999 INCREMENT BY 1 START WITH 1 CACHE 20 NOORDER  NOCYCLE  NOKEEP  NOSCALE  GLOBAL ;
--------------------------------------------------------
--  DDL for Sequence SEQ_CITIZEN
--------------------------------------------------------

   CREATE SEQUENCE  "MOH_WORKFLOW_SCHEMA"."SEQ_CITIZEN"  MINVALUE 1 MAXVALUE 9999999999999999999999999999 INCREMENT BY 1 START WITH 1 CACHE 20 NOORDER  NOCYCLE  NOKEEP  NOSCALE  GLOBAL ;
--------------------------------------------------------
--  DDL for Sequence SEQ_CITY
--------------------------------------------------------

   CREATE SEQUENCE  "MOH_WORKFLOW_SCHEMA"."SEQ_CITY"  MINVALUE 1 MAXVALUE 9999999999999999999999999999 INCREMENT BY 1 START WITH 1 CACHE 20 NOORDER  NOCYCLE  NOKEEP  NOSCALE  GLOBAL ;
--------------------------------------------------------
--  DDL for Sequence SEQ_COMMITTEE
--------------------------------------------------------

   CREATE SEQUENCE  "MOH_WORKFLOW_SCHEMA"."SEQ_COMMITTEE"  MINVALUE 1 MAXVALUE 9999999999999999999999999999 INCREMENT BY 1 START WITH 1 CACHE 20 NOORDER  NOCYCLE  NOKEEP  NOSCALE  GLOBAL ;
--------------------------------------------------------
--  DDL for Sequence SEQ_COMMITTEE_MEMBER
--------------------------------------------------------

   CREATE SEQUENCE  "MOH_WORKFLOW_SCHEMA"."SEQ_COMMITTEE_MEMBER"  MINVALUE 1 MAXVALUE 9999999999999999999999999999 INCREMENT BY 1 START WITH 21 CACHE 20 NOORDER  NOCYCLE  NOKEEP  NOSCALE  GLOBAL ;
--------------------------------------------------------
--  DDL for Sequence SEQ_COUNCIL
--------------------------------------------------------

   CREATE SEQUENCE  "MOH_WORKFLOW_SCHEMA"."SEQ_COUNCIL"  MINVALUE 1 MAXVALUE 9999999999999999999999999999 INCREMENT BY 1 START WITH 1 CACHE 20 NOORDER  NOCYCLE  NOKEEP  NOSCALE  GLOBAL ;
--------------------------------------------------------
--  DDL for Sequence SEQ_CUSTOM
--------------------------------------------------------

   CREATE SEQUENCE  "MOH_WORKFLOW_SCHEMA"."SEQ_CUSTOM"  MINVALUE 1 MAXVALUE 9999999999999999999999999999 INCREMENT BY 1 START WITH 1 CACHE 20 NOORDER  NOCYCLE  NOKEEP  NOSCALE  GLOBAL ;
--------------------------------------------------------
--  DDL for Sequence SEQ_DISABILITY
--------------------------------------------------------

   CREATE SEQUENCE  "MOH_WORKFLOW_SCHEMA"."SEQ_DISABILITY"  MINVALUE 1 MAXVALUE 9999999999999999999999999999 INCREMENT BY 1 START WITH 1 CACHE 20 NOORDER  NOCYCLE  NOKEEP  NOSCALE  GLOBAL ;
--------------------------------------------------------
--  DDL for Sequence SEQ_DOCUMENT_TYPE
--------------------------------------------------------

   CREATE SEQUENCE  "MOH_WORKFLOW_SCHEMA"."SEQ_DOCUMENT_TYPE"  MINVALUE 1 MAXVALUE 9999999999999999999999999999 INCREMENT BY 1 START WITH 1 CACHE 20 NOORDER  NOCYCLE  NOKEEP  NOSCALE  GLOBAL ;
--------------------------------------------------------
--  DDL for Sequence SEQ_EQUIPMENT
--------------------------------------------------------

   CREATE SEQUENCE  "MOH_WORKFLOW_SCHEMA"."SEQ_EQUIPMENT"  MINVALUE 1 MAXVALUE 9999999999999999999999999999 INCREMENT BY 1 START WITH 1 CACHE 20 NOORDER  NOCYCLE  NOKEEP  NOSCALE  GLOBAL ;
--------------------------------------------------------
--  DDL for Sequence SEQ_EYE_MEASURE
--------------------------------------------------------

   CREATE SEQUENCE  "MOH_WORKFLOW_SCHEMA"."SEQ_EYE_MEASURE"  MINVALUE 1 MAXVALUE 9999999999999999999999999999 INCREMENT BY 1 START WITH 1 CACHE 20 NOORDER  NOCYCLE  NOKEEP  NOSCALE  GLOBAL ;
--------------------------------------------------------
--  DDL for Sequence SEQ_EYE_REVEAL
--------------------------------------------------------

   CREATE SEQUENCE  "MOH_WORKFLOW_SCHEMA"."SEQ_EYE_REVEAL"  MINVALUE 1 MAXVALUE 9999999999999999999999999999 INCREMENT BY 1 START WITH 1 CACHE 20 NOORDER  NOCYCLE  NOKEEP  NOSCALE  GLOBAL ;
--------------------------------------------------------
--  DDL for Sequence SEQ_GENDER
--------------------------------------------------------

   CREATE SEQUENCE  "MOH_WORKFLOW_SCHEMA"."SEQ_GENDER"  MINVALUE 1 MAXVALUE 9999999999999999999999999999 INCREMENT BY 1 START WITH 1 CACHE 20 NOORDER  NOCYCLE  NOKEEP  NOSCALE  GLOBAL ;
--------------------------------------------------------
--  DDL for Sequence SEQ_GOVERNATE
--------------------------------------------------------

   CREATE SEQUENCE  "MOH_WORKFLOW_SCHEMA"."SEQ_GOVERNATE"  MINVALUE 1 MAXVALUE 9999999999999999999999999999 INCREMENT BY 1 START WITH 1 CACHE 20 NOORDER  NOCYCLE  NOKEEP  NOSCALE  GLOBAL ;
--------------------------------------------------------
--  DDL for Sequence SEQ_OCCUPATION
--------------------------------------------------------

   CREATE SEQUENCE  "MOH_WORKFLOW_SCHEMA"."SEQ_OCCUPATION"  MINVALUE 1 MAXVALUE 9999999999999999999999999999 INCREMENT BY 1 START WITH 1 CACHE 20 NOORDER  NOCYCLE  NOKEEP  NOSCALE  GLOBAL ;
--------------------------------------------------------
--  DDL for Sequence SEQ_REQUEST
--------------------------------------------------------

   CREATE SEQUENCE  "MOH_WORKFLOW_SCHEMA"."SEQ_REQUEST"  MINVALUE 1 MAXVALUE 9999999999999999999999999999 INCREMENT BY 1 START WITH 1 CACHE 20 NOORDER  NOCYCLE  NOKEEP  NOSCALE  GLOBAL ;
--------------------------------------------------------
--  DDL for Sequence SEQ_REQUEST_DETAIL
--------------------------------------------------------

   CREATE SEQUENCE  "MOH_WORKFLOW_SCHEMA"."SEQ_REQUEST_DETAIL"  MINVALUE 1 MAXVALUE 9999999999999999999999999999 INCREMENT BY 1 START WITH 1 CACHE 20 NOORDER  NOCYCLE  NOKEEP  NOSCALE  GLOBAL ;
--------------------------------------------------------
--  DDL for Sequence SEQ_REQUEST_DOCUMENT
--------------------------------------------------------

   CREATE SEQUENCE  "MOH_WORKFLOW_SCHEMA"."SEQ_REQUEST_DOCUMENT"  MINVALUE 1 MAXVALUE 9999999999999999999999999999 INCREMENT BY 1 START WITH 1 CACHE 20 NOORDER  NOCYCLE  NOKEEP  NOSCALE  GLOBAL ;
--------------------------------------------------------
--  DDL for Sequence SEQ_REQUEST_PAYMENT
--------------------------------------------------------

   CREATE SEQUENCE  "MOH_WORKFLOW_SCHEMA"."SEQ_REQUEST_PAYMENT"  MINVALUE 1 MAXVALUE 9999999999999999999999999999 INCREMENT BY 1 START WITH 1 CACHE 20 NOORDER  NOCYCLE  NOKEEP  NOSCALE  GLOBAL ;
--------------------------------------------------------
--  DDL for Sequence SEQ_REQUEST_STATUS
--------------------------------------------------------

   CREATE SEQUENCE  "MOH_WORKFLOW_SCHEMA"."SEQ_REQUEST_STATUS"  MINVALUE 1 MAXVALUE 9999999999999999999999999999 INCREMENT BY 1 START WITH 1 CACHE 20 NOORDER  NOCYCLE  NOKEEP  NOSCALE  GLOBAL ;
--------------------------------------------------------
--  DDL for Sequence SEQ_REQUEST_TYPE
--------------------------------------------------------

   CREATE SEQUENCE  "MOH_WORKFLOW_SCHEMA"."SEQ_REQUEST_TYPE"  MINVALUE 1 MAXVALUE 9999999999999999999999999999 INCREMENT BY 1 START WITH 1 CACHE 20 NOORDER  NOCYCLE  NOKEEP  NOSCALE  GLOBAL ;
--------------------------------------------------------
--  DDL for Sequence SEQ_ROLE
--------------------------------------------------------

   CREATE SEQUENCE  "MOH_WORKFLOW_SCHEMA"."SEQ_ROLE"  MINVALUE 1 MAXVALUE 9999999999999999999999999999 INCREMENT BY 1 START WITH 20 CACHE 20 NOORDER  NOCYCLE  NOKEEP  NOSCALE  GLOBAL ;
--------------------------------------------------------
--  DDL for Sequence SEQ_TRAFFIC_MANAGEMENT
--------------------------------------------------------

   CREATE SEQUENCE  "MOH_WORKFLOW_SCHEMA"."SEQ_TRAFFIC_MANAGEMENT"  MINVALUE 1 MAXVALUE 9999999999999999999999999999 INCREMENT BY 1 START WITH 41 CACHE 20 NOORDER  NOCYCLE  NOKEEP  NOSCALE  GLOBAL ;
--------------------------------------------------------
--  DDL for Sequence SEQ_USER
--------------------------------------------------------

   CREATE SEQUENCE  "MOH_WORKFLOW_SCHEMA"."SEQ_USER"  MINVALUE 1 MAXVALUE 9999999999999999999999999999 INCREMENT BY 1 START WITH 20 CACHE 20 NOORDER  NOCYCLE  NOKEEP  NOSCALE  GLOBAL ;
--------------------------------------------------------
--  DDL for Sequence SEQ_USER_ROLES
--------------------------------------------------------

   CREATE SEQUENCE  "MOH_WORKFLOW_SCHEMA"."SEQ_USER_ROLES"  MINVALUE 1 MAXVALUE 9999999999999999999999999999 INCREMENT BY 1 START WITH 20 CACHE 20 NOORDER  NOCYCLE  NOKEEP  NOSCALE  GLOBAL ;
--------------------------------------------------------
--  DDL for Sequence SEQ_ZONE
--------------------------------------------------------

   CREATE SEQUENCE  "MOH_WORKFLOW_SCHEMA"."SEQ_ZONE"  MINVALUE 1 MAXVALUE 9999999999999999999999999999 INCREMENT BY 1 START WITH 3 CACHE 20 NOORDER  NOCYCLE  NOKEEP  NOSCALE  GLOBAL ;
REM INSERTING into MOH_WORKFLOW_SCHEMA.CITIZEN
SET DEFINE OFF;
REM INSERTING into MOH_WORKFLOW_SCHEMA.CITY
SET DEFINE OFF;
Insert into MOH_WORKFLOW_SCHEMA.CITY (CITY_ID,CITY_NAME,GOVERNATE_ID) values (1,'????',15);
Insert into MOH_WORKFLOW_SCHEMA.CITY (CITY_ID,CITY_NAME,GOVERNATE_ID) values (2,'????',15);
Insert into MOH_WORKFLOW_SCHEMA.CITY (CITY_ID,CITY_NAME,GOVERNATE_ID) values (3,'????? ???????',21);
Insert into MOH_WORKFLOW_SCHEMA.CITY (CITY_ID,CITY_NAME,GOVERNATE_ID) values (4,'????? ????????',1);
Insert into MOH_WORKFLOW_SCHEMA.CITY (CITY_ID,CITY_NAME,GOVERNATE_ID) values (5,'??????',1);
Insert into MOH_WORKFLOW_SCHEMA.CITY (CITY_ID,CITY_NAME,GOVERNATE_ID) values (6,'??? ???????',1);
Insert into MOH_WORKFLOW_SCHEMA.CITY (CITY_ID,CITY_NAME,GOVERNATE_ID) values (7,'???????',21);
Insert into MOH_WORKFLOW_SCHEMA.CITY (CITY_ID,CITY_NAME,GOVERNATE_ID) values (8,'??????',21);
Insert into MOH_WORKFLOW_SCHEMA.CITY (CITY_ID,CITY_NAME,GOVERNATE_ID) values (9,'????????',1);
Insert into MOH_WORKFLOW_SCHEMA.CITY (CITY_ID,CITY_NAME,GOVERNATE_ID) values (10,'????? ??????',1);
Insert into MOH_WORKFLOW_SCHEMA.CITY (CITY_ID,CITY_NAME,GOVERNATE_ID) values (11,'?????????',1);
Insert into MOH_WORKFLOW_SCHEMA.CITY (CITY_ID,CITY_NAME,GOVERNATE_ID) values (12,'???????',1);
Insert into MOH_WORKFLOW_SCHEMA.CITY (CITY_ID,CITY_NAME,GOVERNATE_ID) values (13,'??????',14);
Insert into MOH_WORKFLOW_SCHEMA.CITY (CITY_ID,CITY_NAME,GOVERNATE_ID) values (14,'????',4);
Insert into MOH_WORKFLOW_SCHEMA.CITY (CITY_ID,CITY_NAME,GOVERNATE_ID) values (15,'??????',15);
Insert into MOH_WORKFLOW_SCHEMA.CITY (CITY_ID,CITY_NAME,GOVERNATE_ID) values (16,'?????',21);
Insert into MOH_WORKFLOW_SCHEMA.CITY (CITY_ID,CITY_NAME,GOVERNATE_ID) values (17,'??????? ???????',1);
Insert into MOH_WORKFLOW_SCHEMA.CITY (CITY_ID,CITY_NAME,GOVERNATE_ID) values (18,'????????',1);
Insert into MOH_WORKFLOW_SCHEMA.CITY (CITY_ID,CITY_NAME,GOVERNATE_ID) values (19,'???? ??????',23);
Insert into MOH_WORKFLOW_SCHEMA.CITY (CITY_ID,CITY_NAME,GOVERNATE_ID) values (20,'????????',1);
Insert into MOH_WORKFLOW_SCHEMA.CITY (CITY_ID,CITY_NAME,GOVERNATE_ID) values (21,'??????',1);
Insert into MOH_WORKFLOW_SCHEMA.CITY (CITY_ID,CITY_NAME,GOVERNATE_ID) values (22,'??????',1);
Insert into MOH_WORKFLOW_SCHEMA.CITY (CITY_ID,CITY_NAME,GOVERNATE_ID) values (23,'?????? ???????',1);
Insert into MOH_WORKFLOW_SCHEMA.CITY (CITY_ID,CITY_NAME,GOVERNATE_ID) values (24,'?????',2);
Insert into MOH_WORKFLOW_SCHEMA.CITY (CITY_ID,CITY_NAME,GOVERNATE_ID) values (25,'???????',2);
Insert into MOH_WORKFLOW_SCHEMA.CITY (CITY_ID,CITY_NAME,GOVERNATE_ID) values (26,'????????',21);
Insert into MOH_WORKFLOW_SCHEMA.CITY (CITY_ID,CITY_NAME,GOVERNATE_ID) values (27,'????',29);
Insert into MOH_WORKFLOW_SCHEMA.CITY (CITY_ID,CITY_NAME,GOVERNATE_ID) values (28,'???? ???',18);
Insert into MOH_WORKFLOW_SCHEMA.CITY (CITY_ID,CITY_NAME,GOVERNATE_ID) values (29,'?????????',21);
Insert into MOH_WORKFLOW_SCHEMA.CITY (CITY_ID,CITY_NAME,GOVERNATE_ID) values (30,'???? ????',29);
Insert into MOH_WORKFLOW_SCHEMA.CITY (CITY_ID,CITY_NAME,GOVERNATE_ID) values (31,'????????',1);
Insert into MOH_WORKFLOW_SCHEMA.CITY (CITY_ID,CITY_NAME,GOVERNATE_ID) values (32,'???? ?????',2);
Insert into MOH_WORKFLOW_SCHEMA.CITY (CITY_ID,CITY_NAME,GOVERNATE_ID) values (33,'??????????? ???',19);
Insert into MOH_WORKFLOW_SCHEMA.CITY (CITY_ID,CITY_NAME,GOVERNATE_ID) values (34,'??????????? ????',19);
Insert into MOH_WORKFLOW_SCHEMA.CITY (CITY_ID,CITY_NAME,GOVERNATE_ID) values (35,'???????? ???',13);
Insert into MOH_WORKFLOW_SCHEMA.CITY (CITY_ID,CITY_NAME,GOVERNATE_ID) values (36,'???????? ???',13);
Insert into MOH_WORKFLOW_SCHEMA.CITY (CITY_ID,CITY_NAME,GOVERNATE_ID) values (37,'?????',2);
Insert into MOH_WORKFLOW_SCHEMA.CITY (CITY_ID,CITY_NAME,GOVERNATE_ID) values (38,'15 ????',1);
Insert into MOH_WORKFLOW_SCHEMA.CITY (CITY_ID,CITY_NAME,GOVERNATE_ID) values (39,'???? ??',2);
Insert into MOH_WORKFLOW_SCHEMA.CITY (CITY_ID,CITY_NAME,GOVERNATE_ID) values (40,'???',1);
Insert into MOH_WORKFLOW_SCHEMA.CITY (CITY_ID,CITY_NAME,GOVERNATE_ID) values (41,'????? ???',28);
Insert into MOH_WORKFLOW_SCHEMA.CITY (CITY_ID,CITY_NAME,GOVERNATE_ID) values (42,'?????????',21);
Insert into MOH_WORKFLOW_SCHEMA.CITY (CITY_ID,CITY_NAME,GOVERNATE_ID) values (43,'??????',21);
Insert into MOH_WORKFLOW_SCHEMA.CITY (CITY_ID,CITY_NAME,GOVERNATE_ID) values (44,'????? ???',25);
Insert into MOH_WORKFLOW_SCHEMA.CITY (CITY_ID,CITY_NAME,GOVERNATE_ID) values (45,'?????????',11);
Insert into MOH_WORKFLOW_SCHEMA.CITY (CITY_ID,CITY_NAME,GOVERNATE_ID) values (46,'??????',1);
Insert into MOH_WORKFLOW_SCHEMA.CITY (CITY_ID,CITY_NAME,GOVERNATE_ID) values (47,'?????? ???',34);
Insert into MOH_WORKFLOW_SCHEMA.CITY (CITY_ID,CITY_NAME,GOVERNATE_ID) values (48,'???? ?????? ???',14);
Insert into MOH_WORKFLOW_SCHEMA.CITY (CITY_ID,CITY_NAME,GOVERNATE_ID) values (49,'???? ?????? ???',14);
Insert into MOH_WORKFLOW_SCHEMA.CITY (CITY_ID,CITY_NAME,GOVERNATE_ID) values (50,'??????',14);
Insert into MOH_WORKFLOW_SCHEMA.CITY (CITY_ID,CITY_NAME,GOVERNATE_ID) values (51,'???',14);
Insert into MOH_WORKFLOW_SCHEMA.CITY (CITY_ID,CITY_NAME,GOVERNATE_ID) values (52,'??????',2);
Insert into MOH_WORKFLOW_SCHEMA.CITY (CITY_ID,CITY_NAME,GOVERNATE_ID) values (53,'????????',2);
Insert into MOH_WORKFLOW_SCHEMA.CITY (CITY_ID,CITY_NAME,GOVERNATE_ID) values (54,'???????',2);
Insert into MOH_WORKFLOW_SCHEMA.CITY (CITY_ID,CITY_NAME,GOVERNATE_ID) values (55,'?????? ?????',1);
Insert into MOH_WORKFLOW_SCHEMA.CITY (CITY_ID,CITY_NAME,GOVERNATE_ID) values (56,'?????? ??????',1);
Insert into MOH_WORKFLOW_SCHEMA.CITY (CITY_ID,CITY_NAME,GOVERNATE_ID) values (57,'????? ??? - ???',1);
Insert into MOH_WORKFLOW_SCHEMA.CITY (CITY_ID,CITY_NAME,GOVERNATE_ID) values (58,'????? ??? - ???',1);
Insert into MOH_WORKFLOW_SCHEMA.CITY (CITY_ID,CITY_NAME,GOVERNATE_ID) values (59,'???????',1);
Insert into MOH_WORKFLOW_SCHEMA.CITY (CITY_ID,CITY_NAME,GOVERNATE_ID) values (60,'???????',1);
Insert into MOH_WORKFLOW_SCHEMA.CITY (CITY_ID,CITY_NAME,GOVERNATE_ID) values (61,'???????',1);
Insert into MOH_WORKFLOW_SCHEMA.CITY (CITY_ID,CITY_NAME,GOVERNATE_ID) values (62,'??????',1);
Insert into MOH_WORKFLOW_SCHEMA.CITY (CITY_ID,CITY_NAME,GOVERNATE_ID) values (63,'??? ???????',1);
Insert into MOH_WORKFLOW_SCHEMA.CITY (CITY_ID,CITY_NAME,GOVERNATE_ID) values (64,' ??? ??????',1);
Insert into MOH_WORKFLOW_SCHEMA.CITY (CITY_ID,CITY_NAME,GOVERNATE_ID) values (65,'?????',1);
Insert into MOH_WORKFLOW_SCHEMA.CITY (CITY_ID,CITY_NAME,GOVERNATE_ID) values (66,'???????',1);
Insert into MOH_WORKFLOW_SCHEMA.CITY (CITY_ID,CITY_NAME,GOVERNATE_ID) values (67,'??? ???',1);
Insert into MOH_WORKFLOW_SCHEMA.CITY (CITY_ID,CITY_NAME,GOVERNATE_ID) values (68,'??????',1);
Insert into MOH_WORKFLOW_SCHEMA.CITY (CITY_ID,CITY_NAME,GOVERNATE_ID) values (69,'??????',1);
Insert into MOH_WORKFLOW_SCHEMA.CITY (CITY_ID,CITY_NAME,GOVERNATE_ID) values (70,'??????? ???????',1);
Insert into MOH_WORKFLOW_SCHEMA.CITY (CITY_ID,CITY_NAME,GOVERNATE_ID) values (71,'????? ?????',1);
Insert into MOH_WORKFLOW_SCHEMA.CITY (CITY_ID,CITY_NAME,GOVERNATE_ID) values (72,'?????',1);
Insert into MOH_WORKFLOW_SCHEMA.CITY (CITY_ID,CITY_NAME,GOVERNATE_ID) values (73,'????????',1);
Insert into MOH_WORKFLOW_SCHEMA.CITY (CITY_ID,CITY_NAME,GOVERNATE_ID) values (74,'??? ???????',1);
Insert into MOH_WORKFLOW_SCHEMA.CITY (CITY_ID,CITY_NAME,GOVERNATE_ID) values (75,'???????',1);
Insert into MOH_WORKFLOW_SCHEMA.CITY (CITY_ID,CITY_NAME,GOVERNATE_ID) values (76,'??? ?????',1);
Insert into MOH_WORKFLOW_SCHEMA.CITY (CITY_ID,CITY_NAME,GOVERNATE_ID) values (77,'????? ????',1);
Insert into MOH_WORKFLOW_SCHEMA.CITY (CITY_ID,CITY_NAME,GOVERNATE_ID) values (78,'?????? ????',1);
Insert into MOH_WORKFLOW_SCHEMA.CITY (CITY_ID,CITY_NAME,GOVERNATE_ID) values (79,'??? ???????',1);
Insert into MOH_WORKFLOW_SCHEMA.CITY (CITY_ID,CITY_NAME,GOVERNATE_ID) values (80,'??????',1);
Insert into MOH_WORKFLOW_SCHEMA.CITY (CITY_ID,CITY_NAME,GOVERNATE_ID) values (81,'??? ???????',1);
Insert into MOH_WORKFLOW_SCHEMA.CITY (CITY_ID,CITY_NAME,GOVERNATE_ID) values (82,'???????',1);
Insert into MOH_WORKFLOW_SCHEMA.CITY (CITY_ID,CITY_NAME,GOVERNATE_ID) values (83,'????',1);
Insert into MOH_WORKFLOW_SCHEMA.CITY (CITY_ID,CITY_NAME,GOVERNATE_ID) values (84,'???????',2);
Insert into MOH_WORKFLOW_SCHEMA.CITY (CITY_ID,CITY_NAME,GOVERNATE_ID) values (85,'?????',2);
Insert into MOH_WORKFLOW_SCHEMA.CITY (CITY_ID,CITY_NAME,GOVERNATE_ID) values (86,'?????',2);
Insert into MOH_WORKFLOW_SCHEMA.CITY (CITY_ID,CITY_NAME,GOVERNATE_ID) values (87,'??????',2);
Insert into MOH_WORKFLOW_SCHEMA.CITY (CITY_ID,CITY_NAME,GOVERNATE_ID) values (88,'??????',2);
Insert into MOH_WORKFLOW_SCHEMA.CITY (CITY_ID,CITY_NAME,GOVERNATE_ID) values (89,'????????',2);
Insert into MOH_WORKFLOW_SCHEMA.CITY (CITY_ID,CITY_NAME,GOVERNATE_ID) values (90,'??? ?????',2);
Insert into MOH_WORKFLOW_SCHEMA.CITY (CITY_ID,CITY_NAME,GOVERNATE_ID) values (91,'???????????',19);
Insert into MOH_WORKFLOW_SCHEMA.CITY (CITY_ID,CITY_NAME,GOVERNATE_ID) values (92,'???? ??????',19);
Insert into MOH_WORKFLOW_SCHEMA.CITY (CITY_ID,CITY_NAME,GOVERNATE_ID) values (93,'????',19);
Insert into MOH_WORKFLOW_SCHEMA.CITY (CITY_ID,CITY_NAME,GOVERNATE_ID) values (94,'??????? ???',19);
Insert into MOH_WORKFLOW_SCHEMA.CITY (CITY_ID,CITY_NAME,GOVERNATE_ID) values (95,'??????? ???',19);
Insert into MOH_WORKFLOW_SCHEMA.CITY (CITY_ID,CITY_NAME,GOVERNATE_ID) values (96,'??? ????',19);
Insert into MOH_WORKFLOW_SCHEMA.CITY (CITY_ID,CITY_NAME,GOVERNATE_ID) values (97,'????????',19);
Insert into MOH_WORKFLOW_SCHEMA.CITY (CITY_ID,CITY_NAME,GOVERNATE_ID) values (98,'?????',28);
Insert into MOH_WORKFLOW_SCHEMA.CITY (CITY_ID,CITY_NAME,GOVERNATE_ID) values (99,'????',28);
Insert into MOH_WORKFLOW_SCHEMA.CITY (CITY_ID,CITY_NAME,GOVERNATE_ID) values (100,'??? ????',28);
Insert into MOH_WORKFLOW_SCHEMA.CITY (CITY_ID,CITY_NAME,GOVERNATE_ID) values (101,'????',28);
Insert into MOH_WORKFLOW_SCHEMA.CITY (CITY_ID,CITY_NAME,GOVERNATE_ID) values (102,'??? ??????',28);
Insert into MOH_WORKFLOW_SCHEMA.CITY (CITY_ID,CITY_NAME,GOVERNATE_ID) values (103,'?????',25);
Insert into MOH_WORKFLOW_SCHEMA.CITY (CITY_ID,CITY_NAME,GOVERNATE_ID) values (104,'?????',25);
Insert into MOH_WORKFLOW_SCHEMA.CITY (CITY_ID,CITY_NAME,GOVERNATE_ID) values (105,'?????',25);
Insert into MOH_WORKFLOW_SCHEMA.CITY (CITY_ID,CITY_NAME,GOVERNATE_ID) values (106,'?????',25);
Insert into MOH_WORKFLOW_SCHEMA.CITY (CITY_ID,CITY_NAME,GOVERNATE_ID) values (107,'??????',25);
Insert into MOH_WORKFLOW_SCHEMA.CITY (CITY_ID,CITY_NAME,GOVERNATE_ID) values (108,'??? ???',25);
Insert into MOH_WORKFLOW_SCHEMA.CITY (CITY_ID,CITY_NAME,GOVERNATE_ID) values (109,'???????',25);
Insert into MOH_WORKFLOW_SCHEMA.CITY (CITY_ID,CITY_NAME,GOVERNATE_ID) values (110,'???? ????',25);
Insert into MOH_WORKFLOW_SCHEMA.CITY (CITY_ID,CITY_NAME,GOVERNATE_ID) values (111,'???????',25);
Insert into MOH_WORKFLOW_SCHEMA.CITY (CITY_ID,CITY_NAME,GOVERNATE_ID) values (112,'????',25);
Insert into MOH_WORKFLOW_SCHEMA.CITY (CITY_ID,CITY_NAME,GOVERNATE_ID) values (113,'?????',25);
Insert into MOH_WORKFLOW_SCHEMA.CITY (CITY_ID,CITY_NAME,GOVERNATE_ID) values (114,'???????',31);
Insert into MOH_WORKFLOW_SCHEMA.CITY (CITY_ID,CITY_NAME,GOVERNATE_ID) values (115,'?????',31);
Insert into MOH_WORKFLOW_SCHEMA.CITY (CITY_ID,CITY_NAME,GOVERNATE_ID) values (116,'???? ???',31);
Insert into MOH_WORKFLOW_SCHEMA.CITY (CITY_ID,CITY_NAME,GOVERNATE_ID) values (117,'??????',31);
Insert into MOH_WORKFLOW_SCHEMA.CITY (CITY_ID,CITY_NAME,GOVERNATE_ID) values (118,'??? ????',31);
Insert into MOH_WORKFLOW_SCHEMA.CITY (CITY_ID,CITY_NAME,GOVERNATE_ID) values (119,'??????',31);
Insert into MOH_WORKFLOW_SCHEMA.CITY (CITY_ID,CITY_NAME,GOVERNATE_ID) values (120,'????',18);
Insert into MOH_WORKFLOW_SCHEMA.CITY (CITY_ID,CITY_NAME,GOVERNATE_ID) values (121,'???????',18);
Insert into MOH_WORKFLOW_SCHEMA.CITY (CITY_ID,CITY_NAME,GOVERNATE_ID) values (122,'????? ???????',18);
Insert into MOH_WORKFLOW_SCHEMA.CITY (CITY_ID,CITY_NAME,GOVERNATE_ID) values (123,'??? ???',18);
Insert into MOH_WORKFLOW_SCHEMA.CITY (CITY_ID,CITY_NAME,GOVERNATE_ID) values (124,'??? ??????',18);
Insert into MOH_WORKFLOW_SCHEMA.CITY (CITY_ID,CITY_NAME,GOVERNATE_ID) values (125,'????????',18);
Insert into MOH_WORKFLOW_SCHEMA.CITY (CITY_ID,CITY_NAME,GOVERNATE_ID) values (126,'??? ?????',18);
Insert into MOH_WORKFLOW_SCHEMA.CITY (CITY_ID,CITY_NAME,GOVERNATE_ID) values (127,'??? ????',18);
Insert into MOH_WORKFLOW_SCHEMA.CITY (CITY_ID,CITY_NAME,GOVERNATE_ID) values (128,'??????',18);
Insert into MOH_WORKFLOW_SCHEMA.CITY (CITY_ID,CITY_NAME,GOVERNATE_ID) values (129,'?????????',18);
Insert into MOH_WORKFLOW_SCHEMA.CITY (CITY_ID,CITY_NAME,GOVERNATE_ID) values (130,'????',18);
Insert into MOH_WORKFLOW_SCHEMA.CITY (CITY_ID,CITY_NAME,GOVERNATE_ID) values (131,'??? ????????',18);
Insert into MOH_WORKFLOW_SCHEMA.CITY (CITY_ID,CITY_NAME,GOVERNATE_ID) values (132,'?????????',18);
Insert into MOH_WORKFLOW_SCHEMA.CITY (CITY_ID,CITY_NAME,GOVERNATE_ID) values (133,'????????? ???????',18);
Insert into MOH_WORKFLOW_SCHEMA.CITY (CITY_ID,CITY_NAME,GOVERNATE_ID) values (134,'???? ???????',18);
Insert into MOH_WORKFLOW_SCHEMA.CITY (CITY_ID,CITY_NAME,GOVERNATE_ID) values (135,'?? ?????',3);
Insert into MOH_WORKFLOW_SCHEMA.CITY (CITY_ID,CITY_NAME,GOVERNATE_ID) values (136,'?? ??????',3);
Insert into MOH_WORKFLOW_SCHEMA.CITY (CITY_ID,CITY_NAME,GOVERNATE_ID) values (137,'?? ???????',3);
Insert into MOH_WORKFLOW_SCHEMA.CITY (CITY_ID,CITY_NAME,GOVERNATE_ID) values (138,'?? ???????',3);
Insert into MOH_WORKFLOW_SCHEMA.CITY (CITY_ID,CITY_NAME,GOVERNATE_ID) values (139,'?? ??????',3);
Insert into MOH_WORKFLOW_SCHEMA.CITY (CITY_ID,CITY_NAME,GOVERNATE_ID) values (140,'?? ??????',3);
Insert into MOH_WORKFLOW_SCHEMA.CITY (CITY_ID,CITY_NAME,GOVERNATE_ID) values (141,'?? ?????',3);
Insert into MOH_WORKFLOW_SCHEMA.CITY (CITY_ID,CITY_NAME,GOVERNATE_ID) values (142,'??? ????',22);
Insert into MOH_WORKFLOW_SCHEMA.CITY (CITY_ID,CITY_NAME,GOVERNATE_ID) values (143,'???? ????',22);
Insert into MOH_WORKFLOW_SCHEMA.CITY (CITY_ID,CITY_NAME,GOVERNATE_ID) values (144,'?????',22);
Insert into MOH_WORKFLOW_SCHEMA.CITY (CITY_ID,CITY_NAME,GOVERNATE_ID) values (145,'???',22);
Insert into MOH_WORKFLOW_SCHEMA.CITY (CITY_ID,CITY_NAME,GOVERNATE_ID) values (146,'???????',22);
Insert into MOH_WORKFLOW_SCHEMA.CITY (CITY_ID,CITY_NAME,GOVERNATE_ID) values (147,'???????',22);
Insert into MOH_WORKFLOW_SCHEMA.CITY (CITY_ID,CITY_NAME,GOVERNATE_ID) values (148,'?????',22);
Insert into MOH_WORKFLOW_SCHEMA.CITY (CITY_ID,CITY_NAME,GOVERNATE_ID) values (149,'???? ??????',21);
Insert into MOH_WORKFLOW_SCHEMA.CITY (CITY_ID,CITY_NAME,GOVERNATE_ID) values (150,'?????',21);
Insert into MOH_WORKFLOW_SCHEMA.CITY (CITY_ID,CITY_NAME,GOVERNATE_ID) values (151,'?????????',21);
Insert into MOH_WORKFLOW_SCHEMA.CITY (CITY_ID,CITY_NAME,GOVERNATE_ID) values (152,'??????',21);
Insert into MOH_WORKFLOW_SCHEMA.CITY (CITY_ID,CITY_NAME,GOVERNATE_ID) values (153,'?? ????',21);
Insert into MOH_WORKFLOW_SCHEMA.CITY (CITY_ID,CITY_NAME,GOVERNATE_ID) values (154,'6 ??????',21);
Insert into MOH_WORKFLOW_SCHEMA.CITY (CITY_ID,CITY_NAME,GOVERNATE_ID) values (155,'?? ?????',21);
Insert into MOH_WORKFLOW_SCHEMA.CITY (CITY_ID,CITY_NAME,GOVERNATE_ID) values (156,'????????',21);
Insert into MOH_WORKFLOW_SCHEMA.CITY (CITY_ID,CITY_NAME,GOVERNATE_ID) values (157,'??????',21);
Insert into MOH_WORKFLOW_SCHEMA.CITY (CITY_ID,CITY_NAME,GOVERNATE_ID) values (158,'?????',21);
Insert into MOH_WORKFLOW_SCHEMA.CITY (CITY_ID,CITY_NAME,GOVERNATE_ID) values (159,'??????? ???????',21);
Insert into MOH_WORKFLOW_SCHEMA.CITY (CITY_ID,CITY_NAME,GOVERNATE_ID) values (160,'????',21);
Insert into MOH_WORKFLOW_SCHEMA.CITY (CITY_ID,CITY_NAME,GOVERNATE_ID) values (161,'???????',12);
Insert into MOH_WORKFLOW_SCHEMA.CITY (CITY_ID,CITY_NAME,GOVERNATE_ID) values (162,'????????',12);
Insert into MOH_WORKFLOW_SCHEMA.CITY (CITY_ID,CITY_NAME,GOVERNATE_ID) values (163,'?????',12);
Insert into MOH_WORKFLOW_SCHEMA.CITY (CITY_ID,CITY_NAME,GOVERNATE_ID) values (164,'??? ???',12);
Insert into MOH_WORKFLOW_SCHEMA.CITY (CITY_ID,CITY_NAME,GOVERNATE_ID) values (165,'????',12);
Insert into MOH_WORKFLOW_SCHEMA.CITY (CITY_ID,CITY_NAME,GOVERNATE_ID) values (166,'???',12);
Insert into MOH_WORKFLOW_SCHEMA.CITY (CITY_ID,CITY_NAME,GOVERNATE_ID) values (167,'?????',12);
Insert into MOH_WORKFLOW_SCHEMA.CITY (CITY_ID,CITY_NAME,GOVERNATE_ID) values (168,'??????????',12);
Insert into MOH_WORKFLOW_SCHEMA.CITY (CITY_ID,CITY_NAME,GOVERNATE_ID) values (169,'?????',12);
Insert into MOH_WORKFLOW_SCHEMA.CITY (CITY_ID,CITY_NAME,GOVERNATE_ID) values (170,'????',12);
Insert into MOH_WORKFLOW_SCHEMA.CITY (CITY_ID,CITY_NAME,GOVERNATE_ID) values (171,'????????',12);
Insert into MOH_WORKFLOW_SCHEMA.CITY (CITY_ID,CITY_NAME,GOVERNATE_ID) values (172,'???? ?????',12);
Insert into MOH_WORKFLOW_SCHEMA.CITY (CITY_ID,CITY_NAME,GOVERNATE_ID) values (173,'??? ????',12);
Insert into MOH_WORKFLOW_SCHEMA.CITY (CITY_ID,CITY_NAME,GOVERNATE_ID) values (174,'??? ?????',12);
Insert into MOH_WORKFLOW_SCHEMA.CITY (CITY_ID,CITY_NAME,GOVERNATE_ID) values (175,'??????',12);
Insert into MOH_WORKFLOW_SCHEMA.CITY (CITY_ID,CITY_NAME,GOVERNATE_ID) values (176,'??? ???????',12);
Insert into MOH_WORKFLOW_SCHEMA.CITY (CITY_ID,CITY_NAME,GOVERNATE_ID) values (177,'?????',12);
Insert into MOH_WORKFLOW_SCHEMA.CITY (CITY_ID,CITY_NAME,GOVERNATE_ID) values (178,'?????',11);
Insert into MOH_WORKFLOW_SCHEMA.CITY (CITY_ID,CITY_NAME,GOVERNATE_ID) values (179,'??? ???',11);
Insert into MOH_WORKFLOW_SCHEMA.CITY (CITY_ID,CITY_NAME,GOVERNATE_ID) values (180,'???????',11);
Insert into MOH_WORKFLOW_SCHEMA.CITY (CITY_ID,CITY_NAME,GOVERNATE_ID) values (181,'??????',11);
Insert into MOH_WORKFLOW_SCHEMA.CITY (CITY_ID,CITY_NAME,GOVERNATE_ID) values (182,'?????',26);
Insert into MOH_WORKFLOW_SCHEMA.CITY (CITY_ID,CITY_NAME,GOVERNATE_ID) values (183,'???????',26);
Insert into MOH_WORKFLOW_SCHEMA.CITY (CITY_ID,CITY_NAME,GOVERNATE_ID) values (184,'????',26);
Insert into MOH_WORKFLOW_SCHEMA.CITY (CITY_ID,CITY_NAME,GOVERNATE_ID) values (185,'??? ??????',26);
Insert into MOH_WORKFLOW_SCHEMA.CITY (CITY_ID,CITY_NAME,GOVERNATE_ID) values (186,'?????',26);
Insert into MOH_WORKFLOW_SCHEMA.CITY (CITY_ID,CITY_NAME,GOVERNATE_ID) values (187,'??????',26);
Insert into MOH_WORKFLOW_SCHEMA.CITY (CITY_ID,CITY_NAME,GOVERNATE_ID) values (188,'?????',26);
Insert into MOH_WORKFLOW_SCHEMA.CITY (CITY_ID,CITY_NAME,GOVERNATE_ID) values (189,'???',26);
Insert into MOH_WORKFLOW_SCHEMA.CITY (CITY_ID,CITY_NAME,GOVERNATE_ID) values (190,'????',26);
Insert into MOH_WORKFLOW_SCHEMA.CITY (CITY_ID,CITY_NAME,GOVERNATE_ID) values (191,'???????',26);
Insert into MOH_WORKFLOW_SCHEMA.CITY (CITY_ID,CITY_NAME,GOVERNATE_ID) values (192,'???????',26);
Insert into MOH_WORKFLOW_SCHEMA.CITY (CITY_ID,CITY_NAME,GOVERNATE_ID) values (193,'??????',4);
Insert into MOH_WORKFLOW_SCHEMA.CITY (CITY_ID,CITY_NAME,GOVERNATE_ID) values (194,'????????',4);
Insert into MOH_WORKFLOW_SCHEMA.CITY (CITY_ID,CITY_NAME,GOVERNATE_ID) values (195,'?????',4);
Insert into MOH_WORKFLOW_SCHEMA.CITY (CITY_ID,CITY_NAME,GOVERNATE_ID) values (196,'???????',4);
Insert into MOH_WORKFLOW_SCHEMA.CITY (CITY_ID,CITY_NAME,GOVERNATE_ID) values (197,'??? ????',13);
Insert into MOH_WORKFLOW_SCHEMA.CITY (CITY_ID,CITY_NAME,GOVERNATE_ID) values (198,'??? ????',13);
Insert into MOH_WORKFLOW_SCHEMA.CITY (CITY_ID,CITY_NAME,GOVERNATE_ID) values (199,'????? ???',13);
Insert into MOH_WORKFLOW_SCHEMA.CITY (CITY_ID,CITY_NAME,GOVERNATE_ID) values (200,'?????',13);
Insert into MOH_WORKFLOW_SCHEMA.CITY (CITY_ID,CITY_NAME,GOVERNATE_ID) values (201,'????????',13);
Insert into MOH_WORKFLOW_SCHEMA.CITY (CITY_ID,CITY_NAME,GOVERNATE_ID) values (202,'???? ???',13);
Insert into MOH_WORKFLOW_SCHEMA.CITY (CITY_ID,CITY_NAME,GOVERNATE_ID) values (203,'????????',13);
Insert into MOH_WORKFLOW_SCHEMA.CITY (CITY_ID,CITY_NAME,GOVERNATE_ID) values (204,'????????',13);
Insert into MOH_WORKFLOW_SCHEMA.CITY (CITY_ID,CITY_NAME,GOVERNATE_ID) values (205,'?????? ?? ?????',13);
Insert into MOH_WORKFLOW_SCHEMA.CITY (CITY_ID,CITY_NAME,GOVERNATE_ID) values (206,'?????',13);
Insert into MOH_WORKFLOW_SCHEMA.CITY (CITY_ID,CITY_NAME,GOVERNATE_ID) values (207,'??? ???',13);
Insert into MOH_WORKFLOW_SCHEMA.CITY (CITY_ID,CITY_NAME,GOVERNATE_ID) values (208,'???? ?????',13);
Insert into MOH_WORKFLOW_SCHEMA.CITY (CITY_ID,CITY_NAME,GOVERNATE_ID) values (209,'????',13);
Insert into MOH_WORKFLOW_SCHEMA.CITY (CITY_ID,CITY_NAME,GOVERNATE_ID) values (210,'????? ?????',13);
Insert into MOH_WORKFLOW_SCHEMA.CITY (CITY_ID,CITY_NAME,GOVERNATE_ID) values (211,'???????????',13);
Insert into MOH_WORKFLOW_SCHEMA.CITY (CITY_ID,CITY_NAME,GOVERNATE_ID) values (212,'???????',1);
Insert into MOH_WORKFLOW_SCHEMA.CITY (CITY_ID,CITY_NAME,GOVERNATE_ID) values (213,'??????',13);
Insert into MOH_WORKFLOW_SCHEMA.CITY (CITY_ID,CITY_NAME,GOVERNATE_ID) values (214,'????????',13);
Insert into MOH_WORKFLOW_SCHEMA.CITY (CITY_ID,CITY_NAME,GOVERNATE_ID) values (215,'????',35);
Insert into MOH_WORKFLOW_SCHEMA.CITY (CITY_ID,CITY_NAME,GOVERNATE_ID) values (216,'?????',35);
Insert into MOH_WORKFLOW_SCHEMA.CITY (CITY_ID,CITY_NAME,GOVERNATE_ID) values (217,'???',35);
Insert into MOH_WORKFLOW_SCHEMA.CITY (CITY_ID,CITY_NAME,GOVERNATE_ID) values (218,'???',35);
Insert into MOH_WORKFLOW_SCHEMA.CITY (CITY_ID,CITY_NAME,GOVERNATE_ID) values (219,'??? ???',35);
Insert into MOH_WORKFLOW_SCHEMA.CITY (CITY_ID,CITY_NAME,GOVERNATE_ID) values (220,'??? ?????',35);
Insert into MOH_WORKFLOW_SCHEMA.CITY (CITY_ID,CITY_NAME,GOVERNATE_ID) values (221,'??? ?????',34);
Insert into MOH_WORKFLOW_SCHEMA.CITY (CITY_ID,CITY_NAME,GOVERNATE_ID) values (222,'??????',34);
Insert into MOH_WORKFLOW_SCHEMA.CITY (CITY_ID,CITY_NAME,GOVERNATE_ID) values (223,'??????',34);
Insert into MOH_WORKFLOW_SCHEMA.CITY (CITY_ID,CITY_NAME,GOVERNATE_ID) values (224,'????? ????',34);
Insert into MOH_WORKFLOW_SCHEMA.CITY (CITY_ID,CITY_NAME,GOVERNATE_ID) values (225,'???',34);
Insert into MOH_WORKFLOW_SCHEMA.CITY (CITY_ID,CITY_NAME,GOVERNATE_ID) values (226,'?????? ??????',16);
Insert into MOH_WORKFLOW_SCHEMA.CITY (CITY_ID,CITY_NAME,GOVERNATE_ID) values (227,'?????? ?????? - ???',16);
Insert into MOH_WORKFLOW_SCHEMA.CITY (CITY_ID,CITY_NAME,GOVERNATE_ID) values (228,'????',16);
Insert into MOH_WORKFLOW_SCHEMA.CITY (CITY_ID,CITY_NAME,GOVERNATE_ID) values (229,'???? - ???',16);
Insert into MOH_WORKFLOW_SCHEMA.CITY (CITY_ID,CITY_NAME,GOVERNATE_ID) values (230,'?????',16);
Insert into MOH_WORKFLOW_SCHEMA.CITY (CITY_ID,CITY_NAME,GOVERNATE_ID) values (231,'????',16);
Insert into MOH_WORKFLOW_SCHEMA.CITY (CITY_ID,CITY_NAME,GOVERNATE_ID) values (232,'??????',16);
Insert into MOH_WORKFLOW_SCHEMA.CITY (CITY_ID,CITY_NAME,GOVERNATE_ID) values (233,'????',16);
Insert into MOH_WORKFLOW_SCHEMA.CITY (CITY_ID,CITY_NAME,GOVERNATE_ID) values (234,'?????',16);
Insert into MOH_WORKFLOW_SCHEMA.CITY (CITY_ID,CITY_NAME,GOVERNATE_ID) values (235,'??? ??????',16);
Insert into MOH_WORKFLOW_SCHEMA.CITY (CITY_ID,CITY_NAME,GOVERNATE_ID) values (236,'??????',23);
Insert into MOH_WORKFLOW_SCHEMA.CITY (CITY_ID,CITY_NAME,GOVERNATE_ID) values (237,'????',23);
Insert into MOH_WORKFLOW_SCHEMA.CITY (CITY_ID,CITY_NAME,GOVERNATE_ID) values (238,'??????',23);
Insert into MOH_WORKFLOW_SCHEMA.CITY (CITY_ID,CITY_NAME,GOVERNATE_ID) values (239,'?????',23);
Insert into MOH_WORKFLOW_SCHEMA.CITY (CITY_ID,CITY_NAME,GOVERNATE_ID) values (240,'?????',23);
Insert into MOH_WORKFLOW_SCHEMA.CITY (CITY_ID,CITY_NAME,GOVERNATE_ID) values (241,'????',14);
Insert into MOH_WORKFLOW_SCHEMA.CITY (CITY_ID,CITY_NAME,GOVERNATE_ID) values (242,'?????',14);
Insert into MOH_WORKFLOW_SCHEMA.CITY (CITY_ID,CITY_NAME,GOVERNATE_ID) values (243,'??????? ???????',14);
Insert into MOH_WORKFLOW_SCHEMA.CITY (CITY_ID,CITY_NAME,GOVERNATE_ID) values (244,'???? ??????',14);
Insert into MOH_WORKFLOW_SCHEMA.CITY (CITY_ID,CITY_NAME,GOVERNATE_ID) values (245,'???????',14);
Insert into MOH_WORKFLOW_SCHEMA.CITY (CITY_ID,CITY_NAME,GOVERNATE_ID) values (246,'??? ???',14);
Insert into MOH_WORKFLOW_SCHEMA.CITY (CITY_ID,CITY_NAME,GOVERNATE_ID) values (247,'???? ???????',14);
Insert into MOH_WORKFLOW_SCHEMA.CITY (CITY_ID,CITY_NAME,GOVERNATE_ID) values (248,'???',14);
Insert into MOH_WORKFLOW_SCHEMA.CITY (CITY_ID,CITY_NAME,GOVERNATE_ID) values (249,'??? ???',27);
Insert into MOH_WORKFLOW_SCHEMA.CITY (CITY_ID,CITY_NAME,GOVERNATE_ID) values (250,'?????',27);
Insert into MOH_WORKFLOW_SCHEMA.CITY (CITY_ID,CITY_NAME,GOVERNATE_ID) values (251,'??? ?????',27);
Insert into MOH_WORKFLOW_SCHEMA.CITY (CITY_ID,CITY_NAME,GOVERNATE_ID) values (252,'?????',27);
Insert into MOH_WORKFLOW_SCHEMA.CITY (CITY_ID,CITY_NAME,GOVERNATE_ID) values (253,'????',27);
Insert into MOH_WORKFLOW_SCHEMA.CITY (CITY_ID,CITY_NAME,GOVERNATE_ID) values (254,'???',27);
Insert into MOH_WORKFLOW_SCHEMA.CITY (CITY_ID,CITY_NAME,GOVERNATE_ID) values (255,'???',27);
Insert into MOH_WORKFLOW_SCHEMA.CITY (CITY_ID,CITY_NAME,GOVERNATE_ID) values (256,'???',27);
Insert into MOH_WORKFLOW_SCHEMA.CITY (CITY_ID,CITY_NAME,GOVERNATE_ID) values (257,'?????',27);
Insert into MOH_WORKFLOW_SCHEMA.CITY (CITY_ID,CITY_NAME,GOVERNATE_ID) values (258,'?????',29);
Insert into MOH_WORKFLOW_SCHEMA.CITY (CITY_ID,CITY_NAME,GOVERNATE_ID) values (259,'????',27);
Insert into MOH_WORKFLOW_SCHEMA.CITY (CITY_ID,CITY_NAME,GOVERNATE_ID) values (260,'??????',29);
Insert into MOH_WORKFLOW_SCHEMA.CITY (CITY_ID,CITY_NAME,GOVERNATE_ID) values (261,'??? ?????',15);
Insert into MOH_WORKFLOW_SCHEMA.CITY (CITY_ID,CITY_NAME,GOVERNATE_ID) values (262,'???????',15);
Insert into MOH_WORKFLOW_SCHEMA.CITY (CITY_ID,CITY_NAME,GOVERNATE_ID) values (263,'?????',15);
Insert into MOH_WORKFLOW_SCHEMA.CITY (CITY_ID,CITY_NAME,GOVERNATE_ID) values (264,'????',15);
Insert into MOH_WORKFLOW_SCHEMA.CITY (CITY_ID,CITY_NAME,GOVERNATE_ID) values (265,'?????',15);
Insert into MOH_WORKFLOW_SCHEMA.CITY (CITY_ID,CITY_NAME,GOVERNATE_ID) values (266,'???? ????',15);
Insert into MOH_WORKFLOW_SCHEMA.CITY (CITY_ID,CITY_NAME,GOVERNATE_ID) values (267,'??????',15);
Insert into MOH_WORKFLOW_SCHEMA.CITY (CITY_ID,CITY_NAME,GOVERNATE_ID) values (268,'???',15);
Insert into MOH_WORKFLOW_SCHEMA.CITY (CITY_ID,CITY_NAME,GOVERNATE_ID) values (269,'?????',17);
Insert into MOH_WORKFLOW_SCHEMA.CITY (CITY_ID,CITY_NAME,GOVERNATE_ID) values (270,'???????',17);
Insert into MOH_WORKFLOW_SCHEMA.CITY (CITY_ID,CITY_NAME,GOVERNATE_ID) values (271,'???? ?????',17);
Insert into MOH_WORKFLOW_SCHEMA.CITY (CITY_ID,CITY_NAME,GOVERNATE_ID) values (272,'????',17);
Insert into MOH_WORKFLOW_SCHEMA.CITY (CITY_ID,CITY_NAME,GOVERNATE_ID) values (273,'????? ???????',17);
Insert into MOH_WORKFLOW_SCHEMA.CITY (CITY_ID,CITY_NAME,GOVERNATE_ID) values (274,'??? ??????',17);
Insert into MOH_WORKFLOW_SCHEMA.CITY (CITY_ID,CITY_NAME,GOVERNATE_ID) values (275,'???',17);
Insert into MOH_WORKFLOW_SCHEMA.CITY (CITY_ID,CITY_NAME,GOVERNATE_ID) values (276,'???????',17);
Insert into MOH_WORKFLOW_SCHEMA.CITY (CITY_ID,CITY_NAME,GOVERNATE_ID) values (277,'???? ?????',17);
Insert into MOH_WORKFLOW_SCHEMA.CITY (CITY_ID,CITY_NAME,GOVERNATE_ID) values (278,'??????',17);
Insert into MOH_WORKFLOW_SCHEMA.CITY (CITY_ID,CITY_NAME,GOVERNATE_ID) values (279,'??? ?????',24);
Insert into MOH_WORKFLOW_SCHEMA.CITY (CITY_ID,CITY_NAME,GOVERNATE_ID) values (280,'??? ????',24);
Insert into MOH_WORKFLOW_SCHEMA.CITY (CITY_ID,CITY_NAME,GOVERNATE_ID) values (281,'??? ????',24);
Insert into MOH_WORKFLOW_SCHEMA.CITY (CITY_ID,CITY_NAME,GOVERNATE_ID) values (282,'??????',24);
Insert into MOH_WORKFLOW_SCHEMA.CITY (CITY_ID,CITY_NAME,GOVERNATE_ID) values (283,'??????',24);
Insert into MOH_WORKFLOW_SCHEMA.CITY (CITY_ID,CITY_NAME,GOVERNATE_ID) values (284,'????',24);
Insert into MOH_WORKFLOW_SCHEMA.CITY (CITY_ID,CITY_NAME,GOVERNATE_ID) values (285,'?????',24);
Insert into MOH_WORKFLOW_SCHEMA.CITY (CITY_ID,CITY_NAME,GOVERNATE_ID) values (286,'????',24);
Insert into MOH_WORKFLOW_SCHEMA.CITY (CITY_ID,CITY_NAME,GOVERNATE_ID) values (287,'??????',24);
Insert into MOH_WORKFLOW_SCHEMA.CITY (CITY_ID,CITY_NAME,GOVERNATE_ID) values (288,'?????? ???????',24);
Insert into MOH_WORKFLOW_SCHEMA.CITY (CITY_ID,CITY_NAME,GOVERNATE_ID) values (289,'???????',32);
Insert into MOH_WORKFLOW_SCHEMA.CITY (CITY_ID,CITY_NAME,GOVERNATE_ID) values (290,'???????',32);
Insert into MOH_WORKFLOW_SCHEMA.CITY (CITY_ID,CITY_NAME,GOVERNATE_ID) values (291,'????????',32);
Insert into MOH_WORKFLOW_SCHEMA.CITY (CITY_ID,CITY_NAME,GOVERNATE_ID) values (292,'???? ??????',33);
Insert into MOH_WORKFLOW_SCHEMA.CITY (CITY_ID,CITY_NAME,GOVERNATE_ID) values (293,'???? ???????',33);
Insert into MOH_WORKFLOW_SCHEMA.CITY (CITY_ID,CITY_NAME,GOVERNATE_ID) values (294,'???? ??????',33);
Insert into MOH_WORKFLOW_SCHEMA.CITY (CITY_ID,CITY_NAME,GOVERNATE_ID) values (295,'???? ?????',33);
Insert into MOH_WORKFLOW_SCHEMA.CITY (CITY_ID,CITY_NAME,GOVERNATE_ID) values (296,'???? ???????',33);
Insert into MOH_WORKFLOW_SCHEMA.CITY (CITY_ID,CITY_NAME,GOVERNATE_ID) values (297,'???? ?????',33);
Insert into MOH_WORKFLOW_SCHEMA.CITY (CITY_ID,CITY_NAME,GOVERNATE_ID) values (298,'???? ??????',33);
Insert into MOH_WORKFLOW_SCHEMA.CITY (CITY_ID,CITY_NAME,GOVERNATE_ID) values (299,'???? ????',33);
Insert into MOH_WORKFLOW_SCHEMA.CITY (CITY_ID,CITY_NAME,GOVERNATE_ID) values (300,'???? ????',12);
Insert into MOH_WORKFLOW_SCHEMA.CITY (CITY_ID,CITY_NAME,GOVERNATE_ID) values (301,'??? ?????',13);
Insert into MOH_WORKFLOW_SCHEMA.CITY (CITY_ID,CITY_NAME,GOVERNATE_ID) values (302,'??? ?????',35);
Insert into MOH_WORKFLOW_SCHEMA.CITY (CITY_ID,CITY_NAME,GOVERNATE_ID) values (303,'??????',34);
Insert into MOH_WORKFLOW_SCHEMA.CITY (CITY_ID,CITY_NAME,GOVERNATE_ID) values (304,'????? ??????',13);
Insert into MOH_WORKFLOW_SCHEMA.CITY (CITY_ID,CITY_NAME,GOVERNATE_ID) values (305,'???',1);
Insert into MOH_WORKFLOW_SCHEMA.CITY (CITY_ID,CITY_NAME,GOVERNATE_ID) values (306,'????? ???????',21);
Insert into MOH_WORKFLOW_SCHEMA.CITY (CITY_ID,CITY_NAME,GOVERNATE_ID) values (307,'???????',35);
Insert into MOH_WORKFLOW_SCHEMA.CITY (CITY_ID,CITY_NAME,GOVERNATE_ID) values (308,'????????',35);
Insert into MOH_WORKFLOW_SCHEMA.CITY (CITY_ID,CITY_NAME,GOVERNATE_ID) values (309,'???? ????',2);
Insert into MOH_WORKFLOW_SCHEMA.CITY (CITY_ID,CITY_NAME,GOVERNATE_ID) values (310,'??????',29);
Insert into MOH_WORKFLOW_SCHEMA.CITY (CITY_ID,CITY_NAME,GOVERNATE_ID) values (311,'????????',1);
Insert into MOH_WORKFLOW_SCHEMA.CITY (CITY_ID,CITY_NAME,GOVERNATE_ID) values (312,'????????',26);
Insert into MOH_WORKFLOW_SCHEMA.CITY (CITY_ID,CITY_NAME,GOVERNATE_ID) values (313,'??? ????',11);
Insert into MOH_WORKFLOW_SCHEMA.CITY (CITY_ID,CITY_NAME,GOVERNATE_ID) values (314,'????? ????',21);
REM INSERTING into MOH_WORKFLOW_SCHEMA.COMMITTEE
SET DEFINE OFF;
Insert into MOH_WORKFLOW_SCHEMA.COMMITTEE (COMMITTEE_ID,COMMITTEE_DATE,COMMITTEE_FUNCTION,COMMITTEE_TYPE,MEMBER_ONE_ID,MEMBER_TWO_ID,MEMBER_THREE_ID,MEMBER_FOUR_ID,MEMBER_FIVE_ID,MEMBER_SIX_ID,COMMITTEE_DESCRIPTION,ZONE_ID) values (1,to_timestamp('12-JUL-19 02.00.00.000000000 AM','DD-MON-RR HH.MI.SSXFF AM'),'????','????',2,5,4,1,3,null,'?? ???? ???????',27);
Insert into MOH_WORKFLOW_SCHEMA.COMMITTEE (COMMITTEE_ID,COMMITTEE_DATE,COMMITTEE_FUNCTION,COMMITTEE_TYPE,MEMBER_ONE_ID,MEMBER_TWO_ID,MEMBER_THREE_ID,MEMBER_FOUR_ID,MEMBER_FIVE_ID,MEMBER_SIX_ID,COMMITTEE_DESCRIPTION,ZONE_ID) values (2,to_timestamp('31-AUG-19 02.00.00.000000000 AM','DD-MON-RR HH.MI.SSXFF AM'),'????','???',1,5,null,null,null,null,'?? ???? ???????',27);
REM INSERTING into MOH_WORKFLOW_SCHEMA.COMMITTEE_MEMBER
SET DEFINE OFF;
Insert into MOH_WORKFLOW_SCHEMA.COMMITTEE_MEMBER (COMMITTEE_MEMBER_ID,MEMBER_NAME,MEMBER_TITLE,MEMBER_DESCRIPTION,MEMBER_MOBILE_NO,ZONE_ID) values (1,'???? ???? ?????????','???? ????','?? ???? ???????','01200000000',27);
Insert into MOH_WORKFLOW_SCHEMA.COMMITTEE_MEMBER (COMMITTEE_MEMBER_ID,MEMBER_NAME,MEMBER_TITLE,MEMBER_DESCRIPTION,MEMBER_MOBILE_NO,ZONE_ID) values (2,'????????? ???? ????','????','?? ???? ???????','015000000000',27);
Insert into MOH_WORKFLOW_SCHEMA.COMMITTEE_MEMBER (COMMITTEE_MEMBER_ID,MEMBER_NAME,MEMBER_TITLE,MEMBER_DESCRIPTION,MEMBER_MOBILE_NO,ZONE_ID) values (3,'????? ???? ????','???','?? ???? ???????','01015090111',27);
Insert into MOH_WORKFLOW_SCHEMA.COMMITTEE_MEMBER (COMMITTEE_MEMBER_ID,MEMBER_NAME,MEMBER_TITLE,MEMBER_DESCRIPTION,MEMBER_MOBILE_NO,ZONE_ID) values (4,'???? ???? ?????????','???? ???','?? ???? ???????','010000000000',27);
Insert into MOH_WORKFLOW_SCHEMA.COMMITTEE_MEMBER (COMMITTEE_MEMBER_ID,MEMBER_NAME,MEMBER_TITLE,MEMBER_DESCRIPTION,MEMBER_MOBILE_NO,ZONE_ID) values (5,'???? ???? ????????? ','?????','?? ???? ???????','011000000000',27);
REM INSERTING into MOH_WORKFLOW_SCHEMA.CUSTOM
SET DEFINE OFF;
REM INSERTING into MOH_WORKFLOW_SCHEMA.DISABILITY
SET DEFINE OFF;
Insert into MOH_WORKFLOW_SCHEMA.DISABILITY (DISABILITY_ID,DISABILITY_NAME,EQUIPMENT_ID,ACCEPTED,DISABILITY_DESCRIPTION) values (1,'???? ??????? ?????? ???? ??? ??????? ????????',1,0,null);
Insert into MOH_WORKFLOW_SCHEMA.DISABILITY (DISABILITY_ID,DISABILITY_NAME,EQUIPMENT_ID,ACCEPTED,DISABILITY_DESCRIPTION) values (2,'???? ????? ????? ?????? ???? ???? ??????? ?????? ????',2,0,null);
Insert into MOH_WORKFLOW_SCHEMA.DISABILITY (DISABILITY_ID,DISABILITY_NAME,EQUIPMENT_ID,ACCEPTED,DISABILITY_DESCRIPTION) values (3,'??? ?????? ?????? ???? ?? ??? ???? ???',3,0,null);
Insert into MOH_WORKFLOW_SCHEMA.DISABILITY (DISABILITY_ID,DISABILITY_NAME,EQUIPMENT_ID,ACCEPTED,DISABILITY_DESCRIPTION) values (4,'???? ???? ?????? ?????? ??????? ????',4,0,null);
Insert into MOH_WORKFLOW_SCHEMA.DISABILITY (DISABILITY_ID,DISABILITY_NAME,EQUIPMENT_ID,ACCEPTED,DISABILITY_DESCRIPTION) values (5,'??? ???? ??????? ????? ????? ?????? ?? ???? ??? ????? ?????? ????? ?????? ???????? ?? ??? ????? ????',5,0,null);
Insert into MOH_WORKFLOW_SCHEMA.DISABILITY (DISABILITY_ID,DISABILITY_NAME,EQUIPMENT_ID,ACCEPTED,DISABILITY_DESCRIPTION) values (6,'???? ???? ?????? ????? ?????? ??? ??? ???? ????? ?????? ?????? ?????? ?????? ?? ??? ??????',6,0,null);
Insert into MOH_WORKFLOW_SCHEMA.DISABILITY (DISABILITY_ID,DISABILITY_NAME,EQUIPMENT_ID,ACCEPTED,DISABILITY_DESCRIPTION) values (7,'??? ?????? ?????? ?????? ?? ????? ????? ?????? ??????',7,0,null);
Insert into MOH_WORKFLOW_SCHEMA.DISABILITY (DISABILITY_ID,DISABILITY_NAME,EQUIPMENT_ID,ACCEPTED,DISABILITY_DESCRIPTION) values (8,'???? ??????? ?????? ????',8,0,null);
Insert into MOH_WORKFLOW_SCHEMA.DISABILITY (DISABILITY_ID,DISABILITY_NAME,EQUIPMENT_ID,ACCEPTED,DISABILITY_DESCRIPTION) values (9,'??? ???? ???? ????? ?????',9,0,null);
Insert into MOH_WORKFLOW_SCHEMA.DISABILITY (DISABILITY_ID,DISABILITY_NAME,EQUIPMENT_ID,ACCEPTED,DISABILITY_DESCRIPTION) values (10,'???? ????????? ???????? ????',10,0,null);
Insert into MOH_WORKFLOW_SCHEMA.DISABILITY (DISABILITY_ID,DISABILITY_NAME,EQUIPMENT_ID,ACCEPTED,DISABILITY_DESCRIPTION) values (11,'??? ?????? ?????? ?????? ???? ????? ?????? ?????? ??????',11,0,null);
Insert into MOH_WORKFLOW_SCHEMA.DISABILITY (DISABILITY_ID,DISABILITY_NAME,EQUIPMENT_ID,ACCEPTED,DISABILITY_DESCRIPTION) values (12,'????? ????? ????? ???????? ?????? ???????',12,0,null);
Insert into MOH_WORKFLOW_SCHEMA.DISABILITY (DISABILITY_ID,DISABILITY_NAME,EQUIPMENT_ID,ACCEPTED,DISABILITY_DESCRIPTION) values (13,'??? ???????? ???????? ',13,1,null);
Insert into MOH_WORKFLOW_SCHEMA.DISABILITY (DISABILITY_ID,DISABILITY_NAME,EQUIPMENT_ID,ACCEPTED,DISABILITY_DESCRIPTION) values (14,'???? ???? ????? ?????? ?????? ???? ??????? ???????? ?? ??????? ',14,1,null);
Insert into MOH_WORKFLOW_SCHEMA.DISABILITY (DISABILITY_ID,DISABILITY_NAME,EQUIPMENT_ID,ACCEPTED,DISABILITY_DESCRIPTION) values (15,'???? ???? ????? ?????? ?????? ???? ??????? ???????? ?? ??????? ',15,1,null);
Insert into MOH_WORKFLOW_SCHEMA.DISABILITY (DISABILITY_ID,DISABILITY_NAME,EQUIPMENT_ID,ACCEPTED,DISABILITY_DESCRIPTION) values (16,'??? ?????? ?????? ?????? ???? ??? ????? ??????? ????? ??????? ',16,1,null);
Insert into MOH_WORKFLOW_SCHEMA.DISABILITY (DISABILITY_ID,DISABILITY_NAME,EQUIPMENT_ID,ACCEPTED,DISABILITY_DESCRIPTION) values (17,'??? ?????? ?????? ?????? ???? ??? ????? ??????? ????? ??????? ',17,0,null);
Insert into MOH_WORKFLOW_SCHEMA.DISABILITY (DISABILITY_ID,DISABILITY_NAME,EQUIPMENT_ID,ACCEPTED,DISABILITY_DESCRIPTION) values (18,'??? ?????? ?????? ?????? ????',18,0,null);
Insert into MOH_WORKFLOW_SCHEMA.DISABILITY (DISABILITY_ID,DISABILITY_NAME,EQUIPMENT_ID,ACCEPTED,DISABILITY_DESCRIPTION) values (19,'??? ?????? ?????? ?????? ????',19,1,null);
Insert into MOH_WORKFLOW_SCHEMA.DISABILITY (DISABILITY_ID,DISABILITY_NAME,EQUIPMENT_ID,ACCEPTED,DISABILITY_DESCRIPTION) values (20,'??? ?????? ????? ?????? ?????? ???? ??? ????? ??????? ????? ??????? ',1,1,null);
Insert into MOH_WORKFLOW_SCHEMA.DISABILITY (DISABILITY_ID,DISABILITY_NAME,EQUIPMENT_ID,ACCEPTED,DISABILITY_DESCRIPTION) values (21,'??? ?????? ????? ?????? ?????? ???? ??? ????? ??????? ????? ???????',2,1,null);
Insert into MOH_WORKFLOW_SCHEMA.DISABILITY (DISABILITY_ID,DISABILITY_NAME,EQUIPMENT_ID,ACCEPTED,DISABILITY_DESCRIPTION) values (22,'???? ??????? ?????? ????',3,1,null);
Insert into MOH_WORKFLOW_SCHEMA.DISABILITY (DISABILITY_ID,DISABILITY_NAME,EQUIPMENT_ID,ACCEPTED,DISABILITY_DESCRIPTION) values (23,'???? ??????? ?????? ????',4,1,null);
Insert into MOH_WORKFLOW_SCHEMA.DISABILITY (DISABILITY_ID,DISABILITY_NAME,EQUIPMENT_ID,ACCEPTED,DISABILITY_DESCRIPTION) values (24,'???? ?????? ?????? ????',5,1,null);
Insert into MOH_WORKFLOW_SCHEMA.DISABILITY (DISABILITY_ID,DISABILITY_NAME,EQUIPMENT_ID,ACCEPTED,DISABILITY_DESCRIPTION) values (25,'???? ?????? ?????? ????',6,0,null);
Insert into MOH_WORKFLOW_SCHEMA.DISABILITY (DISABILITY_ID,DISABILITY_NAME,EQUIPMENT_ID,ACCEPTED,DISABILITY_DESCRIPTION) values (26,'??? ?????? ?????? ?????? ?????? ??? ????? ????? ????',7,0,null);
Insert into MOH_WORKFLOW_SCHEMA.DISABILITY (DISABILITY_ID,DISABILITY_NAME,EQUIPMENT_ID,ACCEPTED,DISABILITY_DESCRIPTION) values (27,'??? ?????? ?????? ?????? ?????? ??? ?????  ????? ????',8,1,null);
Insert into MOH_WORKFLOW_SCHEMA.DISABILITY (DISABILITY_ID,DISABILITY_NAME,EQUIPMENT_ID,ACCEPTED,DISABILITY_DESCRIPTION) values (28,'??? ????? ?????? ?????? ?????? ????? ??????? ?? ??? ????? ??????? ??????',9,1,null);
Insert into MOH_WORKFLOW_SCHEMA.DISABILITY (DISABILITY_ID,DISABILITY_NAME,EQUIPMENT_ID,ACCEPTED,DISABILITY_DESCRIPTION) values (29,'??? ????? ?????? ?????? ?????? ????? ??????? ?? ??? ????? ??????? ??????',10,1,null);
Insert into MOH_WORKFLOW_SCHEMA.DISABILITY (DISABILITY_ID,DISABILITY_NAME,EQUIPMENT_ID,ACCEPTED,DISABILITY_DESCRIPTION) values (30,'??? ?????? ?????? ?????? ???? ?? ????? ???? ????? ????? ?????? ??? ???? ??????? ?? ??? ?????',11,1,null);
Insert into MOH_WORKFLOW_SCHEMA.DISABILITY (DISABILITY_ID,DISABILITY_NAME,EQUIPMENT_ID,ACCEPTED,DISABILITY_DESCRIPTION) values (31,'??? ?????? ?????? ?????? ???? ?? ????? ???? ????? ????? ?????? ??? ???? ??????? ?? ??? ?????',12,1,null);
Insert into MOH_WORKFLOW_SCHEMA.DISABILITY (DISABILITY_ID,DISABILITY_NAME,EQUIPMENT_ID,ACCEPTED,DISABILITY_DESCRIPTION) values (32,'??? ?????? ?????? ????',13,0,null);
Insert into MOH_WORKFLOW_SCHEMA.DISABILITY (DISABILITY_ID,DISABILITY_NAME,EQUIPMENT_ID,ACCEPTED,DISABILITY_DESCRIPTION) values (33,'??? ?????? ?????? ????',14,0,null);
Insert into MOH_WORKFLOW_SCHEMA.DISABILITY (DISABILITY_ID,DISABILITY_NAME,EQUIPMENT_ID,ACCEPTED,DISABILITY_DESCRIPTION) values (34,'???? ????? ???? ????????? ????',15,1,null);
Insert into MOH_WORKFLOW_SCHEMA.DISABILITY (DISABILITY_ID,DISABILITY_NAME,EQUIPMENT_ID,ACCEPTED,DISABILITY_DESCRIPTION) values (35,'???? ??????? ?????? ????',16,1,null);
Insert into MOH_WORKFLOW_SCHEMA.DISABILITY (DISABILITY_ID,DISABILITY_NAME,EQUIPMENT_ID,ACCEPTED,DISABILITY_DESCRIPTION) values (36,'???? ??????? ?????? ????',17,1,null);
Insert into MOH_WORKFLOW_SCHEMA.DISABILITY (DISABILITY_ID,DISABILITY_NAME,EQUIPMENT_ID,ACCEPTED,DISABILITY_DESCRIPTION) values (37,'???? ???????? ????',18,0,null);
Insert into MOH_WORKFLOW_SCHEMA.DISABILITY (DISABILITY_ID,DISABILITY_NAME,EQUIPMENT_ID,ACCEPTED,DISABILITY_DESCRIPTION) values (38,'????? ??? ???? ????? ?????? ?????? ?????? ????? ?????? ?????? ????',19,0,null);
Insert into MOH_WORKFLOW_SCHEMA.DISABILITY (DISABILITY_ID,DISABILITY_NAME,EQUIPMENT_ID,ACCEPTED,DISABILITY_DESCRIPTION) values (39,'??? ?????? ?????? ?????? ?? ????? ???????? ????? ?????? ????',1,1,null);
Insert into MOH_WORKFLOW_SCHEMA.DISABILITY (DISABILITY_ID,DISABILITY_NAME,EQUIPMENT_ID,ACCEPTED,DISABILITY_DESCRIPTION) values (40,'??? ???? ?????? ??????',2,1,null);
Insert into MOH_WORKFLOW_SCHEMA.DISABILITY (DISABILITY_ID,DISABILITY_NAME,EQUIPMENT_ID,ACCEPTED,DISABILITY_DESCRIPTION) values (41,'??? ???? ??????',3,1,null);
Insert into MOH_WORKFLOW_SCHEMA.DISABILITY (DISABILITY_ID,DISABILITY_NAME,EQUIPMENT_ID,ACCEPTED,DISABILITY_DESCRIPTION) values (42,'??? ??? ?????? ?????? + ????? ???? ??????? ??????',4,0,null);
Insert into MOH_WORKFLOW_SCHEMA.DISABILITY (DISABILITY_ID,DISABILITY_NAME,EQUIPMENT_ID,ACCEPTED,DISABILITY_DESCRIPTION) values (43,'?????? ???????? ??????? ???????',5,0,null);
Insert into MOH_WORKFLOW_SCHEMA.DISABILITY (DISABILITY_ID,DISABILITY_NAME,EQUIPMENT_ID,ACCEPTED,DISABILITY_DESCRIPTION) values (44,'??? ???? ?????? ?????? ?????? ????',6,1,null);
Insert into MOH_WORKFLOW_SCHEMA.DISABILITY (DISABILITY_ID,DISABILITY_NAME,EQUIPMENT_ID,ACCEPTED,DISABILITY_DESCRIPTION) values (45,'???? ?????? ?????? ?? ?????? ????? ???? ??????? ?????? ??????',7,1,null);
Insert into MOH_WORKFLOW_SCHEMA.DISABILITY (DISABILITY_ID,DISABILITY_NAME,EQUIPMENT_ID,ACCEPTED,DISABILITY_DESCRIPTION) values (46,'??? ?????? ?????? ?????? ?? ????? ????? ?????? ?????? ??????',8,1,null);
Insert into MOH_WORKFLOW_SCHEMA.DISABILITY (DISABILITY_ID,DISABILITY_NAME,EQUIPMENT_ID,ACCEPTED,DISABILITY_DESCRIPTION) values (47,'???? ????? ????? ?????? ?? ?????? ?? ??? ??? ????? ?????? ??????',9,1,null);
Insert into MOH_WORKFLOW_SCHEMA.DISABILITY (DISABILITY_ID,DISABILITY_NAME,EQUIPMENT_ID,ACCEPTED,DISABILITY_DESCRIPTION) values (48,'???? ???? ??????? ??????',10,1,null);
Insert into MOH_WORKFLOW_SCHEMA.DISABILITY (DISABILITY_ID,DISABILITY_NAME,EQUIPMENT_ID,ACCEPTED,DISABILITY_DESCRIPTION) values (49,'???? ???? ?????? ???? ?????? ????? ??????? ????? ???? ??????',11,0,null);
Insert into MOH_WORKFLOW_SCHEMA.DISABILITY (DISABILITY_ID,DISABILITY_NAME,EQUIPMENT_ID,ACCEPTED,DISABILITY_DESCRIPTION) values (50,'????? ????? ?????? ?????? ????',12,0,null);
Insert into MOH_WORKFLOW_SCHEMA.DISABILITY (DISABILITY_ID,DISABILITY_NAME,EQUIPMENT_ID,ACCEPTED,DISABILITY_DESCRIPTION) values (51,'???? ????????? ???????? ?? ??? ???? ????',1,1,null);
Insert into MOH_WORKFLOW_SCHEMA.DISABILITY (DISABILITY_ID,DISABILITY_NAME,EQUIPMENT_ID,ACCEPTED,DISABILITY_DESCRIPTION) values (52,'????? ???????? ??????? ?????? ?????? ???????? ?? ??? ????? ???? ??????? ??????',2,1,null);
Insert into MOH_WORKFLOW_SCHEMA.DISABILITY (DISABILITY_ID,DISABILITY_NAME,EQUIPMENT_ID,ACCEPTED,DISABILITY_DESCRIPTION) values (53,'??? ???????? ???????? ???? ??? ????? ??????? ????? ??????? ',3,1,null);
Insert into MOH_WORKFLOW_SCHEMA.DISABILITY (DISABILITY_ID,DISABILITY_NAME,EQUIPMENT_ID,ACCEPTED,DISABILITY_DESCRIPTION) values (54,'???? ?????? ?????? ????',4,0,null);
Insert into MOH_WORKFLOW_SCHEMA.DISABILITY (DISABILITY_ID,DISABILITY_NAME,EQUIPMENT_ID,ACCEPTED,DISABILITY_DESCRIPTION) values (55,'???? ???????? ????',5,0,null);
Insert into MOH_WORKFLOW_SCHEMA.DISABILITY (DISABILITY_ID,DISABILITY_NAME,EQUIPMENT_ID,ACCEPTED,DISABILITY_DESCRIPTION) values (56,'???? ?????? ???????? ????? ?????? ?????',6,1,null);
Insert into MOH_WORKFLOW_SCHEMA.DISABILITY (DISABILITY_ID,DISABILITY_NAME,EQUIPMENT_ID,ACCEPTED,DISABILITY_DESCRIPTION) values (57,'??? ?????? ?????? ?????? ???? ??????? ????? ???? ?????? ??????',7,1,null);
Insert into MOH_WORKFLOW_SCHEMA.DISABILITY (DISABILITY_ID,DISABILITY_NAME,EQUIPMENT_ID,ACCEPTED,DISABILITY_DESCRIPTION) values (58,'????? ???? ????? ?????? ?????? ?? ????? ????? ?????? ?????? ????',8,1,null);
Insert into MOH_WORKFLOW_SCHEMA.DISABILITY (DISABILITY_ID,DISABILITY_NAME,EQUIPMENT_ID,ACCEPTED,DISABILITY_DESCRIPTION) values (59,'????? ???? ????? ?????? ?????? ?? ????? ????? ?????? ?????? ????',9,1,null);
Insert into MOH_WORKFLOW_SCHEMA.DISABILITY (DISABILITY_ID,DISABILITY_NAME,EQUIPMENT_ID,ACCEPTED,DISABILITY_DESCRIPTION) values (60,'???? ????? ?????? ???? ????? ????',10,1,null);
Insert into MOH_WORKFLOW_SCHEMA.DISABILITY (DISABILITY_ID,DISABILITY_NAME,EQUIPMENT_ID,ACCEPTED,DISABILITY_DESCRIPTION) values (61,'??? ?????? ?????? ?????? ?? ??? ?????? ?????? ?????? ??????? ??????',11,1,null);
Insert into MOH_WORKFLOW_SCHEMA.DISABILITY (DISABILITY_ID,DISABILITY_NAME,EQUIPMENT_ID,ACCEPTED,DISABILITY_DESCRIPTION) values (62,'????? ??? ( 2 ) ???? ????? ??????',12,0,null);
Insert into MOH_WORKFLOW_SCHEMA.DISABILITY (DISABILITY_ID,DISABILITY_NAME,EQUIPMENT_ID,ACCEPTED,DISABILITY_DESCRIPTION) values (63,'???? ???? ?????? ?????? ?????? ?????? ??? ????? ????',13,0,null);
Insert into MOH_WORKFLOW_SCHEMA.DISABILITY (DISABILITY_ID,DISABILITY_NAME,EQUIPMENT_ID,ACCEPTED,DISABILITY_DESCRIPTION) values (64,'??? ?????? ????? ?????? ?????? ???? ????? ???? ?????? ?????? ?? ??? ????? ????',14,1,null);
Insert into MOH_WORKFLOW_SCHEMA.DISABILITY (DISABILITY_ID,DISABILITY_NAME,EQUIPMENT_ID,ACCEPTED,DISABILITY_DESCRIPTION) values (65,'??? ????? ?????? ?????? ?????? ????? ???? ??????',15,1,null);
Insert into MOH_WORKFLOW_SCHEMA.DISABILITY (DISABILITY_ID,DISABILITY_NAME,EQUIPMENT_ID,ACCEPTED,DISABILITY_DESCRIPTION) values (66,'??? ????? ?????? ?????? ?????? ????? ???? ??????',16,0,null);
Insert into MOH_WORKFLOW_SCHEMA.DISABILITY (DISABILITY_ID,DISABILITY_NAME,EQUIPMENT_ID,ACCEPTED,DISABILITY_DESCRIPTION) values (67,'??? ?????? ???? ?????? ??? ??????? ????? ???? ??????',17,0,null);
Insert into MOH_WORKFLOW_SCHEMA.DISABILITY (DISABILITY_ID,DISABILITY_NAME,EQUIPMENT_ID,ACCEPTED,DISABILITY_DESCRIPTION) values (68,'??? ?????? ????? ?????? ?????? ???? ????? ???? ?????? ?????? ?? ??? ????? ????',18,1,null);
Insert into MOH_WORKFLOW_SCHEMA.DISABILITY (DISABILITY_ID,DISABILITY_NAME,EQUIPMENT_ID,ACCEPTED,DISABILITY_DESCRIPTION) values (69,'??? ?????? ???????? ????????',19,1,null);
Insert into MOH_WORKFLOW_SCHEMA.DISABILITY (DISABILITY_ID,DISABILITY_NAME,EQUIPMENT_ID,ACCEPTED,DISABILITY_DESCRIPTION) values (70,'??? ???? ?????? ?????? ?????? ?? ???? ?????? ??????',1,0,null);
Insert into MOH_WORKFLOW_SCHEMA.DISABILITY (DISABILITY_ID,DISABILITY_NAME,EQUIPMENT_ID,ACCEPTED,DISABILITY_DESCRIPTION) values (71,'???? ??????? ?????? ????',2,0,null);
Insert into MOH_WORKFLOW_SCHEMA.DISABILITY (DISABILITY_ID,DISABILITY_NAME,EQUIPMENT_ID,ACCEPTED,DISABILITY_DESCRIPTION) values (72,'??? ???? ???????? ???? ?????? ???? ???',3,1,null);
Insert into MOH_WORKFLOW_SCHEMA.DISABILITY (DISABILITY_ID,DISABILITY_NAME,EQUIPMENT_ID,ACCEPTED,DISABILITY_DESCRIPTION) values (73,'??? ???? ?????? ?????? ?????? ????',4,1,null);
Insert into MOH_WORKFLOW_SCHEMA.DISABILITY (DISABILITY_ID,DISABILITY_NAME,EQUIPMENT_ID,ACCEPTED,DISABILITY_DESCRIPTION) values (74,'??? ?????? ?????? ?????? ?????? ??? ????? ???? + ?????? ????? ???? ',5,1,null);
Insert into MOH_WORKFLOW_SCHEMA.DISABILITY (DISABILITY_ID,DISABILITY_NAME,EQUIPMENT_ID,ACCEPTED,DISABILITY_DESCRIPTION) values (75,'??? ???? ??????',6,1,null);
Insert into MOH_WORKFLOW_SCHEMA.DISABILITY (DISABILITY_ID,DISABILITY_NAME,EQUIPMENT_ID,ACCEPTED,DISABILITY_DESCRIPTION) values (76,'???? ???? ????? ?????? ?????? ???? ????? ????',7,1,null);
Insert into MOH_WORKFLOW_SCHEMA.DISABILITY (DISABILITY_ID,DISABILITY_NAME,EQUIPMENT_ID,ACCEPTED,DISABILITY_DESCRIPTION) values (77,'??? ???????? ????',8,1,null);
Insert into MOH_WORKFLOW_SCHEMA.DISABILITY (DISABILITY_ID,DISABILITY_NAME,EQUIPMENT_ID,ACCEPTED,DISABILITY_DESCRIPTION) values (78,'???? ????? ?????? ?????? ????',9,1,null);
Insert into MOH_WORKFLOW_SCHEMA.DISABILITY (DISABILITY_ID,DISABILITY_NAME,EQUIPMENT_ID,ACCEPTED,DISABILITY_DESCRIPTION) values (79,'???? ????????',10,1,null);
Insert into MOH_WORKFLOW_SCHEMA.DISABILITY (DISABILITY_ID,DISABILITY_NAME,EQUIPMENT_ID,ACCEPTED,DISABILITY_DESCRIPTION) values (80,'???? ???????? ???????? ????',11,0,null);
Insert into MOH_WORKFLOW_SCHEMA.DISABILITY (DISABILITY_ID,DISABILITY_NAME,EQUIPMENT_ID,ACCEPTED,DISABILITY_DESCRIPTION) values (81,'???? ?????? ?????? ????',12,0,null);
Insert into MOH_WORKFLOW_SCHEMA.DISABILITY (DISABILITY_ID,DISABILITY_NAME,EQUIPMENT_ID,ACCEPTED,DISABILITY_DESCRIPTION) values (82,'???? ?????? ?????? ?????? ????',13,1,null);
Insert into MOH_WORKFLOW_SCHEMA.DISABILITY (DISABILITY_ID,DISABILITY_NAME,EQUIPMENT_ID,ACCEPTED,DISABILITY_DESCRIPTION) values (83,'???? ?????? ?????? ????',14,1,null);
Insert into MOH_WORKFLOW_SCHEMA.DISABILITY (DISABILITY_ID,DISABILITY_NAME,EQUIPMENT_ID,ACCEPTED,DISABILITY_DESCRIPTION) values (84,'???? ?????? ?????? ????',15,1,null);
Insert into MOH_WORKFLOW_SCHEMA.DISABILITY (DISABILITY_ID,DISABILITY_NAME,EQUIPMENT_ID,ACCEPTED,DISABILITY_DESCRIPTION) values (85,'???? ????????? ????',16,0,null);
Insert into MOH_WORKFLOW_SCHEMA.DISABILITY (DISABILITY_ID,DISABILITY_NAME,EQUIPMENT_ID,ACCEPTED,DISABILITY_DESCRIPTION) values (86,'??? ?????? ??????? ????????',17,0,null);
Insert into MOH_WORKFLOW_SCHEMA.DISABILITY (DISABILITY_ID,DISABILITY_NAME,EQUIPMENT_ID,ACCEPTED,DISABILITY_DESCRIPTION) values (87,'?????? ???????? ????',18,1,null);
Insert into MOH_WORKFLOW_SCHEMA.DISABILITY (DISABILITY_ID,DISABILITY_NAME,EQUIPMENT_ID,ACCEPTED,DISABILITY_DESCRIPTION) values (88,'??? ?????? ?????? ?????? + ??? ?????? ????',19,1,null);
Insert into MOH_WORKFLOW_SCHEMA.DISABILITY (DISABILITY_ID,DISABILITY_NAME,EQUIPMENT_ID,ACCEPTED,DISABILITY_DESCRIPTION) values (89,'???? ????? ????? ??????',1,1,null);
Insert into MOH_WORKFLOW_SCHEMA.DISABILITY (DISABILITY_ID,DISABILITY_NAME,EQUIPMENT_ID,ACCEPTED,DISABILITY_DESCRIPTION) values (90,'???? ????? ????? ??????',2,1,null);
Insert into MOH_WORKFLOW_SCHEMA.DISABILITY (DISABILITY_ID,DISABILITY_NAME,EQUIPMENT_ID,ACCEPTED,DISABILITY_DESCRIPTION) values (91,'???? ???? ????????? ????',3,1,null);
Insert into MOH_WORKFLOW_SCHEMA.DISABILITY (DISABILITY_ID,DISABILITY_NAME,EQUIPMENT_ID,ACCEPTED,DISABILITY_DESCRIPTION) values (92,'???? ???? ????? ????? ?????? + ???? ???? ????? ?????? ??????',4,1,null);
Insert into MOH_WORKFLOW_SCHEMA.DISABILITY (DISABILITY_ID,DISABILITY_NAME,EQUIPMENT_ID,ACCEPTED,DISABILITY_DESCRIPTION) values (93,'??? ?????? ?????? ?????? ????',5,0,null);
Insert into MOH_WORKFLOW_SCHEMA.DISABILITY (DISABILITY_ID,DISABILITY_NAME,EQUIPMENT_ID,ACCEPTED,DISABILITY_DESCRIPTION) values (94,'??? ?????? ????? ??????',6,0,null);
Insert into MOH_WORKFLOW_SCHEMA.DISABILITY (DISABILITY_ID,DISABILITY_NAME,EQUIPMENT_ID,ACCEPTED,DISABILITY_DESCRIPTION) values (95,'??? ?????? ????? ??????',7,1,null);
Insert into MOH_WORKFLOW_SCHEMA.DISABILITY (DISABILITY_ID,DISABILITY_NAME,EQUIPMENT_ID,ACCEPTED,DISABILITY_DESCRIPTION) values (96,'??? ?????? ???????',8,0,null);
Insert into MOH_WORKFLOW_SCHEMA.DISABILITY (DISABILITY_ID,DISABILITY_NAME,EQUIPMENT_ID,ACCEPTED,DISABILITY_DESCRIPTION) values (97,'???? ?????? ?????? ?? ????? ???? ??????? ?????? ????',9,0,null);
Insert into MOH_WORKFLOW_SCHEMA.DISABILITY (DISABILITY_ID,DISABILITY_NAME,EQUIPMENT_ID,ACCEPTED,DISABILITY_DESCRIPTION) values (98,'??? ????? ?????? ?????? ?????? ????? ??????? ?? ??? ????? ??????? ?????? ???? ?????? ?????? ?????? ????',10,1,null);
Insert into MOH_WORKFLOW_SCHEMA.DISABILITY (DISABILITY_ID,DISABILITY_NAME,EQUIPMENT_ID,ACCEPTED,DISABILITY_DESCRIPTION) values (99,'???? ?? ?????? ?????? ??????',11,1,null);
Insert into MOH_WORKFLOW_SCHEMA.DISABILITY (DISABILITY_ID,DISABILITY_NAME,EQUIPMENT_ID,ACCEPTED,DISABILITY_DESCRIPTION) values (100,'???? ?? ?????? ?????? ??????',12,1,null);
Insert into MOH_WORKFLOW_SCHEMA.DISABILITY (DISABILITY_ID,DISABILITY_NAME,EQUIPMENT_ID,ACCEPTED,DISABILITY_DESCRIPTION) values (101,'??? ?????? ????? ?????? ?????? ?? ???? ???? ?????? ?????? ????? ?? ??? ????? ????',1,1,null);
Insert into MOH_WORKFLOW_SCHEMA.DISABILITY (DISABILITY_ID,DISABILITY_NAME,EQUIPMENT_ID,ACCEPTED,DISABILITY_DESCRIPTION) values (102,'??? ?????? ?????? ?????? ???? ??? ????? ??????? ????? ??????? ?? ???? ?????? ??????',2,1,null);
Insert into MOH_WORKFLOW_SCHEMA.DISABILITY (DISABILITY_ID,DISABILITY_NAME,EQUIPMENT_ID,ACCEPTED,DISABILITY_DESCRIPTION) values (103,'??? ?????? ?????? ?????? ???? ??? ????? ??????? ????? ??????? ?? ???? ?????? ??????',3,1,null);
Insert into MOH_WORKFLOW_SCHEMA.DISABILITY (DISABILITY_ID,DISABILITY_NAME,EQUIPMENT_ID,ACCEPTED,DISABILITY_DESCRIPTION) values (104,'??? ?????? ?????? ?????? ???? ??? ????? ??????? ????? ??????? ?? ???? ??????',4,0,null);
Insert into MOH_WORKFLOW_SCHEMA.DISABILITY (DISABILITY_ID,DISABILITY_NAME,EQUIPMENT_ID,ACCEPTED,DISABILITY_DESCRIPTION) values (105,'??? ?????? ?????? ?????? ???? ??? ????? ??????? ????? ??????? ?? ???? ??????',5,0,null);
Insert into MOH_WORKFLOW_SCHEMA.DISABILITY (DISABILITY_ID,DISABILITY_NAME,EQUIPMENT_ID,ACCEPTED,DISABILITY_DESCRIPTION) values (106,'????? ???? ?????? ???? ????? ?? ????????? ',6,1,null);
Insert into MOH_WORKFLOW_SCHEMA.DISABILITY (DISABILITY_ID,DISABILITY_NAME,EQUIPMENT_ID,ACCEPTED,DISABILITY_DESCRIPTION) values (107,'????? ????? ????? ??????? ??????? ???????',7,0,null);
Insert into MOH_WORKFLOW_SCHEMA.DISABILITY (DISABILITY_ID,DISABILITY_NAME,EQUIPMENT_ID,ACCEPTED,DISABILITY_DESCRIPTION) values (108,'????? ????? ????? ??????? ',8,0,null);
Insert into MOH_WORKFLOW_SCHEMA.DISABILITY (DISABILITY_ID,DISABILITY_NAME,EQUIPMENT_ID,ACCEPTED,DISABILITY_DESCRIPTION) values (109,'??? ???? ????? ?????? (???? ???? ????????) ?????? ???? ????? ????',9,1,null);
Insert into MOH_WORKFLOW_SCHEMA.DISABILITY (DISABILITY_ID,DISABILITY_NAME,EQUIPMENT_ID,ACCEPTED,DISABILITY_DESCRIPTION) values (110,'????? ????? ????? ??????? ',10,1,null);
Insert into MOH_WORKFLOW_SCHEMA.DISABILITY (DISABILITY_ID,DISABILITY_NAME,EQUIPMENT_ID,ACCEPTED,DISABILITY_DESCRIPTION) values (111,'???? ????? ?????? ?????? ???? ????? ????',11,1,null);
Insert into MOH_WORKFLOW_SCHEMA.DISABILITY (DISABILITY_ID,DISABILITY_NAME,EQUIPMENT_ID,ACCEPTED,DISABILITY_DESCRIPTION) values (112,'??? ?????? ???? ??????',12,1,null);
Insert into MOH_WORKFLOW_SCHEMA.DISABILITY (DISABILITY_ID,DISABILITY_NAME,EQUIPMENT_ID,ACCEPTED,DISABILITY_DESCRIPTION) values (113,'??? ???? ????? ??????',13,1,null);
Insert into MOH_WORKFLOW_SCHEMA.DISABILITY (DISABILITY_ID,DISABILITY_NAME,EQUIPMENT_ID,ACCEPTED,DISABILITY_DESCRIPTION) values (114,'??? ????? ?????? ?????? ??? ????? ????',14,0,null);
Insert into MOH_WORKFLOW_SCHEMA.DISABILITY (DISABILITY_ID,DISABILITY_NAME,EQUIPMENT_ID,ACCEPTED,DISABILITY_DESCRIPTION) values (115,'??? ??????? ?????? ?????? ?????? ?? ????? ???? ????? ????? ??? ??????? ??????',15,0,null);
Insert into MOH_WORKFLOW_SCHEMA.DISABILITY (DISABILITY_ID,DISABILITY_NAME,EQUIPMENT_ID,ACCEPTED,DISABILITY_DESCRIPTION) values (116,'???? ?????? ?????? ?????? ?????? ???? ????? ????',16,1,null);
Insert into MOH_WORKFLOW_SCHEMA.DISABILITY (DISABILITY_ID,DISABILITY_NAME,EQUIPMENT_ID,ACCEPTED,DISABILITY_DESCRIPTION) values (117,'???? ?????? ?????? ?????? ?????? ???? ????? ????',17,1,null);
Insert into MOH_WORKFLOW_SCHEMA.DISABILITY (DISABILITY_ID,DISABILITY_NAME,EQUIPMENT_ID,ACCEPTED,DISABILITY_DESCRIPTION) values (118,'???? ???? ????? ?????? ?????? ???? ????? ???? ',18,0,null);
Insert into MOH_WORKFLOW_SCHEMA.DISABILITY (DISABILITY_ID,DISABILITY_NAME,EQUIPMENT_ID,ACCEPTED,DISABILITY_DESCRIPTION) values (119,'???? ???? ??????? ???????? ?? ??? ???? ????????? ???????? ??? ???? ???? ???????',19,0,null);
Insert into MOH_WORKFLOW_SCHEMA.DISABILITY (DISABILITY_ID,DISABILITY_NAME,EQUIPMENT_ID,ACCEPTED,DISABILITY_DESCRIPTION) values (120,'??? ????????',1,1,null);
Insert into MOH_WORKFLOW_SCHEMA.DISABILITY (DISABILITY_ID,DISABILITY_NAME,EQUIPMENT_ID,ACCEPTED,DISABILITY_DESCRIPTION) values (121,'??? ????? 80 ?? ?? ??? ??????? ???????? ???????',2,1,null);
Insert into MOH_WORKFLOW_SCHEMA.DISABILITY (DISABILITY_ID,DISABILITY_NAME,EQUIPMENT_ID,ACCEPTED,DISABILITY_DESCRIPTION) values (122,'????? ????? ?????? ???? ??????',3,1,null);
Insert into MOH_WORKFLOW_SCHEMA.DISABILITY (DISABILITY_ID,DISABILITY_NAME,EQUIPMENT_ID,ACCEPTED,DISABILITY_DESCRIPTION) values (123,'??? ?????? ???? ??????',4,1,null);
Insert into MOH_WORKFLOW_SCHEMA.DISABILITY (DISABILITY_ID,DISABILITY_NAME,EQUIPMENT_ID,ACCEPTED,DISABILITY_DESCRIPTION) values (124,'???? ???? ??????? ?????? ?????? ???? ????? ????',5,1,null);
Insert into MOH_WORKFLOW_SCHEMA.DISABILITY (DISABILITY_ID,DISABILITY_NAME,EQUIPMENT_ID,ACCEPTED,DISABILITY_DESCRIPTION) values (125,'???? ???? ??????? ????? ??????? ??????? ???? ?????? ??????? ??????? ?????? ?????? ',6,0,null);
Insert into MOH_WORKFLOW_SCHEMA.DISABILITY (DISABILITY_ID,DISABILITY_NAME,EQUIPMENT_ID,ACCEPTED,DISABILITY_DESCRIPTION) values (126,'???? ???? ????? ?????? ?????? ???? ????? ????',7,0,null);
Insert into MOH_WORKFLOW_SCHEMA.DISABILITY (DISABILITY_ID,DISABILITY_NAME,EQUIPMENT_ID,ACCEPTED,DISABILITY_DESCRIPTION) values (127,'???? ???? ????? ????? ??????',8,0,null);
Insert into MOH_WORKFLOW_SCHEMA.DISABILITY (DISABILITY_ID,DISABILITY_NAME,EQUIPMENT_ID,ACCEPTED,DISABILITY_DESCRIPTION) values (128,'???? ??????? ?????? ????',9,1,null);
Insert into MOH_WORKFLOW_SCHEMA.DISABILITY (DISABILITY_ID,DISABILITY_NAME,EQUIPMENT_ID,ACCEPTED,DISABILITY_DESCRIPTION) values (129,'????? ????? ?????? ?????? ????',10,0,null);
Insert into MOH_WORKFLOW_SCHEMA.DISABILITY (DISABILITY_ID,DISABILITY_NAME,EQUIPMENT_ID,ACCEPTED,DISABILITY_DESCRIPTION) values (130,'??? ?????? ???? ?????? ?????? ???? ????? ????',11,0,null);
Insert into MOH_WORKFLOW_SCHEMA.DISABILITY (DISABILITY_ID,DISABILITY_NAME,EQUIPMENT_ID,ACCEPTED,DISABILITY_DESCRIPTION) values (131,'??? ?????? ???? ?????? ?????? ???? ????? ????',12,1,null);
Insert into MOH_WORKFLOW_SCHEMA.DISABILITY (DISABILITY_ID,DISABILITY_NAME,EQUIPMENT_ID,ACCEPTED,DISABILITY_DESCRIPTION) values (132,'???? ????? ?????? ?????? ???? ????? ????',13,0,null);
Insert into MOH_WORKFLOW_SCHEMA.DISABILITY (DISABILITY_ID,DISABILITY_NAME,EQUIPMENT_ID,ACCEPTED,DISABILITY_DESCRIPTION) values (133,'??? ???????? ????????',14,0,null);
Insert into MOH_WORKFLOW_SCHEMA.DISABILITY (DISABILITY_ID,DISABILITY_NAME,EQUIPMENT_ID,ACCEPTED,DISABILITY_DESCRIPTION) values (134,'????? ?????? ??????',15,1,null);
Insert into MOH_WORKFLOW_SCHEMA.DISABILITY (DISABILITY_ID,DISABILITY_NAME,EQUIPMENT_ID,ACCEPTED,DISABILITY_DESCRIPTION) values (135,'??? ??????? ???????',16,1,null);
Insert into MOH_WORKFLOW_SCHEMA.DISABILITY (DISABILITY_ID,DISABILITY_NAME,EQUIPMENT_ID,ACCEPTED,DISABILITY_DESCRIPTION) values (136,'??? ??????? ????? ??????',17,1,null);
Insert into MOH_WORKFLOW_SCHEMA.DISABILITY (DISABILITY_ID,DISABILITY_NAME,EQUIPMENT_ID,ACCEPTED,DISABILITY_DESCRIPTION) values (137,'??? ??????? ????? ??????',18,0,null);
Insert into MOH_WORKFLOW_SCHEMA.DISABILITY (DISABILITY_ID,DISABILITY_NAME,EQUIPMENT_ID,ACCEPTED,DISABILITY_DESCRIPTION) values (138,'??? ?????? ???? ?????? ??? ??????? ????? ???? ??????',19,0,null);
Insert into MOH_WORKFLOW_SCHEMA.DISABILITY (DISABILITY_ID,DISABILITY_NAME,EQUIPMENT_ID,ACCEPTED,DISABILITY_DESCRIPTION) values (139,'??? ???? ?????? ?????? ??????',1,0,null);
Insert into MOH_WORKFLOW_SCHEMA.DISABILITY (DISABILITY_ID,DISABILITY_NAME,EQUIPMENT_ID,ACCEPTED,DISABILITY_DESCRIPTION) values (140,'??? ???? ?????? ?????? ??????',2,0,null);
Insert into MOH_WORKFLOW_SCHEMA.DISABILITY (DISABILITY_ID,DISABILITY_NAME,EQUIPMENT_ID,ACCEPTED,DISABILITY_DESCRIPTION) values (141,'??? ???????? ????????',3,0,null);
Insert into MOH_WORKFLOW_SCHEMA.DISABILITY (DISABILITY_ID,DISABILITY_NAME,EQUIPMENT_ID,ACCEPTED,DISABILITY_DESCRIPTION) values (142,'???? ?????? ????? ?????? ?????? ????',4,0,null);
Insert into MOH_WORKFLOW_SCHEMA.DISABILITY (DISABILITY_ID,DISABILITY_NAME,EQUIPMENT_ID,ACCEPTED,DISABILITY_DESCRIPTION) values (143,'??? ???? ?????? ?????? ??????',5,0,null);
Insert into MOH_WORKFLOW_SCHEMA.DISABILITY (DISABILITY_ID,DISABILITY_NAME,EQUIPMENT_ID,ACCEPTED,DISABILITY_DESCRIPTION) values (144,'??? ???? ?????? ?????? ??????',6,0,null);
Insert into MOH_WORKFLOW_SCHEMA.DISABILITY (DISABILITY_ID,DISABILITY_NAME,EQUIPMENT_ID,ACCEPTED,DISABILITY_DESCRIPTION) values (145,'??? ???? ???????? ????????',7,1,null);
Insert into MOH_WORKFLOW_SCHEMA.DISABILITY (DISABILITY_ID,DISABILITY_NAME,EQUIPMENT_ID,ACCEPTED,DISABILITY_DESCRIPTION) values (146,'???? ?????? ?????? ?????? ???? ????? ???? ??????',8,1,null);
Insert into MOH_WORKFLOW_SCHEMA.DISABILITY (DISABILITY_ID,DISABILITY_NAME,EQUIPMENT_ID,ACCEPTED,DISABILITY_DESCRIPTION) values (147,'???? ?????? ?????? ?????? ???? ????? ???? ??????',9,1,null);
Insert into MOH_WORKFLOW_SCHEMA.DISABILITY (DISABILITY_ID,DISABILITY_NAME,EQUIPMENT_ID,ACCEPTED,DISABILITY_DESCRIPTION) values (148,'???? ?????? ?????? + ??? ?????? ?????? ??????',10,1,null);
Insert into MOH_WORKFLOW_SCHEMA.DISABILITY (DISABILITY_ID,DISABILITY_NAME,EQUIPMENT_ID,ACCEPTED,DISABILITY_DESCRIPTION) values (149,'??? ???????? ???????? + ??? ?????? ?????? ??? ????',11,1,null);
Insert into MOH_WORKFLOW_SCHEMA.DISABILITY (DISABILITY_ID,DISABILITY_NAME,EQUIPMENT_ID,ACCEPTED,DISABILITY_DESCRIPTION) values (150,'??? ?????? ????',12,1,null);
Insert into MOH_WORKFLOW_SCHEMA.DISABILITY (DISABILITY_ID,DISABILITY_NAME,EQUIPMENT_ID,ACCEPTED,DISABILITY_DESCRIPTION) values (151,'?????? ???? ?????? ?????? ????',1,1,null);
Insert into MOH_WORKFLOW_SCHEMA.DISABILITY (DISABILITY_ID,DISABILITY_NAME,EQUIPMENT_ID,ACCEPTED,DISABILITY_DESCRIPTION) values (152,'?????? ???? ?????? ?????? ????',2,1,null);
Insert into MOH_WORKFLOW_SCHEMA.DISABILITY (DISABILITY_ID,DISABILITY_NAME,EQUIPMENT_ID,ACCEPTED,DISABILITY_DESCRIPTION) values (153,'??? ??????? ??????',3,1,null);
Insert into MOH_WORKFLOW_SCHEMA.DISABILITY (DISABILITY_ID,DISABILITY_NAME,EQUIPMENT_ID,ACCEPTED,DISABILITY_DESCRIPTION) values (154,'??? ??????? ??????',4,0,null);
Insert into MOH_WORKFLOW_SCHEMA.DISABILITY (DISABILITY_ID,DISABILITY_NAME,EQUIPMENT_ID,ACCEPTED,DISABILITY_DESCRIPTION) values (155,'??? ?????? ?????? ?????? +  ??? ?????? ????',5,0,null);
Insert into MOH_WORKFLOW_SCHEMA.DISABILITY (DISABILITY_ID,DISABILITY_NAME,EQUIPMENT_ID,ACCEPTED,DISABILITY_DESCRIPTION) values (156,'??? ?????? ?????? ?????? + ??? ?????? ??????',6,0,null);
Insert into MOH_WORKFLOW_SCHEMA.DISABILITY (DISABILITY_ID,DISABILITY_NAME,EQUIPMENT_ID,ACCEPTED,DISABILITY_DESCRIPTION) values (157,'??? ???? ????????? ???????? ?? ?????? ???? ?????? ???????? ???????? ????',7,1,null);
Insert into MOH_WORKFLOW_SCHEMA.DISABILITY (DISABILITY_ID,DISABILITY_NAME,EQUIPMENT_ID,ACCEPTED,DISABILITY_DESCRIPTION) values (158,'??? ?????? ????',8,1,null);
Insert into MOH_WORKFLOW_SCHEMA.DISABILITY (DISABILITY_ID,DISABILITY_NAME,EQUIPMENT_ID,ACCEPTED,DISABILITY_DESCRIPTION) values (159,'??? ??? ?????? ?????? + ????? ???? ??????? ??????',9,0,null);
Insert into MOH_WORKFLOW_SCHEMA.DISABILITY (DISABILITY_ID,DISABILITY_NAME,EQUIPMENT_ID,ACCEPTED,DISABILITY_DESCRIPTION) values (160,'??? ???? ???? ???? ??????? ?????? ?????? ??? ????? ????',10,0,null);
Insert into MOH_WORKFLOW_SCHEMA.DISABILITY (DISABILITY_ID,DISABILITY_NAME,EQUIPMENT_ID,ACCEPTED,DISABILITY_DESCRIPTION) values (161,'??? ???? ???? ???? ??????? ?????? ?????? ??? ????? ????',11,1,null);
Insert into MOH_WORKFLOW_SCHEMA.DISABILITY (DISABILITY_ID,DISABILITY_NAME,EQUIPMENT_ID,ACCEPTED,DISABILITY_DESCRIPTION) values (162,'??? ???? ????? ??????',12,1,null);
Insert into MOH_WORKFLOW_SCHEMA.DISABILITY (DISABILITY_ID,DISABILITY_NAME,EQUIPMENT_ID,ACCEPTED,DISABILITY_DESCRIPTION) values (163,'????? ??????? ?????? ??????? ?? ??? ????? ???? ??????? ??????',13,0,null);
Insert into MOH_WORKFLOW_SCHEMA.DISABILITY (DISABILITY_ID,DISABILITY_NAME,EQUIPMENT_ID,ACCEPTED,DISABILITY_DESCRIPTION) values (164,'??? ???? ???? ???? ????? ????? ??????',14,0,null);
Insert into MOH_WORKFLOW_SCHEMA.DISABILITY (DISABILITY_ID,DISABILITY_NAME,EQUIPMENT_ID,ACCEPTED,DISABILITY_DESCRIPTION) values (165,'??? ?????? ?????? ?????? ???? ?????? ?????? ??????',15,1,null);
Insert into MOH_WORKFLOW_SCHEMA.DISABILITY (DISABILITY_ID,DISABILITY_NAME,EQUIPMENT_ID,ACCEPTED,DISABILITY_DESCRIPTION) values (166,'??? ?????? ?????? ?????? ???? ?????? ?????? ??????',16,0,null);
Insert into MOH_WORKFLOW_SCHEMA.DISABILITY (DISABILITY_ID,DISABILITY_NAME,EQUIPMENT_ID,ACCEPTED,DISABILITY_DESCRIPTION) values (167,'????? ???? ????? ?????? ??????',17,0,null);
Insert into MOH_WORKFLOW_SCHEMA.DISABILITY (DISABILITY_ID,DISABILITY_NAME,EQUIPMENT_ID,ACCEPTED,DISABILITY_DESCRIPTION) values (168,'????? ???? ????? ?????? ??????',18,0,null);
Insert into MOH_WORKFLOW_SCHEMA.DISABILITY (DISABILITY_ID,DISABILITY_NAME,EQUIPMENT_ID,ACCEPTED,DISABILITY_DESCRIPTION) values (169,'????? ???? ????? ????????',19,0,null);
REM INSERTING into MOH_WORKFLOW_SCHEMA.DOCUMENT_TYPE
SET DEFINE OFF;
REM INSERTING into MOH_WORKFLOW_SCHEMA.EQUIPMENT
SET DEFINE OFF;
Insert into MOH_WORKFLOW_SCHEMA.EQUIPMENT (EQUIPMENT_ID,EQUIPMENT_NAME,EQUIPMENT_DESCRIPTION) values (1,'????? ??????? ???????? ???? ????? ????? ???? ?????????',null);
Insert into MOH_WORKFLOW_SCHEMA.EQUIPMENT (EQUIPMENT_ID,EQUIPMENT_NAME,EQUIPMENT_DESCRIPTION) values (2,'????? ??????? ???????? ???? ?????',null);
Insert into MOH_WORKFLOW_SCHEMA.EQUIPMENT (EQUIPMENT_ID,EQUIPMENT_NAME,EQUIPMENT_DESCRIPTION) values (3,'????? ???? ?????? ???? ?????',null);
Insert into MOH_WORKFLOW_SCHEMA.EQUIPMENT (EQUIPMENT_ID,EQUIPMENT_NAME,EQUIPMENT_DESCRIPTION) values (4,'????? ???? ?????? ??????????',null);
Insert into MOH_WORKFLOW_SCHEMA.EQUIPMENT (EQUIPMENT_ID,EQUIPMENT_NAME,EQUIPMENT_DESCRIPTION) values (5,'?????? ??????? ???????? ?????? ?????? ???????? ??? ???? ????? ????? ????? ????? ????? ????? ??????? + ???? ???? ?????????',null);
Insert into MOH_WORKFLOW_SCHEMA.EQUIPMENT (EQUIPMENT_ID,EQUIPMENT_NAME,EQUIPMENT_DESCRIPTION) values (6,'?????? ??????? ???????? ?????? ?????? ???????? ??? ???? ????? ????? ????? ????? ????? ????? ??????? + ???? ???? ?????????',null);
Insert into MOH_WORKFLOW_SCHEMA.EQUIPMENT (EQUIPMENT_ID,EQUIPMENT_NAME,EQUIPMENT_DESCRIPTION) values (7,'?????? ??????? ???????? ?????? ?????? ???????? ??? ???? ????? ????? ????? ????? ????? ????? ??????+ ???? ???? ??????????',null);
Insert into MOH_WORKFLOW_SCHEMA.EQUIPMENT (EQUIPMENT_ID,EQUIPMENT_NAME,EQUIPMENT_DESCRIPTION) values (8,'?????? ??????? ???????? ?????? ?????? ???????? ??? ???? ????? ????? ????? ????? ????? ????? ?????? + ???? ???? ??????????',null);
Insert into MOH_WORKFLOW_SCHEMA.EQUIPMENT (EQUIPMENT_ID,EQUIPMENT_NAME,EQUIPMENT_DESCRIPTION) values (9,'?????? ??????? ???????? ?????? ?????? ???????? ??? ???? ????? ????? ???????? ???????? ???? ????? ????? ???? ????????? ',null);
Insert into MOH_WORKFLOW_SCHEMA.EQUIPMENT (EQUIPMENT_ID,EQUIPMENT_NAME,EQUIPMENT_DESCRIPTION) values (10,'????? ????? ?????  ????? ??????? ???????? ????? ?????? ???? ????? ',null);
Insert into MOH_WORKFLOW_SCHEMA.EQUIPMENT (EQUIPMENT_ID,EQUIPMENT_NAME,EQUIPMENT_DESCRIPTION) values (11,'?????? ??????? ???????? ?????? ?????? ???????? ??? ???? ????? ????? ???????? ???????? ???? ????? ????? ???? ?????????? ',null);
Insert into MOH_WORKFLOW_SCHEMA.EQUIPMENT (EQUIPMENT_ID,EQUIPMENT_NAME,EQUIPMENT_DESCRIPTION) values (12,'?????? ??????? ???????? ?????? ?????? ???????? ??? ???? ????? ????? + ???? ???? ?????????',null);
Insert into MOH_WORKFLOW_SCHEMA.EQUIPMENT (EQUIPMENT_ID,EQUIPMENT_NAME,EQUIPMENT_DESCRIPTION) values (13,'?????? ??????? ???????? ?????? ?????? ???????? ??? ???? ????? ????? + ???? ???? ?????????',null);
Insert into MOH_WORKFLOW_SCHEMA.EQUIPMENT (EQUIPMENT_ID,EQUIPMENT_NAME,EQUIPMENT_DESCRIPTION) values (14,'??????? ???????? ???? ????? ????? ????? ????? ????? ???? ??????????',null);
Insert into MOH_WORKFLOW_SCHEMA.EQUIPMENT (EQUIPMENT_ID,EQUIPMENT_NAME,EQUIPMENT_DESCRIPTION) values (15,'????? ??????? ???????? ???? ????? ?? ???? ????? ?????',null);
Insert into MOH_WORKFLOW_SCHEMA.EQUIPMENT (EQUIPMENT_ID,EQUIPMENT_NAME,EQUIPMENT_DESCRIPTION) values (16,'????? ??????? ???????? ???? ????? ????? ?????? ???? ????? ?? ?????????',null);
Insert into MOH_WORKFLOW_SCHEMA.EQUIPMENT (EQUIPMENT_ID,EQUIPMENT_NAME,EQUIPMENT_DESCRIPTION) values (17,'????? ???? ?????? ???? ????? ?? ?????????',null);
Insert into MOH_WORKFLOW_SCHEMA.EQUIPMENT (EQUIPMENT_ID,EQUIPMENT_NAME,EQUIPMENT_DESCRIPTION) values (18,'???? ????? ?????+???? ???? ????????? ??? ?? ???? ????????? ?????? ???? ???? ?? ????? ?????? ??????? ???? ??????? ?????  ?????? ???? ??????? ',null);
Insert into MOH_WORKFLOW_SCHEMA.EQUIPMENT (EQUIPMENT_ID,EQUIPMENT_NAME,EQUIPMENT_DESCRIPTION) values (19,'?????? ??????? ???????? ?????? ?????? ???????? ??? ???? ????? ????? ????? ????? ????? ????? ???????+????? ??????? ???????? ???? ????? ????? ???? ?????????? ',null);
REM INSERTING into MOH_WORKFLOW_SCHEMA.EYE_MEASURE
SET DEFINE OFF;
Insert into MOH_WORKFLOW_SCHEMA.EYE_MEASURE (MEASURE_ID,MEASURE_TITLE,MEASURE_DESCRIPTION) values (1,'6/6','6/6');
Insert into MOH_WORKFLOW_SCHEMA.EYE_MEASURE (MEASURE_ID,MEASURE_TITLE,MEASURE_DESCRIPTION) values (2,'6/9','6/9');
Insert into MOH_WORKFLOW_SCHEMA.EYE_MEASURE (MEASURE_ID,MEASURE_TITLE,MEASURE_DESCRIPTION) values (3,'6/12','6/12');
Insert into MOH_WORKFLOW_SCHEMA.EYE_MEASURE (MEASURE_ID,MEASURE_TITLE,MEASURE_DESCRIPTION) values (4,'6/18','6/18');
Insert into MOH_WORKFLOW_SCHEMA.EYE_MEASURE (MEASURE_ID,MEASURE_TITLE,MEASURE_DESCRIPTION) values (5,'6/24','6/24');
Insert into MOH_WORKFLOW_SCHEMA.EYE_MEASURE (MEASURE_ID,MEASURE_TITLE,MEASURE_DESCRIPTION) values (6,'6/36','6/36');
Insert into MOH_WORKFLOW_SCHEMA.EYE_MEASURE (MEASURE_ID,MEASURE_TITLE,MEASURE_DESCRIPTION) values (7,'6/60','6/60');
Insert into MOH_WORKFLOW_SCHEMA.EYE_MEASURE (MEASURE_ID,MEASURE_TITLE,MEASURE_DESCRIPTION) values (8,'5/60','5/60');
Insert into MOH_WORKFLOW_SCHEMA.EYE_MEASURE (MEASURE_ID,MEASURE_TITLE,MEASURE_DESCRIPTION) values (9,'??? ?? (6/60)','??? ?? (6/60)');
Insert into MOH_WORKFLOW_SCHEMA.EYE_MEASURE (MEASURE_ID,MEASURE_TITLE,MEASURE_DESCRIPTION) values (10,'?????? ?????','?????? ?????');
Insert into MOH_WORKFLOW_SCHEMA.EYE_MEASURE (MEASURE_ID,MEASURE_TITLE,MEASURE_DESCRIPTION) values (11,'???? ?????','???? ?????');
Insert into MOH_WORKFLOW_SCHEMA.EYE_MEASURE (MEASURE_ID,MEASURE_TITLE,MEASURE_DESCRIPTION) values (12,'???? ???? ??','???? ???? ??');
Insert into MOH_WORKFLOW_SCHEMA.EYE_MEASURE (MEASURE_ID,MEASURE_TITLE,MEASURE_DESCRIPTION) values (13,'?? ?????','?? ?????');
Insert into MOH_WORKFLOW_SCHEMA.EYE_MEASURE (MEASURE_ID,MEASURE_TITLE,MEASURE_DESCRIPTION) values (14,'????','????');
Insert into MOH_WORKFLOW_SCHEMA.EYE_MEASURE (MEASURE_ID,MEASURE_TITLE,MEASURE_DESCRIPTION) values (15,'??? ??????','??? ??????');
Insert into MOH_WORKFLOW_SCHEMA.EYE_MEASURE (MEASURE_ID,MEASURE_TITLE,MEASURE_DESCRIPTION) values (16,'????? ?????','????? ?????');
REM INSERTING into MOH_WORKFLOW_SCHEMA.EYE_REVEAL
SET DEFINE OFF;
REM INSERTING into MOH_WORKFLOW_SCHEMA.EYE_REVEAL_SETTING
SET DEFINE OFF;
REM INSERTING into MOH_WORKFLOW_SCHEMA.GOVERNATE
SET DEFINE OFF;
Insert into MOH_WORKFLOW_SCHEMA.GOVERNATE (GOVERNATE_ID,GOVERNATE_CODE,GOVERNATE_NAME,ZONE_ID) values (1,1,'???????',1);
Insert into MOH_WORKFLOW_SCHEMA.GOVERNATE (GOVERNATE_ID,GOVERNATE_CODE,GOVERNATE_NAME,ZONE_ID) values (2,2,'??????????',1);
Insert into MOH_WORKFLOW_SCHEMA.GOVERNATE (GOVERNATE_ID,GOVERNATE_CODE,GOVERNATE_NAME,ZONE_ID) values (29,29,'??????',1);
Insert into MOH_WORKFLOW_SCHEMA.GOVERNATE (GOVERNATE_ID,GOVERNATE_CODE,GOVERNATE_NAME,ZONE_ID) values (19,19,'???????????',1);
Insert into MOH_WORKFLOW_SCHEMA.GOVERNATE (GOVERNATE_ID,GOVERNATE_CODE,GOVERNATE_NAME,ZONE_ID) values (18,18,'???????',1);
Insert into MOH_WORKFLOW_SCHEMA.GOVERNATE (GOVERNATE_ID,GOVERNATE_CODE,GOVERNATE_NAME,ZONE_ID) values (21,21,'??????',1);
Insert into MOH_WORKFLOW_SCHEMA.GOVERNATE (GOVERNATE_ID,GOVERNATE_CODE,GOVERNATE_NAME,ZONE_ID) values (12,12,'????????',1);
Insert into MOH_WORKFLOW_SCHEMA.GOVERNATE (GOVERNATE_ID,GOVERNATE_CODE,GOVERNATE_NAME,ZONE_ID) values (13,13,'???????',1);
Insert into MOH_WORKFLOW_SCHEMA.GOVERNATE (GOVERNATE_ID,GOVERNATE_CODE,GOVERNATE_NAME,ZONE_ID) values (16,16,'???????',1);
Insert into MOH_WORKFLOW_SCHEMA.GOVERNATE (GOVERNATE_ID,GOVERNATE_CODE,GOVERNATE_NAME,ZONE_ID) values (14,14,'?????????',1);
Insert into MOH_WORKFLOW_SCHEMA.GOVERNATE (GOVERNATE_ID,GOVERNATE_CODE,GOVERNATE_NAME,ZONE_ID) values (17,17,'????????',1);
Insert into MOH_WORKFLOW_SCHEMA.GOVERNATE (GOVERNATE_ID,GOVERNATE_CODE,GOVERNATE_NAME,ZONE_ID) values (24,24,'??????',1);
Insert into MOH_WORKFLOW_SCHEMA.GOVERNATE (GOVERNATE_ID,GOVERNATE_CODE,GOVERNATE_NAME,ZONE_ID) values (28,28,'?????',1);
Insert into MOH_WORKFLOW_SCHEMA.GOVERNATE (GOVERNATE_ID,GOVERNATE_CODE,GOVERNATE_NAME,ZONE_ID) values (25,25,'?????',1);
Insert into MOH_WORKFLOW_SCHEMA.GOVERNATE (GOVERNATE_ID,GOVERNATE_CODE,GOVERNATE_NAME,ZONE_ID) values (22,22,'??? ????',1);
Insert into MOH_WORKFLOW_SCHEMA.GOVERNATE (GOVERNATE_ID,GOVERNATE_CODE,GOVERNATE_NAME,ZONE_ID) values (26,26,'?????',1);
Insert into MOH_WORKFLOW_SCHEMA.GOVERNATE (GOVERNATE_ID,GOVERNATE_CODE,GOVERNATE_NAME,ZONE_ID) values (27,27,'???',1);
Insert into MOH_WORKFLOW_SCHEMA.GOVERNATE (GOVERNATE_ID,GOVERNATE_CODE,GOVERNATE_NAME,ZONE_ID) values (15,15,'??? ?????',1);
Insert into MOH_WORKFLOW_SCHEMA.GOVERNATE (GOVERNATE_ID,GOVERNATE_CODE,GOVERNATE_NAME,ZONE_ID) values (33,33,'???? ?????',1);
Insert into MOH_WORKFLOW_SCHEMA.GOVERNATE (GOVERNATE_ID,GOVERNATE_CODE,GOVERNATE_NAME,ZONE_ID) values (88,88,'????? ???? ?????????',1);
Insert into MOH_WORKFLOW_SCHEMA.GOVERNATE (GOVERNATE_ID,GOVERNATE_CODE,GOVERNATE_NAME,ZONE_ID) values (3,3,'???????',1);
Insert into MOH_WORKFLOW_SCHEMA.GOVERNATE (GOVERNATE_ID,GOVERNATE_CODE,GOVERNATE_NAME,ZONE_ID) values (4,4,'?????? ',1);
Insert into MOH_WORKFLOW_SCHEMA.GOVERNATE (GOVERNATE_ID,GOVERNATE_CODE,GOVERNATE_NAME,ZONE_ID) values (11,11,'?????',1);
Insert into MOH_WORKFLOW_SCHEMA.GOVERNATE (GOVERNATE_ID,GOVERNATE_CODE,GOVERNATE_NAME,ZONE_ID) values (23,23,'?????? ',1);
Insert into MOH_WORKFLOW_SCHEMA.GOVERNATE (GOVERNATE_ID,GOVERNATE_CODE,GOVERNATE_NAME,ZONE_ID) values (31,31,'????? ??????',1);
Insert into MOH_WORKFLOW_SCHEMA.GOVERNATE (GOVERNATE_ID,GOVERNATE_CODE,GOVERNATE_NAME,ZONE_ID) values (32,32,'?????? ??????',1);
Insert into MOH_WORKFLOW_SCHEMA.GOVERNATE (GOVERNATE_ID,GOVERNATE_CODE,GOVERNATE_NAME,ZONE_ID) values (34,34,'???? ?????',1);
Insert into MOH_WORKFLOW_SCHEMA.GOVERNATE (GOVERNATE_ID,GOVERNATE_CODE,GOVERNATE_NAME,ZONE_ID) values (35,35,'???? ?????',1);
Insert into MOH_WORKFLOW_SCHEMA.GOVERNATE (GOVERNATE_ID,GOVERNATE_CODE,GOVERNATE_NAME,ZONE_ID) values (37,37,'????',1);
REM INSERTING into MOH_WORKFLOW_SCHEMA.OCCUPATION
SET DEFINE OFF;
Insert into MOH_WORKFLOW_SCHEMA.OCCUPATION (OCCUPATION_ID,OCCUPATION_NAME,OCCUPATION_DESCRIPTION) values (1,'????? ????',null);
Insert into MOH_WORKFLOW_SCHEMA.OCCUPATION (OCCUPATION_ID,OCCUPATION_NAME,OCCUPATION_DESCRIPTION) values (2,'????',null);
Insert into MOH_WORKFLOW_SCHEMA.OCCUPATION (OCCUPATION_ID,OCCUPATION_NAME,OCCUPATION_DESCRIPTION) values (3,'????',null);
Insert into MOH_WORKFLOW_SCHEMA.OCCUPATION (OCCUPATION_ID,OCCUPATION_NAME,OCCUPATION_DESCRIPTION) values (4,'????',null);
Insert into MOH_WORKFLOW_SCHEMA.OCCUPATION (OCCUPATION_ID,OCCUPATION_NAME,OCCUPATION_DESCRIPTION) values (5,'???????',null);
Insert into MOH_WORKFLOW_SCHEMA.OCCUPATION (OCCUPATION_ID,OCCUPATION_NAME,OCCUPATION_DESCRIPTION) values (6,'????????',null);
Insert into MOH_WORKFLOW_SCHEMA.OCCUPATION (OCCUPATION_ID,OCCUPATION_NAME,OCCUPATION_DESCRIPTION) values (7,'?????',null);
Insert into MOH_WORKFLOW_SCHEMA.OCCUPATION (OCCUPATION_ID,OCCUPATION_NAME,OCCUPATION_DESCRIPTION) values (8,'???? ?????',null);
Insert into MOH_WORKFLOW_SCHEMA.OCCUPATION (OCCUPATION_ID,OCCUPATION_NAME,OCCUPATION_DESCRIPTION) values (9,'????',null);
Insert into MOH_WORKFLOW_SCHEMA.OCCUPATION (OCCUPATION_ID,OCCUPATION_NAME,OCCUPATION_DESCRIPTION) values (10,'???? ????',null);
Insert into MOH_WORKFLOW_SCHEMA.OCCUPATION (OCCUPATION_ID,OCCUPATION_NAME,OCCUPATION_DESCRIPTION) values (11,'?????',null);
Insert into MOH_WORKFLOW_SCHEMA.OCCUPATION (OCCUPATION_ID,OCCUPATION_NAME,OCCUPATION_DESCRIPTION) values (12,'???? ???',null);
Insert into MOH_WORKFLOW_SCHEMA.OCCUPATION (OCCUPATION_ID,OCCUPATION_NAME,OCCUPATION_DESCRIPTION) values (13,'?????',null);
Insert into MOH_WORKFLOW_SCHEMA.OCCUPATION (OCCUPATION_ID,OCCUPATION_NAME,OCCUPATION_DESCRIPTION) values (14,'??????',null);
Insert into MOH_WORKFLOW_SCHEMA.OCCUPATION (OCCUPATION_ID,OCCUPATION_NAME,OCCUPATION_DESCRIPTION) values (15,'???? ????',null);
Insert into MOH_WORKFLOW_SCHEMA.OCCUPATION (OCCUPATION_ID,OCCUPATION_NAME,OCCUPATION_DESCRIPTION) values (16,'????',null);
Insert into MOH_WORKFLOW_SCHEMA.OCCUPATION (OCCUPATION_ID,OCCUPATION_NAME,OCCUPATION_DESCRIPTION) values (17,'???? ?????',null);
Insert into MOH_WORKFLOW_SCHEMA.OCCUPATION (OCCUPATION_ID,OCCUPATION_NAME,OCCUPATION_DESCRIPTION) values (18,'???? ?????',null);
Insert into MOH_WORKFLOW_SCHEMA.OCCUPATION (OCCUPATION_ID,OCCUPATION_NAME,OCCUPATION_DESCRIPTION) values (19,'???? ????',null);
Insert into MOH_WORKFLOW_SCHEMA.OCCUPATION (OCCUPATION_ID,OCCUPATION_NAME,OCCUPATION_DESCRIPTION) values (20,'??????',null);
Insert into MOH_WORKFLOW_SCHEMA.OCCUPATION (OCCUPATION_ID,OCCUPATION_NAME,OCCUPATION_DESCRIPTION) values (21,'??? ??????',null);
Insert into MOH_WORKFLOW_SCHEMA.OCCUPATION (OCCUPATION_ID,OCCUPATION_NAME,OCCUPATION_DESCRIPTION) values (22,'???? ???',null);
Insert into MOH_WORKFLOW_SCHEMA.OCCUPATION (OCCUPATION_ID,OCCUPATION_NAME,OCCUPATION_DESCRIPTION) values (23,'???? ????',null);
Insert into MOH_WORKFLOW_SCHEMA.OCCUPATION (OCCUPATION_ID,OCCUPATION_NAME,OCCUPATION_DESCRIPTION) values (24,'?????',null);
Insert into MOH_WORKFLOW_SCHEMA.OCCUPATION (OCCUPATION_ID,OCCUPATION_NAME,OCCUPATION_DESCRIPTION) values (25,'????',null);
Insert into MOH_WORKFLOW_SCHEMA.OCCUPATION (OCCUPATION_ID,OCCUPATION_NAME,OCCUPATION_DESCRIPTION) values (26,'???? ???',null);
Insert into MOH_WORKFLOW_SCHEMA.OCCUPATION (OCCUPATION_ID,OCCUPATION_NAME,OCCUPATION_DESCRIPTION) values (27,'????',null);
Insert into MOH_WORKFLOW_SCHEMA.OCCUPATION (OCCUPATION_ID,OCCUPATION_NAME,OCCUPATION_DESCRIPTION) values (28,'????',null);
Insert into MOH_WORKFLOW_SCHEMA.OCCUPATION (OCCUPATION_ID,OCCUPATION_NAME,OCCUPATION_DESCRIPTION) values (29,'???? ????',null);
Insert into MOH_WORKFLOW_SCHEMA.OCCUPATION (OCCUPATION_ID,OCCUPATION_NAME,OCCUPATION_DESCRIPTION) values (30,'?????',null);
Insert into MOH_WORKFLOW_SCHEMA.OCCUPATION (OCCUPATION_ID,OCCUPATION_NAME,OCCUPATION_DESCRIPTION) values (31,'????',null);
Insert into MOH_WORKFLOW_SCHEMA.OCCUPATION (OCCUPATION_ID,OCCUPATION_NAME,OCCUPATION_DESCRIPTION) values (32,'?????',null);
Insert into MOH_WORKFLOW_SCHEMA.OCCUPATION (OCCUPATION_ID,OCCUPATION_NAME,OCCUPATION_DESCRIPTION) values (33,'??? ???',null);
Insert into MOH_WORKFLOW_SCHEMA.OCCUPATION (OCCUPATION_ID,OCCUPATION_NAME,OCCUPATION_DESCRIPTION) values (34,'????',null);
Insert into MOH_WORKFLOW_SCHEMA.OCCUPATION (OCCUPATION_ID,OCCUPATION_NAME,OCCUPATION_DESCRIPTION) values (35,'????',null);
Insert into MOH_WORKFLOW_SCHEMA.OCCUPATION (OCCUPATION_ID,OCCUPATION_NAME,OCCUPATION_DESCRIPTION) values (36,'??? ???',null);
Insert into MOH_WORKFLOW_SCHEMA.OCCUPATION (OCCUPATION_ID,OCCUPATION_NAME,OCCUPATION_DESCRIPTION) values (37,'????? ????',null);
Insert into MOH_WORKFLOW_SCHEMA.OCCUPATION (OCCUPATION_ID,OCCUPATION_NAME,OCCUPATION_DESCRIPTION) values (38,'???? ???',null);
Insert into MOH_WORKFLOW_SCHEMA.OCCUPATION (OCCUPATION_ID,OCCUPATION_NAME,OCCUPATION_DESCRIPTION) values (39,'??? ????',null);
Insert into MOH_WORKFLOW_SCHEMA.OCCUPATION (OCCUPATION_ID,OCCUPATION_NAME,OCCUPATION_DESCRIPTION) values (40,'????',null);
Insert into MOH_WORKFLOW_SCHEMA.OCCUPATION (OCCUPATION_ID,OCCUPATION_NAME,OCCUPATION_DESCRIPTION) values (41,'???',null);
Insert into MOH_WORKFLOW_SCHEMA.OCCUPATION (OCCUPATION_ID,OCCUPATION_NAME,OCCUPATION_DESCRIPTION) values (42,'????',null);
Insert into MOH_WORKFLOW_SCHEMA.OCCUPATION (OCCUPATION_ID,OCCUPATION_NAME,OCCUPATION_DESCRIPTION) values (43,'????',null);
Insert into MOH_WORKFLOW_SCHEMA.OCCUPATION (OCCUPATION_ID,OCCUPATION_NAME,OCCUPATION_DESCRIPTION) values (44,'???????',null);
Insert into MOH_WORKFLOW_SCHEMA.OCCUPATION (OCCUPATION_ID,OCCUPATION_NAME,OCCUPATION_DESCRIPTION) values (45,'?????',null);
Insert into MOH_WORKFLOW_SCHEMA.OCCUPATION (OCCUPATION_ID,OCCUPATION_NAME,OCCUPATION_DESCRIPTION) values (46,'????',null);
Insert into MOH_WORKFLOW_SCHEMA.OCCUPATION (OCCUPATION_ID,OCCUPATION_NAME,OCCUPATION_DESCRIPTION) values (47,'???? ???',null);
Insert into MOH_WORKFLOW_SCHEMA.OCCUPATION (OCCUPATION_ID,OCCUPATION_NAME,OCCUPATION_DESCRIPTION) values (48,'???? ????',null);
Insert into MOH_WORKFLOW_SCHEMA.OCCUPATION (OCCUPATION_ID,OCCUPATION_NAME,OCCUPATION_DESCRIPTION) values (49,'???? ???',null);
Insert into MOH_WORKFLOW_SCHEMA.OCCUPATION (OCCUPATION_ID,OCCUPATION_NAME,OCCUPATION_DESCRIPTION) values (50,'????',null);
Insert into MOH_WORKFLOW_SCHEMA.OCCUPATION (OCCUPATION_ID,OCCUPATION_NAME,OCCUPATION_DESCRIPTION) values (51,'???? ????',null);
Insert into MOH_WORKFLOW_SCHEMA.OCCUPATION (OCCUPATION_ID,OCCUPATION_NAME,OCCUPATION_DESCRIPTION) values (52,'???? ???',null);
Insert into MOH_WORKFLOW_SCHEMA.OCCUPATION (OCCUPATION_ID,OCCUPATION_NAME,OCCUPATION_DESCRIPTION) values (53,'????? ???',null);
Insert into MOH_WORKFLOW_SCHEMA.OCCUPATION (OCCUPATION_ID,OCCUPATION_NAME,OCCUPATION_DESCRIPTION) values (54,'????',null);
Insert into MOH_WORKFLOW_SCHEMA.OCCUPATION (OCCUPATION_ID,OCCUPATION_NAME,OCCUPATION_DESCRIPTION) values (55,'????',null);
Insert into MOH_WORKFLOW_SCHEMA.OCCUPATION (OCCUPATION_ID,OCCUPATION_NAME,OCCUPATION_DESCRIPTION) values (56,'???? ?????',null);
Insert into MOH_WORKFLOW_SCHEMA.OCCUPATION (OCCUPATION_ID,OCCUPATION_NAME,OCCUPATION_DESCRIPTION) values (57,'???? ????',null);
Insert into MOH_WORKFLOW_SCHEMA.OCCUPATION (OCCUPATION_ID,OCCUPATION_NAME,OCCUPATION_DESCRIPTION) values (58,'???? ????',null);
Insert into MOH_WORKFLOW_SCHEMA.OCCUPATION (OCCUPATION_ID,OCCUPATION_NAME,OCCUPATION_DESCRIPTION) values (59,'?????',null);
Insert into MOH_WORKFLOW_SCHEMA.OCCUPATION (OCCUPATION_ID,OCCUPATION_NAME,OCCUPATION_DESCRIPTION) values (60,'???? ????',null);
Insert into MOH_WORKFLOW_SCHEMA.OCCUPATION (OCCUPATION_ID,OCCUPATION_NAME,OCCUPATION_DESCRIPTION) values (61,'??? ????',null);
Insert into MOH_WORKFLOW_SCHEMA.OCCUPATION (OCCUPATION_ID,OCCUPATION_NAME,OCCUPATION_DESCRIPTION) values (62,'?????',null);
Insert into MOH_WORKFLOW_SCHEMA.OCCUPATION (OCCUPATION_ID,OCCUPATION_NAME,OCCUPATION_DESCRIPTION) values (63,'???? ?????',null);
Insert into MOH_WORKFLOW_SCHEMA.OCCUPATION (OCCUPATION_ID,OCCUPATION_NAME,OCCUPATION_DESCRIPTION) values (64,'??????',null);
Insert into MOH_WORKFLOW_SCHEMA.OCCUPATION (OCCUPATION_ID,OCCUPATION_NAME,OCCUPATION_DESCRIPTION) values (65,'?????',null);
Insert into MOH_WORKFLOW_SCHEMA.OCCUPATION (OCCUPATION_ID,OCCUPATION_NAME,OCCUPATION_DESCRIPTION) values (66,'????',null);
Insert into MOH_WORKFLOW_SCHEMA.OCCUPATION (OCCUPATION_ID,OCCUPATION_NAME,OCCUPATION_DESCRIPTION) values (67,'?????',null);
Insert into MOH_WORKFLOW_SCHEMA.OCCUPATION (OCCUPATION_ID,OCCUPATION_NAME,OCCUPATION_DESCRIPTION) values (68,'????',null);
Insert into MOH_WORKFLOW_SCHEMA.OCCUPATION (OCCUPATION_ID,OCCUPATION_NAME,OCCUPATION_DESCRIPTION) values (69,'??? ?????',null);
Insert into MOH_WORKFLOW_SCHEMA.OCCUPATION (OCCUPATION_ID,OCCUPATION_NAME,OCCUPATION_DESCRIPTION) values (70,'???? ?????',null);
Insert into MOH_WORKFLOW_SCHEMA.OCCUPATION (OCCUPATION_ID,OCCUPATION_NAME,OCCUPATION_DESCRIPTION) values (71,'????',null);
Insert into MOH_WORKFLOW_SCHEMA.OCCUPATION (OCCUPATION_ID,OCCUPATION_NAME,OCCUPATION_DESCRIPTION) values (72,'???? ????',null);
Insert into MOH_WORKFLOW_SCHEMA.OCCUPATION (OCCUPATION_ID,OCCUPATION_NAME,OCCUPATION_DESCRIPTION) values (73,'?????',null);
Insert into MOH_WORKFLOW_SCHEMA.OCCUPATION (OCCUPATION_ID,OCCUPATION_NAME,OCCUPATION_DESCRIPTION) values (74,'???? ?????',null);
Insert into MOH_WORKFLOW_SCHEMA.OCCUPATION (OCCUPATION_ID,OCCUPATION_NAME,OCCUPATION_DESCRIPTION) values (75,'???? ????',null);
Insert into MOH_WORKFLOW_SCHEMA.OCCUPATION (OCCUPATION_ID,OCCUPATION_NAME,OCCUPATION_DESCRIPTION) values (76,'???? ?????',null);
Insert into MOH_WORKFLOW_SCHEMA.OCCUPATION (OCCUPATION_ID,OCCUPATION_NAME,OCCUPATION_DESCRIPTION) values (77,'???? ????',null);
Insert into MOH_WORKFLOW_SCHEMA.OCCUPATION (OCCUPATION_ID,OCCUPATION_NAME,OCCUPATION_DESCRIPTION) values (78,'???????',null);
Insert into MOH_WORKFLOW_SCHEMA.OCCUPATION (OCCUPATION_ID,OCCUPATION_NAME,OCCUPATION_DESCRIPTION) values (79,'????? ???????',null);
Insert into MOH_WORKFLOW_SCHEMA.OCCUPATION (OCCUPATION_ID,OCCUPATION_NAME,OCCUPATION_DESCRIPTION) values (80,'????? ?????',null);
Insert into MOH_WORKFLOW_SCHEMA.OCCUPATION (OCCUPATION_ID,OCCUPATION_NAME,OCCUPATION_DESCRIPTION) values (81,'???? ??? ????',null);
Insert into MOH_WORKFLOW_SCHEMA.OCCUPATION (OCCUPATION_ID,OCCUPATION_NAME,OCCUPATION_DESCRIPTION) values (82,'???? ??? ?????? ????',null);
Insert into MOH_WORKFLOW_SCHEMA.OCCUPATION (OCCUPATION_ID,OCCUPATION_NAME,OCCUPATION_DESCRIPTION) values (83,'???? ??????',null);
Insert into MOH_WORKFLOW_SCHEMA.OCCUPATION (OCCUPATION_ID,OCCUPATION_NAME,OCCUPATION_DESCRIPTION) values (84,'????? ??? ?????',null);
Insert into MOH_WORKFLOW_SCHEMA.OCCUPATION (OCCUPATION_ID,OCCUPATION_NAME,OCCUPATION_DESCRIPTION) values (85,'????? ?????',null);
Insert into MOH_WORKFLOW_SCHEMA.OCCUPATION (OCCUPATION_ID,OCCUPATION_NAME,OCCUPATION_DESCRIPTION) values (86,'???? ???? ????',null);
Insert into MOH_WORKFLOW_SCHEMA.OCCUPATION (OCCUPATION_ID,OCCUPATION_NAME,OCCUPATION_DESCRIPTION) values (87,'???? ??? ????? ??????',null);
Insert into MOH_WORKFLOW_SCHEMA.OCCUPATION (OCCUPATION_ID,OCCUPATION_NAME,OCCUPATION_DESCRIPTION) values (88,'???? ???????',null);
Insert into MOH_WORKFLOW_SCHEMA.OCCUPATION (OCCUPATION_ID,OCCUPATION_NAME,OCCUPATION_DESCRIPTION) values (89,'????? ????? ????',null);
Insert into MOH_WORKFLOW_SCHEMA.OCCUPATION (OCCUPATION_ID,OCCUPATION_NAME,OCCUPATION_DESCRIPTION) values (90,'???? ????? / ????',null);
Insert into MOH_WORKFLOW_SCHEMA.OCCUPATION (OCCUPATION_ID,OCCUPATION_NAME,OCCUPATION_DESCRIPTION) values (91,'????? ?????',null);
Insert into MOH_WORKFLOW_SCHEMA.OCCUPATION (OCCUPATION_ID,OCCUPATION_NAME,OCCUPATION_DESCRIPTION) values (92,'???? ??? ??????',null);
Insert into MOH_WORKFLOW_SCHEMA.OCCUPATION (OCCUPATION_ID,OCCUPATION_NAME,OCCUPATION_DESCRIPTION) values (93,'???? ??? ????? ?????',null);
Insert into MOH_WORKFLOW_SCHEMA.OCCUPATION (OCCUPATION_ID,OCCUPATION_NAME,OCCUPATION_DESCRIPTION) values (94,'???? ??? ???????',null);
Insert into MOH_WORKFLOW_SCHEMA.OCCUPATION (OCCUPATION_ID,OCCUPATION_NAME,OCCUPATION_DESCRIPTION) values (95,'????? ??? ?????',null);
Insert into MOH_WORKFLOW_SCHEMA.OCCUPATION (OCCUPATION_ID,OCCUPATION_NAME,OCCUPATION_DESCRIPTION) values (96,'????? ?????',null);
Insert into MOH_WORKFLOW_SCHEMA.OCCUPATION (OCCUPATION_ID,OCCUPATION_NAME,OCCUPATION_DESCRIPTION) values (97,'???? ??? ?????????',null);
Insert into MOH_WORKFLOW_SCHEMA.OCCUPATION (OCCUPATION_ID,OCCUPATION_NAME,OCCUPATION_DESCRIPTION) values (98,'???? ??? ????? ?????',null);
Insert into MOH_WORKFLOW_SCHEMA.OCCUPATION (OCCUPATION_ID,OCCUPATION_NAME,OCCUPATION_DESCRIPTION) values (99,'???? ??? ????? ?????',null);
Insert into MOH_WORKFLOW_SCHEMA.OCCUPATION (OCCUPATION_ID,OCCUPATION_NAME,OCCUPATION_DESCRIPTION) values (100,'???? ??? ????? ?????',null);
Insert into MOH_WORKFLOW_SCHEMA.OCCUPATION (OCCUPATION_ID,OCCUPATION_NAME,OCCUPATION_DESCRIPTION) values (101,'???? ??????',null);
Insert into MOH_WORKFLOW_SCHEMA.OCCUPATION (OCCUPATION_ID,OCCUPATION_NAME,OCCUPATION_DESCRIPTION) values (102,'????? ?????',null);
Insert into MOH_WORKFLOW_SCHEMA.OCCUPATION (OCCUPATION_ID,OCCUPATION_NAME,OCCUPATION_DESCRIPTION) values (103,'????? ??????',null);
Insert into MOH_WORKFLOW_SCHEMA.OCCUPATION (OCCUPATION_ID,OCCUPATION_NAME,OCCUPATION_DESCRIPTION) values (104,'???? ????? ??????',null);
Insert into MOH_WORKFLOW_SCHEMA.OCCUPATION (OCCUPATION_ID,OCCUPATION_NAME,OCCUPATION_DESCRIPTION) values (105,'???? ??? ???????',null);
Insert into MOH_WORKFLOW_SCHEMA.OCCUPATION (OCCUPATION_ID,OCCUPATION_NAME,OCCUPATION_DESCRIPTION) values (106,'?????? ??????',null);
Insert into MOH_WORKFLOW_SCHEMA.OCCUPATION (OCCUPATION_ID,OCCUPATION_NAME,OCCUPATION_DESCRIPTION) values (107,'???? ??? ????? ????? ??????',null);
Insert into MOH_WORKFLOW_SCHEMA.OCCUPATION (OCCUPATION_ID,OCCUPATION_NAME,OCCUPATION_DESCRIPTION) values (108,'???? ??? ?????? ??????',null);
Insert into MOH_WORKFLOW_SCHEMA.OCCUPATION (OCCUPATION_ID,OCCUPATION_NAME,OCCUPATION_DESCRIPTION) values (109,'????? ??????? ???????',null);
Insert into MOH_WORKFLOW_SCHEMA.OCCUPATION (OCCUPATION_ID,OCCUPATION_NAME,OCCUPATION_DESCRIPTION) values (110,'???? ????????',null);
Insert into MOH_WORKFLOW_SCHEMA.OCCUPATION (OCCUPATION_ID,OCCUPATION_NAME,OCCUPATION_DESCRIPTION) values (111,'??? ???? ??????',null);
REM INSERTING into MOH_WORKFLOW_SCHEMA.REQUEST
SET DEFINE OFF;
REM INSERTING into MOH_WORKFLOW_SCHEMA.REQUEST_DOCUMENT
SET DEFINE OFF;
REM INSERTING into MOH_WORKFLOW_SCHEMA.REQUEST_PAYMENT
SET DEFINE OFF;
REM INSERTING into MOH_WORKFLOW_SCHEMA.REQUEST_STATUS
SET DEFINE OFF;
Insert into MOH_WORKFLOW_SCHEMA.REQUEST_STATUS (REQUEST_STATUS_ID,REQUEST_STATUS_NAME,REQUEST_STATUS_DESCRIPTION) values (1,'???? ????','???? ????');
Insert into MOH_WORKFLOW_SCHEMA.REQUEST_STATUS (REQUEST_STATUS_ID,REQUEST_STATUS_NAME,REQUEST_STATUS_DESCRIPTION) values (2,'???? ???? ???????','???? ???? ???????');
Insert into MOH_WORKFLOW_SCHEMA.REQUEST_STATUS (REQUEST_STATUS_ID,REQUEST_STATUS_NAME,REQUEST_STATUS_DESCRIPTION) values (3,'???? ?????-??????','???? ?????-??????');
Insert into MOH_WORKFLOW_SCHEMA.REQUEST_STATUS (REQUEST_STATUS_ID,REQUEST_STATUS_NAME,REQUEST_STATUS_DESCRIPTION) values (4,'???? ???????-??????','???? ???????-??????');
Insert into MOH_WORKFLOW_SCHEMA.REQUEST_STATUS (REQUEST_STATUS_ID,REQUEST_STATUS_NAME,REQUEST_STATUS_DESCRIPTION) values (5,'?? ???????','?? ???????');
Insert into MOH_WORKFLOW_SCHEMA.REQUEST_STATUS (REQUEST_STATUS_ID,REQUEST_STATUS_NAME,REQUEST_STATUS_DESCRIPTION) values (6,'????? ??????','????? ??????');
Insert into MOH_WORKFLOW_SCHEMA.REQUEST_STATUS (REQUEST_STATUS_ID,REQUEST_STATUS_NAME,REQUEST_STATUS_DESCRIPTION) values (7,'???? ?????','???? ?????');
Insert into MOH_WORKFLOW_SCHEMA.REQUEST_STATUS (REQUEST_STATUS_ID,REQUEST_STATUS_NAME,REQUEST_STATUS_DESCRIPTION) values (8,'???? ?????','???? ?????');
Insert into MOH_WORKFLOW_SCHEMA.REQUEST_STATUS (REQUEST_STATUS_ID,REQUEST_STATUS_NAME,REQUEST_STATUS_DESCRIPTION) values (9,'???? ???????','???? ???????');
Insert into MOH_WORKFLOW_SCHEMA.REQUEST_STATUS (REQUEST_STATUS_ID,REQUEST_STATUS_NAME,REQUEST_STATUS_DESCRIPTION) values (10,'???','???');
Insert into MOH_WORKFLOW_SCHEMA.REQUEST_STATUS (REQUEST_STATUS_ID,REQUEST_STATUS_NAME,REQUEST_STATUS_DESCRIPTION) values (11,'?? ??????','?? ??????');
Insert into MOH_WORKFLOW_SCHEMA.REQUEST_STATUS (REQUEST_STATUS_ID,REQUEST_STATUS_NAME,REQUEST_STATUS_DESCRIPTION) values (12,'???? ?????- ?????','???? ?????- ?????');
Insert into MOH_WORKFLOW_SCHEMA.REQUEST_STATUS (REQUEST_STATUS_ID,REQUEST_STATUS_NAME,REQUEST_STATUS_DESCRIPTION) values (13,'???? ???????-?????','???? ???????-?????');
Insert into MOH_WORKFLOW_SCHEMA.REQUEST_STATUS (REQUEST_STATUS_ID,REQUEST_STATUS_NAME,REQUEST_STATUS_DESCRIPTION) values (14,'????? ??????','????? ??????');
Insert into MOH_WORKFLOW_SCHEMA.REQUEST_STATUS (REQUEST_STATUS_ID,REQUEST_STATUS_NAME,REQUEST_STATUS_DESCRIPTION) values (15,'????? ?????','????? ?????');
Insert into MOH_WORKFLOW_SCHEMA.REQUEST_STATUS (REQUEST_STATUS_ID,REQUEST_STATUS_NAME,REQUEST_STATUS_DESCRIPTION) values (16,'???? ???? ??????? ?????','???? ???? ??????? ?????');
Insert into MOH_WORKFLOW_SCHEMA.REQUEST_STATUS (REQUEST_STATUS_ID,REQUEST_STATUS_NAME,REQUEST_STATUS_DESCRIPTION) values (17,'?? ????','?? ????');
Insert into MOH_WORKFLOW_SCHEMA.REQUEST_STATUS (REQUEST_STATUS_ID,REQUEST_STATUS_NAME,REQUEST_STATUS_DESCRIPTION) values (18,'??? ?????? ??????? ?????','??? ?????? ??????? ?????');
Insert into MOH_WORKFLOW_SCHEMA.REQUEST_STATUS (REQUEST_STATUS_ID,REQUEST_STATUS_NAME,REQUEST_STATUS_DESCRIPTION) values (19,'????? ?????? ????? - ??????','????? ?????? ????? - ??????');
Insert into MOH_WORKFLOW_SCHEMA.REQUEST_STATUS (REQUEST_STATUS_ID,REQUEST_STATUS_NAME,REQUEST_STATUS_DESCRIPTION) values (20,'????? ?????? ?????','????? ?????? ?????');
Insert into MOH_WORKFLOW_SCHEMA.REQUEST_STATUS (REQUEST_STATUS_ID,REQUEST_STATUS_NAME,REQUEST_STATUS_DESCRIPTION) values (21,'???? ??????? - ??????','???? ??????? - ??????');
Insert into MOH_WORKFLOW_SCHEMA.REQUEST_STATUS (REQUEST_STATUS_ID,REQUEST_STATUS_NAME,REQUEST_STATUS_DESCRIPTION) values (22,'???? ???????','???? ???????');
Insert into MOH_WORKFLOW_SCHEMA.REQUEST_STATUS (REQUEST_STATUS_ID,REQUEST_STATUS_NAME,REQUEST_STATUS_DESCRIPTION) values (23,'??? ??????? - ??????','??? ??????? - ??????');
Insert into MOH_WORKFLOW_SCHEMA.REQUEST_STATUS (REQUEST_STATUS_ID,REQUEST_STATUS_NAME,REQUEST_STATUS_DESCRIPTION) values (24,'??? ???????','??? ???????');
REM INSERTING into MOH_WORKFLOW_SCHEMA.REQUEST_TYPE
SET DEFINE OFF;
Insert into MOH_WORKFLOW_SCHEMA.REQUEST_TYPE (REQUEST_TYPE_ID,REQUEST_TYPE_NAME,REQUEST_TYPE_PRICE,REQUEST_TYPE_DESCRIPTION) values (1,'???? ????',0,'???? ????');
Insert into MOH_WORKFLOW_SCHEMA.REQUEST_TYPE (REQUEST_TYPE_ID,REQUEST_TYPE_NAME,REQUEST_TYPE_PRICE,REQUEST_TYPE_DESCRIPTION) values (2,'???? ???? ?????',0,'???? ???? ?????');
Insert into MOH_WORKFLOW_SCHEMA.REQUEST_TYPE (REQUEST_TYPE_ID,REQUEST_TYPE_NAME,REQUEST_TYPE_PRICE,REQUEST_TYPE_DESCRIPTION) values (3,'?? ??????',0,'?? ??????');
Insert into MOH_WORKFLOW_SCHEMA.REQUEST_TYPE (REQUEST_TYPE_ID,REQUEST_TYPE_NAME,REQUEST_TYPE_PRICE,REQUEST_TYPE_DESCRIPTION) values (4,'????? ?????? ???? ????',0,'????? ?????? ???? - ????');
Insert into MOH_WORKFLOW_SCHEMA.REQUEST_TYPE (REQUEST_TYPE_ID,REQUEST_TYPE_NAME,REQUEST_TYPE_PRICE,REQUEST_TYPE_DESCRIPTION) values (5,'??? ????',200,'??? ????');
Insert into MOH_WORKFLOW_SCHEMA.REQUEST_TYPE (REQUEST_TYPE_ID,REQUEST_TYPE_NAME,REQUEST_TYPE_PRICE,REQUEST_TYPE_DESCRIPTION) values (6,'??? ??????',400,'??? ??????');
Insert into MOH_WORKFLOW_SCHEMA.REQUEST_TYPE (REQUEST_TYPE_ID,REQUEST_TYPE_NAME,REQUEST_TYPE_PRICE,REQUEST_TYPE_DESCRIPTION) values (7,'???? ????',0,'???? ????');
Insert into MOH_WORKFLOW_SCHEMA.REQUEST_TYPE (REQUEST_TYPE_ID,REQUEST_TYPE_NAME,REQUEST_TYPE_PRICE,REQUEST_TYPE_DESCRIPTION) values (8,'????? ?????? ????',0,'????? ?????? - ????');
Insert into MOH_WORKFLOW_SCHEMA.REQUEST_TYPE (REQUEST_TYPE_ID,REQUEST_TYPE_NAME,REQUEST_TYPE_PRICE,REQUEST_TYPE_DESCRIPTION) values (9,'????? ??????',0,'????? ??????');
Insert into MOH_WORKFLOW_SCHEMA.REQUEST_TYPE (REQUEST_TYPE_ID,REQUEST_TYPE_NAME,REQUEST_TYPE_PRICE,REQUEST_TYPE_DESCRIPTION) values (10,'??? ?????',0,'??? ?????');
Insert into MOH_WORKFLOW_SCHEMA.REQUEST_TYPE (REQUEST_TYPE_ID,REQUEST_TYPE_NAME,REQUEST_TYPE_PRICE,REQUEST_TYPE_DESCRIPTION) values (11,'??? ????? ???????',0,'??? ????? ???????');
Insert into MOH_WORKFLOW_SCHEMA.REQUEST_TYPE (REQUEST_TYPE_ID,REQUEST_TYPE_NAME,REQUEST_TYPE_PRICE,REQUEST_TYPE_DESCRIPTION) values (12,'????? ????? ??? ???',0,'????? ????? ??? ???');
Insert into MOH_WORKFLOW_SCHEMA.REQUEST_TYPE (REQUEST_TYPE_ID,REQUEST_TYPE_NAME,REQUEST_TYPE_PRICE,REQUEST_TYPE_DESCRIPTION) values (13,'????? ?????? ????',0,'????? ?????? ????');
Insert into MOH_WORKFLOW_SCHEMA.REQUEST_TYPE (REQUEST_TYPE_ID,REQUEST_TYPE_NAME,REQUEST_TYPE_PRICE,REQUEST_TYPE_DESCRIPTION) values (14,'????? ??????  ???? ????',0,'????? ??????  ???? ????');
Insert into MOH_WORKFLOW_SCHEMA.REQUEST_TYPE (REQUEST_TYPE_ID,REQUEST_TYPE_NAME,REQUEST_TYPE_PRICE,REQUEST_TYPE_DESCRIPTION) values (15,'???? ???????? ????',0,'???? ???????? ????');
Insert into MOH_WORKFLOW_SCHEMA.REQUEST_TYPE (REQUEST_TYPE_ID,REQUEST_TYPE_NAME,REQUEST_TYPE_PRICE,REQUEST_TYPE_DESCRIPTION) values (16,'???? ???????? ????',0,'???? ???????? ????');
Insert into MOH_WORKFLOW_SCHEMA.REQUEST_TYPE (REQUEST_TYPE_ID,REQUEST_TYPE_NAME,REQUEST_TYPE_PRICE,REQUEST_TYPE_DESCRIPTION) values (17,'????? ?????? ?????',0,'????? ?????? ?????');
REM INSERTING into MOH_WORKFLOW_SCHEMA.SYSTEM_AUDIT
SET DEFINE OFF;
REM INSERTING into MOH_WORKFLOW_SCHEMA.SYSTEM_ROLE
SET DEFINE OFF;
Insert into MOH_WORKFLOW_SCHEMA.SYSTEM_ROLE (ROLE_ID,ROLE_NAME,ROLE_DESCRIPTION) values (1,'ADMIN','????? ?????? ???????');
Insert into MOH_WORKFLOW_SCHEMA.SYSTEM_ROLE (ROLE_ID,ROLE_NAME,ROLE_DESCRIPTION) values (3,'CITIZEN','????? ? ????? ?????? ?????????');
Insert into MOH_WORKFLOW_SCHEMA.SYSTEM_ROLE (ROLE_ID,ROLE_NAME,ROLE_DESCRIPTION) values (4,'CASHIER','????? ????????? ?????? ????? ???????? ? ????? ????????');
Insert into MOH_WORKFLOW_SCHEMA.SYSTEM_ROLE (ROLE_ID,ROLE_NAME,ROLE_DESCRIPTION) values (5,'CONTINUE_REGISTERING','??????? ?????? ?????, ??? ????? ??????? ? ????? ???? ??? ?????? ? ?????');
Insert into MOH_WORKFLOW_SCHEMA.SYSTEM_ROLE (ROLE_ID,ROLE_NAME,ROLE_DESCRIPTION) values (6,'EYE','????? ???? ????????? ???? ?????');
Insert into MOH_WORKFLOW_SCHEMA.SYSTEM_ROLE (ROLE_ID,ROLE_NAME,ROLE_DESCRIPTION) values (7,'BONES','????? ???? ????????? ???? ??????');
Insert into MOH_WORKFLOW_SCHEMA.SYSTEM_ROLE (ROLE_ID,ROLE_NAME,ROLE_DESCRIPTION) values (8,'MEDICAL_REGISTERING','????? ?????? ??? ?????? ? ????? , ? ??? ????? ?????');
Insert into MOH_WORKFLOW_SCHEMA.SYSTEM_ROLE (ROLE_ID,ROLE_NAME,ROLE_DESCRIPTION) values (9,'REQUESTS_REVIEWER','?????? ??????? ? ??????? ????? ????? ?????');
Insert into MOH_WORKFLOW_SCHEMA.SYSTEM_ROLE (ROLE_ID,ROLE_NAME,ROLE_DESCRIPTION) values (10,'REQUESTS_APPROVER','?????? ??????? ? ??????? ????? ???????');
REM INSERTING into MOH_WORKFLOW_SCHEMA.SYSTEM_USER
SET DEFINE OFF;
Insert into MOH_WORKFLOW_SCHEMA.SYSTEM_USER (USER_ID,USERNAME,PASSWORD,CREATED_DATE,ZONE_ID) values (1,'admin','$2a$10$L9MIF6lIh1bVDi7xnz4g1uZ9Ylcl73e89adMYQ6tmf/G28YnIUueq',null,27);
Insert into MOH_WORKFLOW_SCHEMA.SYSTEM_USER (USER_ID,USERNAME,PASSWORD,CREATED_DATE,ZONE_ID) values (2,'eye','$2a$10$tMPI04TYrepQCB9cmmunHOPpEboWzD6lvwJxiOsq0g.EGoCDnfbpG',null,27);
Insert into MOH_WORKFLOW_SCHEMA.SYSTEM_USER (USER_ID,USERNAME,PASSWORD,CREATED_DATE,ZONE_ID) values (3,'bones','$2a$10$dtmakn6rmEr7k0ctRIHCgu3j9AAcnhRcItEE88R7OQ0SjX02rYQvm',null,27);
Insert into MOH_WORKFLOW_SCHEMA.SYSTEM_USER (USER_ID,USERNAME,PASSWORD,CREATED_DATE,ZONE_ID) values (4,'register','$2a$10$CaLwfM/7DHErFQ354btuUuSk19NWgQHeszPpGb/1GHx0Huj3lNpv2',null,27);
Insert into MOH_WORKFLOW_SCHEMA.SYSTEM_USER (USER_ID,USERNAME,PASSWORD,CREATED_DATE,ZONE_ID) values (5,'medicalregister','$2a$10$e9IdbUSfoNJN9OUu7r9JKeG/9IcGpVAYkYOSdRAAsH7km2SMr7TeW',null,27);
Insert into MOH_WORKFLOW_SCHEMA.SYSTEM_USER (USER_ID,USERNAME,PASSWORD,CREATED_DATE,ZONE_ID) values (6,'reviewer','$2a$10$UF0W1BtHUi7xBG863OYGW.GrRMdgrmS/NdHUVr5tA5U8OA7SuOM1m',null,27);
Insert into MOH_WORKFLOW_SCHEMA.SYSTEM_USER (USER_ID,USERNAME,PASSWORD,CREATED_DATE,ZONE_ID) values (7,'approver','$2a$10$oFruULr1K2h8ZxQ49q3FE.xTRXSXJPdlrhB8MdWERfzIOpAzDNJy.',null,27);
Insert into MOH_WORKFLOW_SCHEMA.SYSTEM_USER (USER_ID,USERNAME,PASSWORD,CREATED_DATE,ZONE_ID) values (8,'citizenregister','$2a$10$twUR7P8alu1qkOVIeWd1G.R5U6bUe7rH6I1SdlzrsADDTT9YRD/W2',null,27);
Insert into MOH_WORKFLOW_SCHEMA.SYSTEM_USER (USER_ID,USERNAME,PASSWORD,CREATED_DATE,ZONE_ID) values (9,'cashier','$2a$10$a7fwnuxNM2yqHBkFm.kqJunvBnCpL.s/xqQbOSOr0RlKlSaxWyduG',null,27);
REM INSERTING into MOH_WORKFLOW_SCHEMA.TRAFFIC_MANAGEMENT
SET DEFINE OFF;
Insert into MOH_WORKFLOW_SCHEMA.TRAFFIC_MANAGEMENT (TRAFFIC_ID,TRAFFIC_NAME,TRAFFIC_DESCRIPTION) values (1,'????? ???? ??????? ',null);
Insert into MOH_WORKFLOW_SCHEMA.TRAFFIC_MANAGEMENT (TRAFFIC_ID,TRAFFIC_NAME,TRAFFIC_DESCRIPTION) values (2,'????? ???? ??????',null);
Insert into MOH_WORKFLOW_SCHEMA.TRAFFIC_MANAGEMENT (TRAFFIC_ID,TRAFFIC_NAME,TRAFFIC_DESCRIPTION) values (3,'????? ???? ?????',null);
Insert into MOH_WORKFLOW_SCHEMA.TRAFFIC_MANAGEMENT (TRAFFIC_ID,TRAFFIC_NAME,TRAFFIC_DESCRIPTION) values (4,'????? ???? ????????',null);
Insert into MOH_WORKFLOW_SCHEMA.TRAFFIC_MANAGEMENT (TRAFFIC_ID,TRAFFIC_NAME,TRAFFIC_DESCRIPTION) values (5,'????? ???? ???????',null);
Insert into MOH_WORKFLOW_SCHEMA.TRAFFIC_MANAGEMENT (TRAFFIC_ID,TRAFFIC_NAME,TRAFFIC_DESCRIPTION) values (6,'????? ???? ?????????',null);
Insert into MOH_WORKFLOW_SCHEMA.TRAFFIC_MANAGEMENT (TRAFFIC_ID,TRAFFIC_NAME,TRAFFIC_DESCRIPTION) values (7,'????? ???? ??? ?????',null);
Insert into MOH_WORKFLOW_SCHEMA.TRAFFIC_MANAGEMENT (TRAFFIC_ID,TRAFFIC_NAME,TRAFFIC_DESCRIPTION) values (8,'????? ???? ???????',null);
Insert into MOH_WORKFLOW_SCHEMA.TRAFFIC_MANAGEMENT (TRAFFIC_ID,TRAFFIC_NAME,TRAFFIC_DESCRIPTION) values (9,'????? ???? ????????',null);
Insert into MOH_WORKFLOW_SCHEMA.TRAFFIC_MANAGEMENT (TRAFFIC_ID,TRAFFIC_NAME,TRAFFIC_DESCRIPTION) values (10,'????? ???? ???????',null);
Insert into MOH_WORKFLOW_SCHEMA.TRAFFIC_MANAGEMENT (TRAFFIC_ID,TRAFFIC_NAME,TRAFFIC_DESCRIPTION) values (11,'????? ???? ???????????',null);
Insert into MOH_WORKFLOW_SCHEMA.TRAFFIC_MANAGEMENT (TRAFFIC_ID,TRAFFIC_NAME,TRAFFIC_DESCRIPTION) values (12,'????? ???? ??????',null);
Insert into MOH_WORKFLOW_SCHEMA.TRAFFIC_MANAGEMENT (TRAFFIC_ID,TRAFFIC_NAME,TRAFFIC_DESCRIPTION) values (13,'????? ???? ??? ????',null);
Insert into MOH_WORKFLOW_SCHEMA.TRAFFIC_MANAGEMENT (TRAFFIC_ID,TRAFFIC_NAME,TRAFFIC_DESCRIPTION) values (14,'????? ???? ??????',null);
Insert into MOH_WORKFLOW_SCHEMA.TRAFFIC_MANAGEMENT (TRAFFIC_ID,TRAFFIC_NAME,TRAFFIC_DESCRIPTION) values (15,'????? ???? ??????',null);
Insert into MOH_WORKFLOW_SCHEMA.TRAFFIC_MANAGEMENT (TRAFFIC_ID,TRAFFIC_NAME,TRAFFIC_DESCRIPTION) values (16,'????? ???? ?????',null);
Insert into MOH_WORKFLOW_SCHEMA.TRAFFIC_MANAGEMENT (TRAFFIC_ID,TRAFFIC_NAME,TRAFFIC_DESCRIPTION) values (17,'????? ???? ?????',null);
Insert into MOH_WORKFLOW_SCHEMA.TRAFFIC_MANAGEMENT (TRAFFIC_ID,TRAFFIC_NAME,TRAFFIC_DESCRIPTION) values (18,'????? ???? ???',null);
Insert into MOH_WORKFLOW_SCHEMA.TRAFFIC_MANAGEMENT (TRAFFIC_ID,TRAFFIC_NAME,TRAFFIC_DESCRIPTION) values (19,'????? ???? ?????',null);
Insert into MOH_WORKFLOW_SCHEMA.TRAFFIC_MANAGEMENT (TRAFFIC_ID,TRAFFIC_NAME,TRAFFIC_DESCRIPTION) values (20,'????? ???? ??????',null);
Insert into MOH_WORKFLOW_SCHEMA.TRAFFIC_MANAGEMENT (TRAFFIC_ID,TRAFFIC_NAME,TRAFFIC_DESCRIPTION) values (21,'????? ???? ????? ??????',null);
Insert into MOH_WORKFLOW_SCHEMA.TRAFFIC_MANAGEMENT (TRAFFIC_ID,TRAFFIC_NAME,TRAFFIC_DESCRIPTION) values (22,'????? ???? ?????? ??????',null);
Insert into MOH_WORKFLOW_SCHEMA.TRAFFIC_MANAGEMENT (TRAFFIC_ID,TRAFFIC_NAME,TRAFFIC_DESCRIPTION) values (23,'????? ???? ???? ?????',null);
Insert into MOH_WORKFLOW_SCHEMA.TRAFFIC_MANAGEMENT (TRAFFIC_ID,TRAFFIC_NAME,TRAFFIC_DESCRIPTION) values (24,'????? ???? ???? ?????',null);
Insert into MOH_WORKFLOW_SCHEMA.TRAFFIC_MANAGEMENT (TRAFFIC_ID,TRAFFIC_NAME,TRAFFIC_DESCRIPTION) values (25,'????? ???? ???? ?????',null);
Insert into MOH_WORKFLOW_SCHEMA.TRAFFIC_MANAGEMENT (TRAFFIC_ID,TRAFFIC_NAME,TRAFFIC_DESCRIPTION) values (26,'??????? ?????? ?????? ????????',null);
Insert into MOH_WORKFLOW_SCHEMA.TRAFFIC_MANAGEMENT (TRAFFIC_ID,TRAFFIC_NAME,TRAFFIC_DESCRIPTION) values (27,'????? ???? ??????????',null);
REM INSERTING into MOH_WORKFLOW_SCHEMA.USER_ROLES
SET DEFINE OFF;
Insert into MOH_WORKFLOW_SCHEMA.USER_ROLES (USER_ID,ROLE_ID) values (2,6);
Insert into MOH_WORKFLOW_SCHEMA.USER_ROLES (USER_ID,ROLE_ID) values (3,7);
Insert into MOH_WORKFLOW_SCHEMA.USER_ROLES (USER_ID,ROLE_ID) values (4,5);
Insert into MOH_WORKFLOW_SCHEMA.USER_ROLES (USER_ID,ROLE_ID) values (5,8);
Insert into MOH_WORKFLOW_SCHEMA.USER_ROLES (USER_ID,ROLE_ID) values (6,9);
Insert into MOH_WORKFLOW_SCHEMA.USER_ROLES (USER_ID,ROLE_ID) values (7,10);
Insert into MOH_WORKFLOW_SCHEMA.USER_ROLES (USER_ID,ROLE_ID) values (8,3);
Insert into MOH_WORKFLOW_SCHEMA.USER_ROLES (USER_ID,ROLE_ID) values (9,4);
Insert into MOH_WORKFLOW_SCHEMA.USER_ROLES (USER_ID,ROLE_ID) values (1,1);
REM INSERTING into MOH_WORKFLOW_SCHEMA.ZONE
SET DEFINE OFF;
Insert into MOH_WORKFLOW_SCHEMA.ZONE (ZONE_ID,ZONE_NAME,ZONE_DESCRIPTION) values (1,'???? ??? ??????????',null);
Insert into MOH_WORKFLOW_SCHEMA.ZONE (ZONE_ID,ZONE_NAME,ZONE_DESCRIPTION) values (2,'?????? ????? ????? ??????',null);
Insert into MOH_WORKFLOW_SCHEMA.ZONE (ZONE_ID,ZONE_NAME,ZONE_DESCRIPTION) values (3,'???? ??? ???',null);
Insert into MOH_WORKFLOW_SCHEMA.ZONE (ZONE_ID,ZONE_NAME,ZONE_DESCRIPTION) values (4,'???? ??? ???????',null);
Insert into MOH_WORKFLOW_SCHEMA.ZONE (ZONE_ID,ZONE_NAME,ZONE_DESCRIPTION) values (5,'???? ??? ??????',null);
Insert into MOH_WORKFLOW_SCHEMA.ZONE (ZONE_ID,ZONE_NAME,ZONE_DESCRIPTION) values (6,'???? ??? ?????',null);
Insert into MOH_WORKFLOW_SCHEMA.ZONE (ZONE_ID,ZONE_NAME,ZONE_DESCRIPTION) values (7,'???? ??? ????????',null);
Insert into MOH_WORKFLOW_SCHEMA.ZONE (ZONE_ID,ZONE_NAME,ZONE_DESCRIPTION) values (8,'???? ??? ???????',null);
Insert into MOH_WORKFLOW_SCHEMA.ZONE (ZONE_ID,ZONE_NAME,ZONE_DESCRIPTION) values (9,'???? ??? ?????????',null);
Insert into MOH_WORKFLOW_SCHEMA.ZONE (ZONE_ID,ZONE_NAME,ZONE_DESCRIPTION) values (10,'???? ??? ??? ?????',null);
Insert into MOH_WORKFLOW_SCHEMA.ZONE (ZONE_ID,ZONE_NAME,ZONE_DESCRIPTION) values (11,'???? ??? ???????',null);
Insert into MOH_WORKFLOW_SCHEMA.ZONE (ZONE_ID,ZONE_NAME,ZONE_DESCRIPTION) values (12,'???? ??? ????????',null);
Insert into MOH_WORKFLOW_SCHEMA.ZONE (ZONE_ID,ZONE_NAME,ZONE_DESCRIPTION) values (13,'???? ??? ???????',null);
Insert into MOH_WORKFLOW_SCHEMA.ZONE (ZONE_ID,ZONE_NAME,ZONE_DESCRIPTION) values (14,'???? ??? ???????????',null);
Insert into MOH_WORKFLOW_SCHEMA.ZONE (ZONE_ID,ZONE_NAME,ZONE_DESCRIPTION) values (15,'???? ??? ??????',null);
Insert into MOH_WORKFLOW_SCHEMA.ZONE (ZONE_ID,ZONE_NAME,ZONE_DESCRIPTION) values (16,'???? ??? ??? ????',null);
Insert into MOH_WORKFLOW_SCHEMA.ZONE (ZONE_ID,ZONE_NAME,ZONE_DESCRIPTION) values (17,'???? ??? ??????',null);
Insert into MOH_WORKFLOW_SCHEMA.ZONE (ZONE_ID,ZONE_NAME,ZONE_DESCRIPTION) values (18,'???? ??? ??????',null);
Insert into MOH_WORKFLOW_SCHEMA.ZONE (ZONE_ID,ZONE_NAME,ZONE_DESCRIPTION) values (19,'???? ??? ?????',null);
Insert into MOH_WORKFLOW_SCHEMA.ZONE (ZONE_ID,ZONE_NAME,ZONE_DESCRIPTION) values (20,'???? ??? ?????',null);
Insert into MOH_WORKFLOW_SCHEMA.ZONE (ZONE_ID,ZONE_NAME,ZONE_DESCRIPTION) values (21,'???? ??? ??????',null);
Insert into MOH_WORKFLOW_SCHEMA.ZONE (ZONE_ID,ZONE_NAME,ZONE_DESCRIPTION) values (22,'???? ??? ????? ??????',null);
Insert into MOH_WORKFLOW_SCHEMA.ZONE (ZONE_ID,ZONE_NAME,ZONE_DESCRIPTION) values (23,'???? ??? ?????? ??????',null);
Insert into MOH_WORKFLOW_SCHEMA.ZONE (ZONE_ID,ZONE_NAME,ZONE_DESCRIPTION) values (24,'???? ??? ???? ?????',null);
Insert into MOH_WORKFLOW_SCHEMA.ZONE (ZONE_ID,ZONE_NAME,ZONE_DESCRIPTION) values (25,'???? ??? ???? ?????',null);
Insert into MOH_WORKFLOW_SCHEMA.ZONE (ZONE_ID,ZONE_NAME,ZONE_DESCRIPTION) values (26,'???? ??? ???? ?????',null);
Insert into MOH_WORKFLOW_SCHEMA.ZONE (ZONE_ID,ZONE_NAME,ZONE_DESCRIPTION) values (27,'?????? ????? ??????? ????????',null);
--------------------------------------------------------
--  DDL for Index SYSTEM_USER_PK
--------------------------------------------------------

  CREATE UNIQUE INDEX "MOH_WORKFLOW_SCHEMA"."SYSTEM_USER_PK" ON "MOH_WORKFLOW_SCHEMA"."SYSTEM_USER" ("USER_ID") 
  PCTFREE 10 INITRANS 2 MAXTRANS 255 COMPUTE STATISTICS 
  STORAGE(INITIAL 65536 NEXT 1048576 MINEXTENTS 1 MAXEXTENTS 2147483645
  PCTINCREASE 0 FREELISTS 1 FREELIST GROUPS 1
  BUFFER_POOL DEFAULT FLASH_CACHE DEFAULT CELL_FLASH_CACHE DEFAULT)
  TABLESPACE "USERS" ;
--------------------------------------------------------
--  DDL for Index REQUEST_TYPE_PK
--------------------------------------------------------

  CREATE UNIQUE INDEX "MOH_WORKFLOW_SCHEMA"."REQUEST_TYPE_PK" ON "MOH_WORKFLOW_SCHEMA"."REQUEST_TYPE" ("REQUEST_TYPE_ID") 
  PCTFREE 10 INITRANS 2 MAXTRANS 255 COMPUTE STATISTICS 
  STORAGE(INITIAL 65536 NEXT 1048576 MINEXTENTS 1 MAXEXTENTS 2147483645
  PCTINCREASE 0 FREELISTS 1 FREELIST GROUPS 1
  BUFFER_POOL DEFAULT FLASH_CACHE DEFAULT CELL_FLASH_CACHE DEFAULT)
  TABLESPACE "USERS" ;
--------------------------------------------------------
--  DDL for Index CITIZEN_UK1
--------------------------------------------------------

  CREATE UNIQUE INDEX "MOH_WORKFLOW_SCHEMA"."CITIZEN_UK1" ON "MOH_WORKFLOW_SCHEMA"."CITIZEN" ("NATIONAL_ID") 
  PCTFREE 10 INITRANS 2 MAXTRANS 255 COMPUTE STATISTICS 
  TABLESPACE "USERS" ;
--------------------------------------------------------
--  DDL for Index REQUEST_PK
--------------------------------------------------------

  CREATE UNIQUE INDEX "MOH_WORKFLOW_SCHEMA"."REQUEST_PK" ON "MOH_WORKFLOW_SCHEMA"."REQUEST" ("REQUEST_ID") 
  PCTFREE 10 INITRANS 2 MAXTRANS 255 COMPUTE STATISTICS 
  TABLESPACE "USERS" ;
--------------------------------------------------------
--  DDL for Index CUSTOM_UK1
--------------------------------------------------------

  CREATE UNIQUE INDEX "MOH_WORKFLOW_SCHEMA"."CUSTOM_UK1" ON "MOH_WORKFLOW_SCHEMA"."CUSTOM" ("CUSTOM_NAME") 
  PCTFREE 10 INITRANS 2 MAXTRANS 255 COMPUTE STATISTICS 
  TABLESPACE "USERS" ;
--------------------------------------------------------
--  DDL for Index DOCUMENT_TYPE_UK1
--------------------------------------------------------

  CREATE UNIQUE INDEX "MOH_WORKFLOW_SCHEMA"."DOCUMENT_TYPE_UK1" ON "MOH_WORKFLOW_SCHEMA"."DOCUMENT_TYPE" ("DOCUMENT_TYPE_NAME") 
  PCTFREE 10 INITRANS 2 MAXTRANS 255 COMPUTE STATISTICS 
  TABLESPACE "USERS" ;
--------------------------------------------------------
--  DDL for Index ZONE_UK1
--------------------------------------------------------

  CREATE UNIQUE INDEX "MOH_WORKFLOW_SCHEMA"."ZONE_UK1" ON "MOH_WORKFLOW_SCHEMA"."ZONE" ("ZONE_NAME") 
  PCTFREE 10 INITRANS 2 MAXTRANS 255 COMPUTE STATISTICS 
  STORAGE(INITIAL 65536 NEXT 1048576 MINEXTENTS 1 MAXEXTENTS 2147483645
  PCTINCREASE 0 FREELISTS 1 FREELIST GROUPS 1
  BUFFER_POOL DEFAULT FLASH_CACHE DEFAULT CELL_FLASH_CACHE DEFAULT)
  TABLESPACE "USERS" ;
--------------------------------------------------------
--  DDL for Index EYE_MEASURE_PK
--------------------------------------------------------

  CREATE UNIQUE INDEX "MOH_WORKFLOW_SCHEMA"."EYE_MEASURE_PK" ON "MOH_WORKFLOW_SCHEMA"."EYE_MEASURE" ("MEASURE_ID") 
  PCTFREE 10 INITRANS 2 MAXTRANS 255 COMPUTE STATISTICS 
  STORAGE(INITIAL 65536 NEXT 1048576 MINEXTENTS 1 MAXEXTENTS 2147483645
  PCTINCREASE 0 FREELISTS 1 FREELIST GROUPS 1
  BUFFER_POOL DEFAULT FLASH_CACHE DEFAULT CELL_FLASH_CACHE DEFAULT)
  TABLESPACE "USERS" ;
--------------------------------------------------------
--  DDL for Index SYSTEM_AUDIT_PK
--------------------------------------------------------

  CREATE UNIQUE INDEX "MOH_WORKFLOW_SCHEMA"."SYSTEM_AUDIT_PK" ON "MOH_WORKFLOW_SCHEMA"."SYSTEM_AUDIT" ("AUDIT_ID") 
  PCTFREE 10 INITRANS 2 MAXTRANS 255 COMPUTE STATISTICS 
  TABLESPACE "USERS" ;
--------------------------------------------------------
--  DDL for Index EYE_MEASURE_UK1
--------------------------------------------------------

  CREATE UNIQUE INDEX "MOH_WORKFLOW_SCHEMA"."EYE_MEASURE_UK1" ON "MOH_WORKFLOW_SCHEMA"."EYE_MEASURE" ("MEASURE_TITLE") 
  PCTFREE 10 INITRANS 2 MAXTRANS 255 COMPUTE STATISTICS 
  STORAGE(INITIAL 65536 NEXT 1048576 MINEXTENTS 1 MAXEXTENTS 2147483645
  PCTINCREASE 0 FREELISTS 1 FREELIST GROUPS 1
  BUFFER_POOL DEFAULT FLASH_CACHE DEFAULT CELL_FLASH_CACHE DEFAULT)
  TABLESPACE "USERS" ;
--------------------------------------------------------
--  DDL for Index DISABILITY_UK1
--------------------------------------------------------

  CREATE UNIQUE INDEX "MOH_WORKFLOW_SCHEMA"."DISABILITY_UK1" ON "MOH_WORKFLOW_SCHEMA"."DISABILITY" ("DISABILITY_NAME") 
  PCTFREE 10 INITRANS 2 MAXTRANS 255 COMPUTE STATISTICS 
  STORAGE(INITIAL 65536 NEXT 1048576 MINEXTENTS 1 MAXEXTENTS 2147483645
  PCTINCREASE 0 FREELISTS 1 FREELIST GROUPS 1
  BUFFER_POOL DEFAULT FLASH_CACHE DEFAULT CELL_FLASH_CACHE DEFAULT)
  TABLESPACE "USERS" ;
--------------------------------------------------------
--  DDL for Index GOVERNATE_UK1
--------------------------------------------------------

  CREATE UNIQUE INDEX "MOH_WORKFLOW_SCHEMA"."GOVERNATE_UK1" ON "MOH_WORKFLOW_SCHEMA"."GOVERNATE" ("GOVERNATE_NAME") 
  PCTFREE 10 INITRANS 2 MAXTRANS 255 COMPUTE STATISTICS 
  STORAGE(INITIAL 65536 NEXT 1048576 MINEXTENTS 1 MAXEXTENTS 2147483645
  PCTINCREASE 0 FREELISTS 1 FREELIST GROUPS 1
  BUFFER_POOL DEFAULT FLASH_CACHE DEFAULT CELL_FLASH_CACHE DEFAULT)
  TABLESPACE "USERS" ;
--------------------------------------------------------
--  DDL for Index TRAFFIC_MANAGEMENT_UK1
--------------------------------------------------------

  CREATE UNIQUE INDEX "MOH_WORKFLOW_SCHEMA"."TRAFFIC_MANAGEMENT_UK1" ON "MOH_WORKFLOW_SCHEMA"."TRAFFIC_MANAGEMENT" ("TRAFFIC_NAME") 
  PCTFREE 10 INITRANS 2 MAXTRANS 255 COMPUTE STATISTICS 
  STORAGE(INITIAL 65536 NEXT 1048576 MINEXTENTS 1 MAXEXTENTS 2147483645
  PCTINCREASE 0 FREELISTS 1 FREELIST GROUPS 1
  BUFFER_POOL DEFAULT FLASH_CACHE DEFAULT CELL_FLASH_CACHE DEFAULT)
  TABLESPACE "USERS" ;
--------------------------------------------------------
--  DDL for Index EQUIPMENT_UK1
--------------------------------------------------------

  CREATE UNIQUE INDEX "MOH_WORKFLOW_SCHEMA"."EQUIPMENT_UK1" ON "MOH_WORKFLOW_SCHEMA"."EQUIPMENT" ("EQUIPMENT_NAME") 
  PCTFREE 10 INITRANS 2 MAXTRANS 255 COMPUTE STATISTICS 
  STORAGE(INITIAL 65536 NEXT 1048576 MINEXTENTS 1 MAXEXTENTS 2147483645
  PCTINCREASE 0 FREELISTS 1 FREELIST GROUPS 1
  BUFFER_POOL DEFAULT FLASH_CACHE DEFAULT CELL_FLASH_CACHE DEFAULT)
  TABLESPACE "USERS" ;
--------------------------------------------------------
--  DDL for Index DOCUMENT_TYPE_PK
--------------------------------------------------------

  CREATE UNIQUE INDEX "MOH_WORKFLOW_SCHEMA"."DOCUMENT_TYPE_PK" ON "MOH_WORKFLOW_SCHEMA"."DOCUMENT_TYPE" ("DOCUMENT_TYPE_ID") 
  PCTFREE 10 INITRANS 2 MAXTRANS 255 COMPUTE STATISTICS 
  TABLESPACE "USERS" ;
--------------------------------------------------------
--  DDL for Index REQUEST_PAYMENT_PK
--------------------------------------------------------

  CREATE UNIQUE INDEX "MOH_WORKFLOW_SCHEMA"."REQUEST_PAYMENT_PK" ON "MOH_WORKFLOW_SCHEMA"."REQUEST_PAYMENT" ("REQUEST_PAYMENT_ID") 
  PCTFREE 10 INITRANS 2 MAXTRANS 255 COMPUTE STATISTICS 
  TABLESPACE "USERS" ;
--------------------------------------------------------
--  DDL for Index SYSTEM_USER_UK1
--------------------------------------------------------

  CREATE UNIQUE INDEX "MOH_WORKFLOW_SCHEMA"."SYSTEM_USER_UK1" ON "MOH_WORKFLOW_SCHEMA"."SYSTEM_USER" ("USERNAME") 
  PCTFREE 10 INITRANS 2 MAXTRANS 255 COMPUTE STATISTICS 
  STORAGE(INITIAL 65536 NEXT 1048576 MINEXTENTS 1 MAXEXTENTS 2147483645
  PCTINCREASE 0 FREELISTS 1 FREELIST GROUPS 1
  BUFFER_POOL DEFAULT FLASH_CACHE DEFAULT CELL_FLASH_CACHE DEFAULT)
  TABLESPACE "USERS" ;
--------------------------------------------------------
--  DDL for Index SYSTEM_ROLE_UK1
--------------------------------------------------------

  CREATE UNIQUE INDEX "MOH_WORKFLOW_SCHEMA"."SYSTEM_ROLE_UK1" ON "MOH_WORKFLOW_SCHEMA"."SYSTEM_ROLE" ("ROLE_NAME") 
  PCTFREE 10 INITRANS 2 MAXTRANS 255 COMPUTE STATISTICS 
  STORAGE(INITIAL 65536 NEXT 1048576 MINEXTENTS 1 MAXEXTENTS 2147483645
  PCTINCREASE 0 FREELISTS 1 FREELIST GROUPS 1
  BUFFER_POOL DEFAULT FLASH_CACHE DEFAULT CELL_FLASH_CACHE DEFAULT)
  TABLESPACE "USERS" ;
--------------------------------------------------------
--  DDL for Index CUSTOM_PK
--------------------------------------------------------

  CREATE UNIQUE INDEX "MOH_WORKFLOW_SCHEMA"."CUSTOM_PK" ON "MOH_WORKFLOW_SCHEMA"."CUSTOM" ("CUSTOM_ID") 
  PCTFREE 10 INITRANS 2 MAXTRANS 255 COMPUTE STATISTICS 
  TABLESPACE "USERS" ;
--------------------------------------------------------
--  DDL for Index EYE_REVEAL_SETTING_PK
--------------------------------------------------------

  CREATE UNIQUE INDEX "MOH_WORKFLOW_SCHEMA"."EYE_REVEAL_SETTING_PK" ON "MOH_WORKFLOW_SCHEMA"."EYE_REVEAL_SETTING" ("SETTING_ID") 
  PCTFREE 10 INITRANS 2 MAXTRANS 255 COMPUTE STATISTICS 
  TABLESPACE "USERS" ;
--------------------------------------------------------
--  DDL for Index REQUEST_TYPE_UK1
--------------------------------------------------------

  CREATE UNIQUE INDEX "MOH_WORKFLOW_SCHEMA"."REQUEST_TYPE_UK1" ON "MOH_WORKFLOW_SCHEMA"."REQUEST_TYPE" ("REQUEST_TYPE_NAME") 
  PCTFREE 10 INITRANS 2 MAXTRANS 255 COMPUTE STATISTICS 
  STORAGE(INITIAL 65536 NEXT 1048576 MINEXTENTS 1 MAXEXTENTS 2147483645
  PCTINCREASE 0 FREELISTS 1 FREELIST GROUPS 1
  BUFFER_POOL DEFAULT FLASH_CACHE DEFAULT CELL_FLASH_CACHE DEFAULT)
  TABLESPACE "USERS" ;
--------------------------------------------------------
--  DDL for Index EQUIPMENT_PK
--------------------------------------------------------

  CREATE UNIQUE INDEX "MOH_WORKFLOW_SCHEMA"."EQUIPMENT_PK" ON "MOH_WORKFLOW_SCHEMA"."EQUIPMENT" ("EQUIPMENT_ID") 
  PCTFREE 10 INITRANS 2 MAXTRANS 255 COMPUTE STATISTICS 
  STORAGE(INITIAL 65536 NEXT 1048576 MINEXTENTS 1 MAXEXTENTS 2147483645
  PCTINCREASE 0 FREELISTS 1 FREELIST GROUPS 1
  BUFFER_POOL DEFAULT FLASH_CACHE DEFAULT CELL_FLASH_CACHE DEFAULT)
  TABLESPACE "USERS" ;
--------------------------------------------------------
--  DDL for Index COMMITTEE_PK
--------------------------------------------------------

  CREATE UNIQUE INDEX "MOH_WORKFLOW_SCHEMA"."COMMITTEE_PK" ON "MOH_WORKFLOW_SCHEMA"."COMMITTEE" ("COMMITTEE_ID") 
  PCTFREE 10 INITRANS 2 MAXTRANS 255 COMPUTE STATISTICS 
  STORAGE(INITIAL 65536 NEXT 1048576 MINEXTENTS 1 MAXEXTENTS 2147483645
  PCTINCREASE 0 FREELISTS 1 FREELIST GROUPS 1
  BUFFER_POOL DEFAULT FLASH_CACHE DEFAULT CELL_FLASH_CACHE DEFAULT)
  TABLESPACE "USERS" ;
--------------------------------------------------------
--  DDL for Index EYE_REVEAL_PK
--------------------------------------------------------

  CREATE UNIQUE INDEX "MOH_WORKFLOW_SCHEMA"."EYE_REVEAL_PK" ON "MOH_WORKFLOW_SCHEMA"."EYE_REVEAL" ("EYE_REVEAL_ID") 
  PCTFREE 10 INITRANS 2 MAXTRANS 255 COMPUTE STATISTICS 
  TABLESPACE "USERS" ;
--------------------------------------------------------
--  DDL for Index REQUEST_DOCUMENT_PK
--------------------------------------------------------

  CREATE UNIQUE INDEX "MOH_WORKFLOW_SCHEMA"."REQUEST_DOCUMENT_PK" ON "MOH_WORKFLOW_SCHEMA"."REQUEST_DOCUMENT" ("REQUEST_DOCUMENT_ID") 
  PCTFREE 10 INITRANS 2 MAXTRANS 255 COMPUTE STATISTICS 
  TABLESPACE "USERS" ;
--------------------------------------------------------
--  DDL for Index REQUEST_DOCUMENT_UK1
--------------------------------------------------------

  CREATE UNIQUE INDEX "MOH_WORKFLOW_SCHEMA"."REQUEST_DOCUMENT_UK1" ON "MOH_WORKFLOW_SCHEMA"."REQUEST_DOCUMENT" ("DOCUMENT_TYPE_ID", "REQUEST_ID") 
  PCTFREE 10 INITRANS 2 MAXTRANS 255 COMPUTE STATISTICS 
  TABLESPACE "USERS" ;
--------------------------------------------------------
--  DDL for Index ZONE_PK
--------------------------------------------------------

  CREATE UNIQUE INDEX "MOH_WORKFLOW_SCHEMA"."ZONE_PK" ON "MOH_WORKFLOW_SCHEMA"."ZONE" ("ZONE_ID") 
  PCTFREE 10 INITRANS 2 MAXTRANS 255 COMPUTE STATISTICS 
  STORAGE(INITIAL 65536 NEXT 1048576 MINEXTENTS 1 MAXEXTENTS 2147483645
  PCTINCREASE 0 FREELISTS 1 FREELIST GROUPS 1
  BUFFER_POOL DEFAULT FLASH_CACHE DEFAULT CELL_FLASH_CACHE DEFAULT)
  TABLESPACE "USERS" ;
--------------------------------------------------------
--  DDL for Index OCCUPATION_UK1
--------------------------------------------------------

  CREATE UNIQUE INDEX "MOH_WORKFLOW_SCHEMA"."OCCUPATION_UK1" ON "MOH_WORKFLOW_SCHEMA"."OCCUPATION" ("OCCUPATION_NAME") 
  PCTFREE 10 INITRANS 2 MAXTRANS 255 COMPUTE STATISTICS 
  STORAGE(INITIAL 65536 NEXT 1048576 MINEXTENTS 1 MAXEXTENTS 2147483645
  PCTINCREASE 0 FREELISTS 1 FREELIST GROUPS 1
  BUFFER_POOL DEFAULT FLASH_CACHE DEFAULT CELL_FLASH_CACHE DEFAULT)
  TABLESPACE "USERS" ;
--------------------------------------------------------
--  DDL for Index GOVERNATE_UK2
--------------------------------------------------------

  CREATE UNIQUE INDEX "MOH_WORKFLOW_SCHEMA"."GOVERNATE_UK2" ON "MOH_WORKFLOW_SCHEMA"."GOVERNATE" ("GOVERNATE_CODE") 
  PCTFREE 10 INITRANS 2 MAXTRANS 255 COMPUTE STATISTICS 
  STORAGE(INITIAL 65536 NEXT 1048576 MINEXTENTS 1 MAXEXTENTS 2147483645
  PCTINCREASE 0 FREELISTS 1 FREELIST GROUPS 1
  BUFFER_POOL DEFAULT FLASH_CACHE DEFAULT CELL_FLASH_CACHE DEFAULT)
  TABLESPACE "USERS" ;
--------------------------------------------------------
--  DDL for Index CITY_PK
--------------------------------------------------------

  CREATE UNIQUE INDEX "MOH_WORKFLOW_SCHEMA"."CITY_PK" ON "MOH_WORKFLOW_SCHEMA"."CITY" ("CITY_ID") 
  PCTFREE 10 INITRANS 2 MAXTRANS 255 COMPUTE STATISTICS 
  STORAGE(INITIAL 65536 NEXT 1048576 MINEXTENTS 1 MAXEXTENTS 2147483645
  PCTINCREASE 0 FREELISTS 1 FREELIST GROUPS 1
  BUFFER_POOL DEFAULT FLASH_CACHE DEFAULT CELL_FLASH_CACHE DEFAULT)
  TABLESPACE "USERS" ;
--------------------------------------------------------
--  DDL for Index TRAFFIC_MANAGEMENT_PK
--------------------------------------------------------

  CREATE UNIQUE INDEX "MOH_WORKFLOW_SCHEMA"."TRAFFIC_MANAGEMENT_PK" ON "MOH_WORKFLOW_SCHEMA"."TRAFFIC_MANAGEMENT" ("TRAFFIC_ID") 
  PCTFREE 10 INITRANS 2 MAXTRANS 255 COMPUTE STATISTICS 
  STORAGE(INITIAL 65536 NEXT 1048576 MINEXTENTS 1 MAXEXTENTS 2147483645
  PCTINCREASE 0 FREELISTS 1 FREELIST GROUPS 1
  BUFFER_POOL DEFAULT FLASH_CACHE DEFAULT CELL_FLASH_CACHE DEFAULT)
  TABLESPACE "USERS" ;
--------------------------------------------------------
--  DDL for Index REQUEST_STATUS_UK1
--------------------------------------------------------

  CREATE UNIQUE INDEX "MOH_WORKFLOW_SCHEMA"."REQUEST_STATUS_UK1" ON "MOH_WORKFLOW_SCHEMA"."REQUEST_STATUS" ("REQUEST_STATUS_NAME") 
  PCTFREE 10 INITRANS 2 MAXTRANS 255 COMPUTE STATISTICS 
  STORAGE(INITIAL 65536 NEXT 1048576 MINEXTENTS 1 MAXEXTENTS 2147483645
  PCTINCREASE 0 FREELISTS 1 FREELIST GROUPS 1
  BUFFER_POOL DEFAULT FLASH_CACHE DEFAULT CELL_FLASH_CACHE DEFAULT)
  TABLESPACE "USERS" ;
--------------------------------------------------------
--  DDL for Index GOVERNATE_PK
--------------------------------------------------------

  CREATE UNIQUE INDEX "MOH_WORKFLOW_SCHEMA"."GOVERNATE_PK" ON "MOH_WORKFLOW_SCHEMA"."GOVERNATE" ("GOVERNATE_ID") 
  PCTFREE 10 INITRANS 2 MAXTRANS 255 COMPUTE STATISTICS 
  STORAGE(INITIAL 65536 NEXT 1048576 MINEXTENTS 1 MAXEXTENTS 2147483645
  PCTINCREASE 0 FREELISTS 1 FREELIST GROUPS 1
  BUFFER_POOL DEFAULT FLASH_CACHE DEFAULT CELL_FLASH_CACHE DEFAULT)
  TABLESPACE "USERS" ;
--------------------------------------------------------
--  DDL for Index COMMITTEE_MEMBER_PK
--------------------------------------------------------

  CREATE UNIQUE INDEX "MOH_WORKFLOW_SCHEMA"."COMMITTEE_MEMBER_PK" ON "MOH_WORKFLOW_SCHEMA"."COMMITTEE_MEMBER" ("COMMITTEE_MEMBER_ID") 
  PCTFREE 10 INITRANS 2 MAXTRANS 255 COMPUTE STATISTICS 
  STORAGE(INITIAL 65536 NEXT 1048576 MINEXTENTS 1 MAXEXTENTS 2147483645
  PCTINCREASE 0 FREELISTS 1 FREELIST GROUPS 1
  BUFFER_POOL DEFAULT FLASH_CACHE DEFAULT CELL_FLASH_CACHE DEFAULT)
  TABLESPACE "USERS" ;
--------------------------------------------------------
--  DDL for Index SYSTEM_ROLE_PK
--------------------------------------------------------

  CREATE UNIQUE INDEX "MOH_WORKFLOW_SCHEMA"."SYSTEM_ROLE_PK" ON "MOH_WORKFLOW_SCHEMA"."SYSTEM_ROLE" ("ROLE_ID") 
  PCTFREE 10 INITRANS 2 MAXTRANS 255 COMPUTE STATISTICS 
  STORAGE(INITIAL 65536 NEXT 1048576 MINEXTENTS 1 MAXEXTENTS 2147483645
  PCTINCREASE 0 FREELISTS 1 FREELIST GROUPS 1
  BUFFER_POOL DEFAULT FLASH_CACHE DEFAULT CELL_FLASH_CACHE DEFAULT)
  TABLESPACE "USERS" ;
--------------------------------------------------------
--  DDL for Index REQUEST_STATUS_PK
--------------------------------------------------------

  CREATE UNIQUE INDEX "MOH_WORKFLOW_SCHEMA"."REQUEST_STATUS_PK" ON "MOH_WORKFLOW_SCHEMA"."REQUEST_STATUS" ("REQUEST_STATUS_ID") 
  PCTFREE 10 INITRANS 2 MAXTRANS 255 COMPUTE STATISTICS 
  STORAGE(INITIAL 65536 NEXT 1048576 MINEXTENTS 1 MAXEXTENTS 2147483645
  PCTINCREASE 0 FREELISTS 1 FREELIST GROUPS 1
  BUFFER_POOL DEFAULT FLASH_CACHE DEFAULT CELL_FLASH_CACHE DEFAULT)
  TABLESPACE "USERS" ;
--------------------------------------------------------
--  DDL for Index OCCUPATION_PK
--------------------------------------------------------

  CREATE UNIQUE INDEX "MOH_WORKFLOW_SCHEMA"."OCCUPATION_PK" ON "MOH_WORKFLOW_SCHEMA"."OCCUPATION" ("OCCUPATION_ID") 
  PCTFREE 10 INITRANS 2 MAXTRANS 255 COMPUTE STATISTICS 
  STORAGE(INITIAL 65536 NEXT 1048576 MINEXTENTS 1 MAXEXTENTS 2147483645
  PCTINCREASE 0 FREELISTS 1 FREELIST GROUPS 1
  BUFFER_POOL DEFAULT FLASH_CACHE DEFAULT CELL_FLASH_CACHE DEFAULT)
  TABLESPACE "USERS" ;
--------------------------------------------------------
--  DDL for Index DISABILITY_PK
--------------------------------------------------------

  CREATE UNIQUE INDEX "MOH_WORKFLOW_SCHEMA"."DISABILITY_PK" ON "MOH_WORKFLOW_SCHEMA"."DISABILITY" ("DISABILITY_ID") 
  PCTFREE 10 INITRANS 2 MAXTRANS 255 COMPUTE STATISTICS 
  STORAGE(INITIAL 65536 NEXT 1048576 MINEXTENTS 1 MAXEXTENTS 2147483645
  PCTINCREASE 0 FREELISTS 1 FREELIST GROUPS 1
  BUFFER_POOL DEFAULT FLASH_CACHE DEFAULT CELL_FLASH_CACHE DEFAULT)
  TABLESPACE "USERS" ;
--------------------------------------------------------
--  DDL for Index CITY_UK1
--------------------------------------------------------

  CREATE UNIQUE INDEX "MOH_WORKFLOW_SCHEMA"."CITY_UK1" ON "MOH_WORKFLOW_SCHEMA"."CITY" ("CITY_NAME") 
  PCTFREE 10 INITRANS 2 MAXTRANS 255 COMPUTE STATISTICS 
  STORAGE(INITIAL 65536 NEXT 1048576 MINEXTENTS 1 MAXEXTENTS 2147483645
  PCTINCREASE 0 FREELISTS 1 FREELIST GROUPS 1
  BUFFER_POOL DEFAULT FLASH_CACHE DEFAULT CELL_FLASH_CACHE DEFAULT)
  TABLESPACE "USERS" ;
--------------------------------------------------------
--  DDL for Index CITIZEN_PK
--------------------------------------------------------

  CREATE UNIQUE INDEX "MOH_WORKFLOW_SCHEMA"."CITIZEN_PK" ON "MOH_WORKFLOW_SCHEMA"."CITIZEN" ("CITIZEN_ID") 
  PCTFREE 10 INITRANS 2 MAXTRANS 255 COMPUTE STATISTICS 
  TABLESPACE "USERS" ;
--------------------------------------------------------
--  Constraints for Table GOVERNATE
--------------------------------------------------------

  ALTER TABLE "MOH_WORKFLOW_SCHEMA"."GOVERNATE" MODIFY ("GOVERNATE_ID" NOT NULL ENABLE);
  ALTER TABLE "MOH_WORKFLOW_SCHEMA"."GOVERNATE" MODIFY ("GOVERNATE_CODE" NOT NULL ENABLE);
  ALTER TABLE "MOH_WORKFLOW_SCHEMA"."GOVERNATE" MODIFY ("GOVERNATE_NAME" NOT NULL ENABLE);
  ALTER TABLE "MOH_WORKFLOW_SCHEMA"."GOVERNATE" MODIFY ("ZONE_ID" NOT NULL ENABLE);
  ALTER TABLE "MOH_WORKFLOW_SCHEMA"."GOVERNATE" ADD CONSTRAINT "GOVERNATE_PK" PRIMARY KEY ("GOVERNATE_ID")
  USING INDEX PCTFREE 10 INITRANS 2 MAXTRANS 255 COMPUTE STATISTICS 
  STORAGE(INITIAL 65536 NEXT 1048576 MINEXTENTS 1 MAXEXTENTS 2147483645
  PCTINCREASE 0 FREELISTS 1 FREELIST GROUPS 1
  BUFFER_POOL DEFAULT FLASH_CACHE DEFAULT CELL_FLASH_CACHE DEFAULT)
  TABLESPACE "USERS"  ENABLE;
  ALTER TABLE "MOH_WORKFLOW_SCHEMA"."GOVERNATE" ADD CONSTRAINT "GOVERNATE_UK2" UNIQUE ("GOVERNATE_CODE")
  USING INDEX PCTFREE 10 INITRANS 2 MAXTRANS 255 COMPUTE STATISTICS 
  STORAGE(INITIAL 65536 NEXT 1048576 MINEXTENTS 1 MAXEXTENTS 2147483645
  PCTINCREASE 0 FREELISTS 1 FREELIST GROUPS 1
  BUFFER_POOL DEFAULT FLASH_CACHE DEFAULT CELL_FLASH_CACHE DEFAULT)
  TABLESPACE "USERS"  ENABLE;
  ALTER TABLE "MOH_WORKFLOW_SCHEMA"."GOVERNATE" ADD CONSTRAINT "GOVERNATE_UK1" UNIQUE ("GOVERNATE_NAME")
  USING INDEX PCTFREE 10 INITRANS 2 MAXTRANS 255 COMPUTE STATISTICS 
  STORAGE(INITIAL 65536 NEXT 1048576 MINEXTENTS 1 MAXEXTENTS 2147483645
  PCTINCREASE 0 FREELISTS 1 FREELIST GROUPS 1
  BUFFER_POOL DEFAULT FLASH_CACHE DEFAULT CELL_FLASH_CACHE DEFAULT)
  TABLESPACE "USERS"  ENABLE;
--------------------------------------------------------
--  Constraints for Table REQUEST_PAYMENT
--------------------------------------------------------

  ALTER TABLE "MOH_WORKFLOW_SCHEMA"."REQUEST_PAYMENT" MODIFY ("REQUEST_PAYMENT_ID" NOT NULL ENABLE);
  ALTER TABLE "MOH_WORKFLOW_SCHEMA"."REQUEST_PAYMENT" MODIFY ("RECEIPT_SERIAL_NO" NOT NULL ENABLE);
  ALTER TABLE "MOH_WORKFLOW_SCHEMA"."REQUEST_PAYMENT" MODIFY ("REQUEST_ID" NOT NULL ENABLE);
  ALTER TABLE "MOH_WORKFLOW_SCHEMA"."REQUEST_PAYMENT" ADD CONSTRAINT "REQUEST_PAYMENT_PK" PRIMARY KEY ("REQUEST_PAYMENT_ID")
  USING INDEX PCTFREE 10 INITRANS 2 MAXTRANS 255 COMPUTE STATISTICS 
  TABLESPACE "USERS"  ENABLE;
--------------------------------------------------------
--  Constraints for Table ZONE
--------------------------------------------------------

  ALTER TABLE "MOH_WORKFLOW_SCHEMA"."ZONE" MODIFY ("ZONE_ID" NOT NULL ENABLE);
  ALTER TABLE "MOH_WORKFLOW_SCHEMA"."ZONE" MODIFY ("ZONE_NAME" NOT NULL ENABLE);
  ALTER TABLE "MOH_WORKFLOW_SCHEMA"."ZONE" ADD CONSTRAINT "ZONE_PK" PRIMARY KEY ("ZONE_ID")
  USING INDEX PCTFREE 10 INITRANS 2 MAXTRANS 255 COMPUTE STATISTICS 
  STORAGE(INITIAL 65536 NEXT 1048576 MINEXTENTS 1 MAXEXTENTS 2147483645
  PCTINCREASE 0 FREELISTS 1 FREELIST GROUPS 1
  BUFFER_POOL DEFAULT FLASH_CACHE DEFAULT CELL_FLASH_CACHE DEFAULT)
  TABLESPACE "USERS"  ENABLE;
  ALTER TABLE "MOH_WORKFLOW_SCHEMA"."ZONE" ADD CONSTRAINT "ZONE_UK1" UNIQUE ("ZONE_NAME")
  USING INDEX PCTFREE 10 INITRANS 2 MAXTRANS 255 COMPUTE STATISTICS 
  STORAGE(INITIAL 65536 NEXT 1048576 MINEXTENTS 1 MAXEXTENTS 2147483645
  PCTINCREASE 0 FREELISTS 1 FREELIST GROUPS 1
  BUFFER_POOL DEFAULT FLASH_CACHE DEFAULT CELL_FLASH_CACHE DEFAULT)
  TABLESPACE "USERS"  ENABLE;
--------------------------------------------------------
--  Constraints for Table DOCUMENT_TYPE
--------------------------------------------------------

  ALTER TABLE "MOH_WORKFLOW_SCHEMA"."DOCUMENT_TYPE" MODIFY ("DOCUMENT_TYPE_ID" NOT NULL ENABLE);
  ALTER TABLE "MOH_WORKFLOW_SCHEMA"."DOCUMENT_TYPE" MODIFY ("DOCUMENT_TYPE_NAME" NOT NULL ENABLE);
  ALTER TABLE "MOH_WORKFLOW_SCHEMA"."DOCUMENT_TYPE" ADD CONSTRAINT "DOCUMENT_TYPE_PK" PRIMARY KEY ("DOCUMENT_TYPE_ID")
  USING INDEX PCTFREE 10 INITRANS 2 MAXTRANS 255 COMPUTE STATISTICS 
  TABLESPACE "USERS"  ENABLE;
  ALTER TABLE "MOH_WORKFLOW_SCHEMA"."DOCUMENT_TYPE" ADD CONSTRAINT "DOCUMENT_TYPE_UK1" UNIQUE ("DOCUMENT_TYPE_NAME")
  USING INDEX PCTFREE 10 INITRANS 2 MAXTRANS 255 COMPUTE STATISTICS 
  TABLESPACE "USERS"  ENABLE;
--------------------------------------------------------
--  Constraints for Table REQUEST_TYPE
--------------------------------------------------------

  ALTER TABLE "MOH_WORKFLOW_SCHEMA"."REQUEST_TYPE" MODIFY ("REQUEST_TYPE_ID" NOT NULL ENABLE);
  ALTER TABLE "MOH_WORKFLOW_SCHEMA"."REQUEST_TYPE" MODIFY ("REQUEST_TYPE_NAME" NOT NULL ENABLE);
  ALTER TABLE "MOH_WORKFLOW_SCHEMA"."REQUEST_TYPE" MODIFY ("REQUEST_TYPE_PRICE" NOT NULL ENABLE);
  ALTER TABLE "MOH_WORKFLOW_SCHEMA"."REQUEST_TYPE" ADD CONSTRAINT "REQUEST_TYPE_PK" PRIMARY KEY ("REQUEST_TYPE_ID")
  USING INDEX PCTFREE 10 INITRANS 2 MAXTRANS 255 COMPUTE STATISTICS 
  STORAGE(INITIAL 65536 NEXT 1048576 MINEXTENTS 1 MAXEXTENTS 2147483645
  PCTINCREASE 0 FREELISTS 1 FREELIST GROUPS 1
  BUFFER_POOL DEFAULT FLASH_CACHE DEFAULT CELL_FLASH_CACHE DEFAULT)
  TABLESPACE "USERS"  ENABLE;
  ALTER TABLE "MOH_WORKFLOW_SCHEMA"."REQUEST_TYPE" ADD CONSTRAINT "REQUEST_TYPE_UK1" UNIQUE ("REQUEST_TYPE_NAME")
  USING INDEX PCTFREE 10 INITRANS 2 MAXTRANS 255 COMPUTE STATISTICS 
  STORAGE(INITIAL 65536 NEXT 1048576 MINEXTENTS 1 MAXEXTENTS 2147483645
  PCTINCREASE 0 FREELISTS 1 FREELIST GROUPS 1
  BUFFER_POOL DEFAULT FLASH_CACHE DEFAULT CELL_FLASH_CACHE DEFAULT)
  TABLESPACE "USERS"  ENABLE;
--------------------------------------------------------
--  Constraints for Table EYE_REVEAL_SETTING
--------------------------------------------------------

  ALTER TABLE "MOH_WORKFLOW_SCHEMA"."EYE_REVEAL_SETTING" MODIFY ("SETTING_ID" NOT NULL ENABLE);
  ALTER TABLE "MOH_WORKFLOW_SCHEMA"."EYE_REVEAL_SETTING" MODIFY ("SETTING_RESULT" NOT NULL ENABLE);
  ALTER TABLE "MOH_WORKFLOW_SCHEMA"."EYE_REVEAL_SETTING" MODIFY ("LEFT_MEASURE_ID" NOT NULL ENABLE);
  ALTER TABLE "MOH_WORKFLOW_SCHEMA"."EYE_REVEAL_SETTING" MODIFY ("RIGHT_MEASURE_ID" NOT NULL ENABLE);
  ALTER TABLE "MOH_WORKFLOW_SCHEMA"."EYE_REVEAL_SETTING" ADD CONSTRAINT "EYE_REVEAL_SETTING_PK" PRIMARY KEY ("SETTING_ID")
  USING INDEX PCTFREE 10 INITRANS 2 MAXTRANS 255 COMPUTE STATISTICS 
  TABLESPACE "USERS"  ENABLE;
--------------------------------------------------------
--  Constraints for Table CITY
--------------------------------------------------------

  ALTER TABLE "MOH_WORKFLOW_SCHEMA"."CITY" MODIFY ("CITY_ID" NOT NULL ENABLE);
  ALTER TABLE "MOH_WORKFLOW_SCHEMA"."CITY" MODIFY ("CITY_NAME" NOT NULL ENABLE);
  ALTER TABLE "MOH_WORKFLOW_SCHEMA"."CITY" MODIFY ("GOVERNATE_ID" NOT NULL ENABLE);
  ALTER TABLE "MOH_WORKFLOW_SCHEMA"."CITY" ADD CONSTRAINT "CITY_PK" PRIMARY KEY ("CITY_ID")
  USING INDEX PCTFREE 10 INITRANS 2 MAXTRANS 255 COMPUTE STATISTICS 
  STORAGE(INITIAL 65536 NEXT 1048576 MINEXTENTS 1 MAXEXTENTS 2147483645
  PCTINCREASE 0 FREELISTS 1 FREELIST GROUPS 1
  BUFFER_POOL DEFAULT FLASH_CACHE DEFAULT CELL_FLASH_CACHE DEFAULT)
  TABLESPACE "USERS"  ENABLE;
  ALTER TABLE "MOH_WORKFLOW_SCHEMA"."CITY" ADD CONSTRAINT "CITY_UK1" UNIQUE ("CITY_NAME")
  USING INDEX PCTFREE 10 INITRANS 2 MAXTRANS 255 COMPUTE STATISTICS 
  STORAGE(INITIAL 65536 NEXT 1048576 MINEXTENTS 1 MAXEXTENTS 2147483645
  PCTINCREASE 0 FREELISTS 1 FREELIST GROUPS 1
  BUFFER_POOL DEFAULT FLASH_CACHE DEFAULT CELL_FLASH_CACHE DEFAULT)
  TABLESPACE "USERS"  ENABLE;
--------------------------------------------------------
--  Constraints for Table CUSTOM
--------------------------------------------------------

  ALTER TABLE "MOH_WORKFLOW_SCHEMA"."CUSTOM" MODIFY ("CUSTOM_ID" NOT NULL ENABLE);
  ALTER TABLE "MOH_WORKFLOW_SCHEMA"."CUSTOM" ADD CONSTRAINT "CUSTOM_PK" PRIMARY KEY ("CUSTOM_ID")
  USING INDEX PCTFREE 10 INITRANS 2 MAXTRANS 255 COMPUTE STATISTICS 
  TABLESPACE "USERS"  ENABLE;
  ALTER TABLE "MOH_WORKFLOW_SCHEMA"."CUSTOM" MODIFY ("CUSTOM_NAME" NOT NULL ENABLE);
  ALTER TABLE "MOH_WORKFLOW_SCHEMA"."CUSTOM" ADD CONSTRAINT "CUSTOM_UK1" UNIQUE ("CUSTOM_NAME")
  USING INDEX PCTFREE 10 INITRANS 2 MAXTRANS 255 COMPUTE STATISTICS 
  TABLESPACE "USERS"  ENABLE;
--------------------------------------------------------
--  Constraints for Table CITIZEN
--------------------------------------------------------

  ALTER TABLE "MOH_WORKFLOW_SCHEMA"."CITIZEN" MODIFY ("CITIZEN_ID" NOT NULL ENABLE);
  ALTER TABLE "MOH_WORKFLOW_SCHEMA"."CITIZEN" MODIFY ("CITIZEN_NAME" NOT NULL ENABLE);
  ALTER TABLE "MOH_WORKFLOW_SCHEMA"."CITIZEN" MODIFY ("NATIONAL_ID" NOT NULL ENABLE);
  ALTER TABLE "MOH_WORKFLOW_SCHEMA"."CITIZEN" ADD CONSTRAINT "CITIZEN_PK" PRIMARY KEY ("CITIZEN_ID")
  USING INDEX PCTFREE 10 INITRANS 2 MAXTRANS 255 COMPUTE STATISTICS 
  TABLESPACE "USERS"  ENABLE;
  ALTER TABLE "MOH_WORKFLOW_SCHEMA"."CITIZEN" ADD CONSTRAINT "CITIZEN_UK1" UNIQUE ("NATIONAL_ID")
  USING INDEX PCTFREE 10 INITRANS 2 MAXTRANS 255 COMPUTE STATISTICS 
  TABLESPACE "USERS"  ENABLE;
--------------------------------------------------------
--  Constraints for Table TRAFFIC_MANAGEMENT
--------------------------------------------------------

  ALTER TABLE "MOH_WORKFLOW_SCHEMA"."TRAFFIC_MANAGEMENT" MODIFY ("TRAFFIC_ID" NOT NULL ENABLE);
  ALTER TABLE "MOH_WORKFLOW_SCHEMA"."TRAFFIC_MANAGEMENT" MODIFY ("TRAFFIC_NAME" NOT NULL ENABLE);
  ALTER TABLE "MOH_WORKFLOW_SCHEMA"."TRAFFIC_MANAGEMENT" ADD CONSTRAINT "TRAFFIC_MANAGEMENT_PK" PRIMARY KEY ("TRAFFIC_ID")
  USING INDEX PCTFREE 10 INITRANS 2 MAXTRANS 255 COMPUTE STATISTICS 
  STORAGE(INITIAL 65536 NEXT 1048576 MINEXTENTS 1 MAXEXTENTS 2147483645
  PCTINCREASE 0 FREELISTS 1 FREELIST GROUPS 1
  BUFFER_POOL DEFAULT FLASH_CACHE DEFAULT CELL_FLASH_CACHE DEFAULT)
  TABLESPACE "USERS"  ENABLE;
  ALTER TABLE "MOH_WORKFLOW_SCHEMA"."TRAFFIC_MANAGEMENT" ADD CONSTRAINT "TRAFFIC_MANAGEMENT_UK1" UNIQUE ("TRAFFIC_NAME")
  USING INDEX PCTFREE 10 INITRANS 2 MAXTRANS 255 COMPUTE STATISTICS 
  STORAGE(INITIAL 65536 NEXT 1048576 MINEXTENTS 1 MAXEXTENTS 2147483645
  PCTINCREASE 0 FREELISTS 1 FREELIST GROUPS 1
  BUFFER_POOL DEFAULT FLASH_CACHE DEFAULT CELL_FLASH_CACHE DEFAULT)
  TABLESPACE "USERS"  ENABLE;
--------------------------------------------------------
--  Constraints for Table OCCUPATION
--------------------------------------------------------

  ALTER TABLE "MOH_WORKFLOW_SCHEMA"."OCCUPATION" MODIFY ("OCCUPATION_ID" NOT NULL ENABLE);
  ALTER TABLE "MOH_WORKFLOW_SCHEMA"."OCCUPATION" MODIFY ("OCCUPATION_NAME" NOT NULL ENABLE);
  ALTER TABLE "MOH_WORKFLOW_SCHEMA"."OCCUPATION" ADD CONSTRAINT "OCCUPATION_PK" PRIMARY KEY ("OCCUPATION_ID")
  USING INDEX PCTFREE 10 INITRANS 2 MAXTRANS 255 COMPUTE STATISTICS 
  STORAGE(INITIAL 65536 NEXT 1048576 MINEXTENTS 1 MAXEXTENTS 2147483645
  PCTINCREASE 0 FREELISTS 1 FREELIST GROUPS 1
  BUFFER_POOL DEFAULT FLASH_CACHE DEFAULT CELL_FLASH_CACHE DEFAULT)
  TABLESPACE "USERS"  ENABLE;
  ALTER TABLE "MOH_WORKFLOW_SCHEMA"."OCCUPATION" ADD CONSTRAINT "OCCUPATION_UK1" UNIQUE ("OCCUPATION_NAME")
  USING INDEX PCTFREE 10 INITRANS 2 MAXTRANS 255 COMPUTE STATISTICS 
  STORAGE(INITIAL 65536 NEXT 1048576 MINEXTENTS 1 MAXEXTENTS 2147483645
  PCTINCREASE 0 FREELISTS 1 FREELIST GROUPS 1
  BUFFER_POOL DEFAULT FLASH_CACHE DEFAULT CELL_FLASH_CACHE DEFAULT)
  TABLESPACE "USERS"  ENABLE;
--------------------------------------------------------
--  Constraints for Table DISABILITY
--------------------------------------------------------

  ALTER TABLE "MOH_WORKFLOW_SCHEMA"."DISABILITY" MODIFY ("DISABILITY_ID" NOT NULL ENABLE);
  ALTER TABLE "MOH_WORKFLOW_SCHEMA"."DISABILITY" MODIFY ("DISABILITY_NAME" NOT NULL ENABLE);
  ALTER TABLE "MOH_WORKFLOW_SCHEMA"."DISABILITY" MODIFY ("EQUIPMENT_ID" NOT NULL ENABLE);
  ALTER TABLE "MOH_WORKFLOW_SCHEMA"."DISABILITY" MODIFY ("ACCEPTED" NOT NULL ENABLE);
  ALTER TABLE "MOH_WORKFLOW_SCHEMA"."DISABILITY" ADD CONSTRAINT "DISABILITY_PK" PRIMARY KEY ("DISABILITY_ID")
  USING INDEX PCTFREE 10 INITRANS 2 MAXTRANS 255 COMPUTE STATISTICS 
  STORAGE(INITIAL 65536 NEXT 1048576 MINEXTENTS 1 MAXEXTENTS 2147483645
  PCTINCREASE 0 FREELISTS 1 FREELIST GROUPS 1
  BUFFER_POOL DEFAULT FLASH_CACHE DEFAULT CELL_FLASH_CACHE DEFAULT)
  TABLESPACE "USERS"  ENABLE;
  ALTER TABLE "MOH_WORKFLOW_SCHEMA"."DISABILITY" ADD CONSTRAINT "DISABILITY_UK1" UNIQUE ("DISABILITY_NAME")
  USING INDEX PCTFREE 10 INITRANS 2 MAXTRANS 255 COMPUTE STATISTICS 
  STORAGE(INITIAL 65536 NEXT 1048576 MINEXTENTS 1 MAXEXTENTS 2147483645
  PCTINCREASE 0 FREELISTS 1 FREELIST GROUPS 1
  BUFFER_POOL DEFAULT FLASH_CACHE DEFAULT CELL_FLASH_CACHE DEFAULT)
  TABLESPACE "USERS"  ENABLE;
--------------------------------------------------------
--  Constraints for Table COMMITTEE_MEMBER
--------------------------------------------------------

  ALTER TABLE "MOH_WORKFLOW_SCHEMA"."COMMITTEE_MEMBER" MODIFY ("COMMITTEE_MEMBER_ID" NOT NULL ENABLE);
  ALTER TABLE "MOH_WORKFLOW_SCHEMA"."COMMITTEE_MEMBER" MODIFY ("MEMBER_NAME" NOT NULL ENABLE);
  ALTER TABLE "MOH_WORKFLOW_SCHEMA"."COMMITTEE_MEMBER" MODIFY ("MEMBER_TITLE" NOT NULL ENABLE);
  ALTER TABLE "MOH_WORKFLOW_SCHEMA"."COMMITTEE_MEMBER" MODIFY ("ZONE_ID" NOT NULL ENABLE);
  ALTER TABLE "MOH_WORKFLOW_SCHEMA"."COMMITTEE_MEMBER" ADD CONSTRAINT "COMMITTEE_MEMBER_PK" PRIMARY KEY ("COMMITTEE_MEMBER_ID")
  USING INDEX PCTFREE 10 INITRANS 2 MAXTRANS 255 COMPUTE STATISTICS 
  STORAGE(INITIAL 65536 NEXT 1048576 MINEXTENTS 1 MAXEXTENTS 2147483645
  PCTINCREASE 0 FREELISTS 1 FREELIST GROUPS 1
  BUFFER_POOL DEFAULT FLASH_CACHE DEFAULT CELL_FLASH_CACHE DEFAULT)
  TABLESPACE "USERS"  ENABLE;
--------------------------------------------------------
--  Constraints for Table SYSTEM_ROLE
--------------------------------------------------------

  ALTER TABLE "MOH_WORKFLOW_SCHEMA"."SYSTEM_ROLE" MODIFY ("ROLE_ID" NOT NULL ENABLE);
  ALTER TABLE "MOH_WORKFLOW_SCHEMA"."SYSTEM_ROLE" MODIFY ("ROLE_NAME" NOT NULL ENABLE);
  ALTER TABLE "MOH_WORKFLOW_SCHEMA"."SYSTEM_ROLE" ADD CONSTRAINT "SYSTEM_ROLE_PK" PRIMARY KEY ("ROLE_ID")
  USING INDEX PCTFREE 10 INITRANS 2 MAXTRANS 255 COMPUTE STATISTICS 
  STORAGE(INITIAL 65536 NEXT 1048576 MINEXTENTS 1 MAXEXTENTS 2147483645
  PCTINCREASE 0 FREELISTS 1 FREELIST GROUPS 1
  BUFFER_POOL DEFAULT FLASH_CACHE DEFAULT CELL_FLASH_CACHE DEFAULT)
  TABLESPACE "USERS"  ENABLE;
  ALTER TABLE "MOH_WORKFLOW_SCHEMA"."SYSTEM_ROLE" ADD CONSTRAINT "SYSTEM_ROLE_UK1" UNIQUE ("ROLE_NAME")
  USING INDEX PCTFREE 10 INITRANS 2 MAXTRANS 255 COMPUTE STATISTICS 
  STORAGE(INITIAL 65536 NEXT 1048576 MINEXTENTS 1 MAXEXTENTS 2147483645
  PCTINCREASE 0 FREELISTS 1 FREELIST GROUPS 1
  BUFFER_POOL DEFAULT FLASH_CACHE DEFAULT CELL_FLASH_CACHE DEFAULT)
  TABLESPACE "USERS"  ENABLE;
--------------------------------------------------------
--  Constraints for Table REQUEST_DOCUMENT
--------------------------------------------------------

  ALTER TABLE "MOH_WORKFLOW_SCHEMA"."REQUEST_DOCUMENT" MODIFY ("REQUEST_DOCUMENT_ID" NOT NULL ENABLE);
  ALTER TABLE "MOH_WORKFLOW_SCHEMA"."REQUEST_DOCUMENT" MODIFY ("NAME" NOT NULL ENABLE);
  ALTER TABLE "MOH_WORKFLOW_SCHEMA"."REQUEST_DOCUMENT" MODIFY ("PATH" NOT NULL ENABLE);
  ALTER TABLE "MOH_WORKFLOW_SCHEMA"."REQUEST_DOCUMENT" ADD CONSTRAINT "REQUEST_DOCUMENT_PK" PRIMARY KEY ("REQUEST_DOCUMENT_ID")
  USING INDEX PCTFREE 10 INITRANS 2 MAXTRANS 255 COMPUTE STATISTICS 
  TABLESPACE "USERS"  ENABLE;
  ALTER TABLE "MOH_WORKFLOW_SCHEMA"."REQUEST_DOCUMENT" ADD CONSTRAINT "REQUEST_DOCUMENT_UK1" UNIQUE ("DOCUMENT_TYPE_ID", "REQUEST_ID")
  USING INDEX PCTFREE 10 INITRANS 2 MAXTRANS 255 COMPUTE STATISTICS 
  TABLESPACE "USERS"  ENABLE;
--------------------------------------------------------
--  Constraints for Table SYSTEM_USER
--------------------------------------------------------

  ALTER TABLE "MOH_WORKFLOW_SCHEMA"."SYSTEM_USER" MODIFY ("USER_ID" NOT NULL ENABLE);
  ALTER TABLE "MOH_WORKFLOW_SCHEMA"."SYSTEM_USER" MODIFY ("USERNAME" NOT NULL ENABLE);
  ALTER TABLE "MOH_WORKFLOW_SCHEMA"."SYSTEM_USER" MODIFY ("PASSWORD" NOT NULL ENABLE);
  ALTER TABLE "MOH_WORKFLOW_SCHEMA"."SYSTEM_USER" MODIFY ("ZONE_ID" NOT NULL ENABLE);
  ALTER TABLE "MOH_WORKFLOW_SCHEMA"."SYSTEM_USER" ADD CONSTRAINT "SYSTEM_USER_PK" PRIMARY KEY ("USER_ID")
  USING INDEX PCTFREE 10 INITRANS 2 MAXTRANS 255 COMPUTE STATISTICS 
  STORAGE(INITIAL 65536 NEXT 1048576 MINEXTENTS 1 MAXEXTENTS 2147483645
  PCTINCREASE 0 FREELISTS 1 FREELIST GROUPS 1
  BUFFER_POOL DEFAULT FLASH_CACHE DEFAULT CELL_FLASH_CACHE DEFAULT)
  TABLESPACE "USERS"  ENABLE;
--------------------------------------------------------
--  Constraints for Table SYSTEM_AUDIT
--------------------------------------------------------

  ALTER TABLE "MOH_WORKFLOW_SCHEMA"."SYSTEM_AUDIT" MODIFY ("AUDIT_ID" NOT NULL ENABLE);
  ALTER TABLE "MOH_WORKFLOW_SCHEMA"."SYSTEM_AUDIT" MODIFY ("ACTION" NOT NULL ENABLE);
  ALTER TABLE "MOH_WORKFLOW_SCHEMA"."SYSTEM_AUDIT" MODIFY ("PERFORMED_BY" NOT NULL ENABLE);
  ALTER TABLE "MOH_WORKFLOW_SCHEMA"."SYSTEM_AUDIT" ADD CONSTRAINT "SYSTEM_AUDIT_PK" PRIMARY KEY ("AUDIT_ID")
  USING INDEX PCTFREE 10 INITRANS 2 MAXTRANS 255 COMPUTE STATISTICS 
  TABLESPACE "USERS"  ENABLE;
--------------------------------------------------------
--  Constraints for Table EQUIPMENT
--------------------------------------------------------

  ALTER TABLE "MOH_WORKFLOW_SCHEMA"."EQUIPMENT" MODIFY ("EQUIPMENT_ID" NOT NULL ENABLE);
  ALTER TABLE "MOH_WORKFLOW_SCHEMA"."EQUIPMENT" MODIFY ("EQUIPMENT_NAME" NOT NULL ENABLE);
  ALTER TABLE "MOH_WORKFLOW_SCHEMA"."EQUIPMENT" ADD CONSTRAINT "EQUIPMENT_PK" PRIMARY KEY ("EQUIPMENT_ID")
  USING INDEX PCTFREE 10 INITRANS 2 MAXTRANS 255 COMPUTE STATISTICS 
  STORAGE(INITIAL 65536 NEXT 1048576 MINEXTENTS 1 MAXEXTENTS 2147483645
  PCTINCREASE 0 FREELISTS 1 FREELIST GROUPS 1
  BUFFER_POOL DEFAULT FLASH_CACHE DEFAULT CELL_FLASH_CACHE DEFAULT)
  TABLESPACE "USERS"  ENABLE;
  ALTER TABLE "MOH_WORKFLOW_SCHEMA"."EQUIPMENT" ADD CONSTRAINT "EQUIPMENT_UK1" UNIQUE ("EQUIPMENT_NAME")
  USING INDEX PCTFREE 10 INITRANS 2 MAXTRANS 255 COMPUTE STATISTICS 
  STORAGE(INITIAL 65536 NEXT 1048576 MINEXTENTS 1 MAXEXTENTS 2147483645
  PCTINCREASE 0 FREELISTS 1 FREELIST GROUPS 1
  BUFFER_POOL DEFAULT FLASH_CACHE DEFAULT CELL_FLASH_CACHE DEFAULT)
  TABLESPACE "USERS"  ENABLE;
--------------------------------------------------------
--  Constraints for Table REQUEST_STATUS
--------------------------------------------------------

  ALTER TABLE "MOH_WORKFLOW_SCHEMA"."REQUEST_STATUS" MODIFY ("REQUEST_STATUS_ID" NOT NULL ENABLE);
  ALTER TABLE "MOH_WORKFLOW_SCHEMA"."REQUEST_STATUS" MODIFY ("REQUEST_STATUS_NAME" NOT NULL ENABLE);
  ALTER TABLE "MOH_WORKFLOW_SCHEMA"."REQUEST_STATUS" ADD CONSTRAINT "REQUEST_STATUS_PK" PRIMARY KEY ("REQUEST_STATUS_ID")
  USING INDEX PCTFREE 10 INITRANS 2 MAXTRANS 255 COMPUTE STATISTICS 
  STORAGE(INITIAL 65536 NEXT 1048576 MINEXTENTS 1 MAXEXTENTS 2147483645
  PCTINCREASE 0 FREELISTS 1 FREELIST GROUPS 1
  BUFFER_POOL DEFAULT FLASH_CACHE DEFAULT CELL_FLASH_CACHE DEFAULT)
  TABLESPACE "USERS"  ENABLE;
  ALTER TABLE "MOH_WORKFLOW_SCHEMA"."REQUEST_STATUS" ADD CONSTRAINT "REQUEST_STATUS_UK1" UNIQUE ("REQUEST_STATUS_NAME")
  USING INDEX PCTFREE 10 INITRANS 2 MAXTRANS 255 COMPUTE STATISTICS 
  STORAGE(INITIAL 65536 NEXT 1048576 MINEXTENTS 1 MAXEXTENTS 2147483645
  PCTINCREASE 0 FREELISTS 1 FREELIST GROUPS 1
  BUFFER_POOL DEFAULT FLASH_CACHE DEFAULT CELL_FLASH_CACHE DEFAULT)
  TABLESPACE "USERS"  ENABLE;
--------------------------------------------------------
--  Constraints for Table EYE_MEASURE
--------------------------------------------------------

  ALTER TABLE "MOH_WORKFLOW_SCHEMA"."EYE_MEASURE" MODIFY ("MEASURE_ID" NOT NULL ENABLE);
  ALTER TABLE "MOH_WORKFLOW_SCHEMA"."EYE_MEASURE" MODIFY ("MEASURE_TITLE" NOT NULL ENABLE);
  ALTER TABLE "MOH_WORKFLOW_SCHEMA"."EYE_MEASURE" ADD CONSTRAINT "EYE_MEASURE_PK" PRIMARY KEY ("MEASURE_ID")
  USING INDEX PCTFREE 10 INITRANS 2 MAXTRANS 255 COMPUTE STATISTICS 
  STORAGE(INITIAL 65536 NEXT 1048576 MINEXTENTS 1 MAXEXTENTS 2147483645
  PCTINCREASE 0 FREELISTS 1 FREELIST GROUPS 1
  BUFFER_POOL DEFAULT FLASH_CACHE DEFAULT CELL_FLASH_CACHE DEFAULT)
  TABLESPACE "USERS"  ENABLE;
  ALTER TABLE "MOH_WORKFLOW_SCHEMA"."EYE_MEASURE" ADD CONSTRAINT "EYE_MEASURE_UK1" UNIQUE ("MEASURE_TITLE")
  USING INDEX PCTFREE 10 INITRANS 2 MAXTRANS 255 COMPUTE STATISTICS 
  STORAGE(INITIAL 65536 NEXT 1048576 MINEXTENTS 1 MAXEXTENTS 2147483645
  PCTINCREASE 0 FREELISTS 1 FREELIST GROUPS 1
  BUFFER_POOL DEFAULT FLASH_CACHE DEFAULT CELL_FLASH_CACHE DEFAULT)
  TABLESPACE "USERS"  ENABLE;
--------------------------------------------------------
--  Constraints for Table REQUEST
--------------------------------------------------------

  ALTER TABLE "MOH_WORKFLOW_SCHEMA"."REQUEST" MODIFY ("REQUEST_ID" NOT NULL ENABLE);
  ALTER TABLE "MOH_WORKFLOW_SCHEMA"."REQUEST" MODIFY ("CITIZEN_ID" NOT NULL ENABLE);
  ALTER TABLE "MOH_WORKFLOW_SCHEMA"."REQUEST" MODIFY ("REQUEST_TYPE_ID" NOT NULL ENABLE);
  ALTER TABLE "MOH_WORKFLOW_SCHEMA"."REQUEST" ADD CONSTRAINT "REQUEST_PK" PRIMARY KEY ("REQUEST_ID")
  USING INDEX PCTFREE 10 INITRANS 2 MAXTRANS 255 COMPUTE STATISTICS 
  TABLESPACE "USERS"  ENABLE;
--------------------------------------------------------
--  Constraints for Table EYE_REVEAL
--------------------------------------------------------

  ALTER TABLE "MOH_WORKFLOW_SCHEMA"."EYE_REVEAL" MODIFY ("REQUEST_ID" NOT NULL ENABLE);
  ALTER TABLE "MOH_WORKFLOW_SCHEMA"."EYE_REVEAL" MODIFY ("EYE_REVEAL_ID" NOT NULL ENABLE);
  ALTER TABLE "MOH_WORKFLOW_SCHEMA"."EYE_REVEAL" MODIFY ("RESULT" NOT NULL ENABLE);
  ALTER TABLE "MOH_WORKFLOW_SCHEMA"."EYE_REVEAL" ADD CONSTRAINT "EYE_REVEAL_PK" PRIMARY KEY ("EYE_REVEAL_ID")
  USING INDEX PCTFREE 10 INITRANS 2 MAXTRANS 255 COMPUTE STATISTICS 
  TABLESPACE "USERS"  ENABLE;
--------------------------------------------------------
--  Constraints for Table COMMITTEE
--------------------------------------------------------

  ALTER TABLE "MOH_WORKFLOW_SCHEMA"."COMMITTEE" MODIFY ("COMMITTEE_ID" NOT NULL ENABLE);
  ALTER TABLE "MOH_WORKFLOW_SCHEMA"."COMMITTEE" MODIFY ("COMMITTEE_DATE" NOT NULL ENABLE);
  ALTER TABLE "MOH_WORKFLOW_SCHEMA"."COMMITTEE" MODIFY ("COMMITTEE_FUNCTION" NOT NULL ENABLE);
  ALTER TABLE "MOH_WORKFLOW_SCHEMA"."COMMITTEE" MODIFY ("COMMITTEE_TYPE" NOT NULL ENABLE);
  ALTER TABLE "MOH_WORKFLOW_SCHEMA"."COMMITTEE" ADD CONSTRAINT "COMMITTEE_PK" PRIMARY KEY ("COMMITTEE_ID")
  USING INDEX PCTFREE 10 INITRANS 2 MAXTRANS 255 COMPUTE STATISTICS 
  STORAGE(INITIAL 65536 NEXT 1048576 MINEXTENTS 1 MAXEXTENTS 2147483645
  PCTINCREASE 0 FREELISTS 1 FREELIST GROUPS 1
  BUFFER_POOL DEFAULT FLASH_CACHE DEFAULT CELL_FLASH_CACHE DEFAULT)
  TABLESPACE "USERS"  ENABLE;
  ALTER TABLE "MOH_WORKFLOW_SCHEMA"."COMMITTEE" MODIFY ("ZONE_ID" NOT NULL ENABLE);
--------------------------------------------------------
--  Constraints for Table USER_ROLES
--------------------------------------------------------

  ALTER TABLE "MOH_WORKFLOW_SCHEMA"."USER_ROLES" MODIFY ("USER_ID" NOT NULL ENABLE);
  ALTER TABLE "MOH_WORKFLOW_SCHEMA"."USER_ROLES" MODIFY ("ROLE_ID" NOT NULL ENABLE);
--------------------------------------------------------
--  Ref Constraints for Table CITIZEN
--------------------------------------------------------

  ALTER TABLE "MOH_WORKFLOW_SCHEMA"."CITIZEN" ADD CONSTRAINT "CITIZEN_FK1" FOREIGN KEY ("GOVERNATE_ID")
	  REFERENCES "MOH_WORKFLOW_SCHEMA"."GOVERNATE" ("GOVERNATE_ID") ENABLE;
  ALTER TABLE "MOH_WORKFLOW_SCHEMA"."CITIZEN" ADD CONSTRAINT "CITIZEN_FK2" FOREIGN KEY ("OCCUPATION_ID")
	  REFERENCES "MOH_WORKFLOW_SCHEMA"."OCCUPATION" ("OCCUPATION_ID") ENABLE;
  ALTER TABLE "MOH_WORKFLOW_SCHEMA"."CITIZEN" ADD CONSTRAINT "CITIZEN_FK3" FOREIGN KEY ("CITY_ID")
	  REFERENCES "MOH_WORKFLOW_SCHEMA"."CITY" ("CITY_ID") ENABLE;
--------------------------------------------------------
--  Ref Constraints for Table CITY
--------------------------------------------------------

  ALTER TABLE "MOH_WORKFLOW_SCHEMA"."CITY" ADD CONSTRAINT "CITY_FK1" FOREIGN KEY ("GOVERNATE_ID")
	  REFERENCES "MOH_WORKFLOW_SCHEMA"."GOVERNATE" ("GOVERNATE_ID") ENABLE;
--------------------------------------------------------
--  Ref Constraints for Table COMMITTEE
--------------------------------------------------------

  ALTER TABLE "MOH_WORKFLOW_SCHEMA"."COMMITTEE" ADD CONSTRAINT "COMMITTEE_FK1" FOREIGN KEY ("MEMBER_ONE_ID")
	  REFERENCES "MOH_WORKFLOW_SCHEMA"."COMMITTEE_MEMBER" ("COMMITTEE_MEMBER_ID") ENABLE;
  ALTER TABLE "MOH_WORKFLOW_SCHEMA"."COMMITTEE" ADD CONSTRAINT "COMMITTEE_FK2" FOREIGN KEY ("MEMBER_TWO_ID")
	  REFERENCES "MOH_WORKFLOW_SCHEMA"."COMMITTEE_MEMBER" ("COMMITTEE_MEMBER_ID") ENABLE;
  ALTER TABLE "MOH_WORKFLOW_SCHEMA"."COMMITTEE" ADD CONSTRAINT "COMMITTEE_FK3" FOREIGN KEY ("MEMBER_THREE_ID")
	  REFERENCES "MOH_WORKFLOW_SCHEMA"."COMMITTEE_MEMBER" ("COMMITTEE_MEMBER_ID") ENABLE;
  ALTER TABLE "MOH_WORKFLOW_SCHEMA"."COMMITTEE" ADD CONSTRAINT "COMMITTEE_FK4" FOREIGN KEY ("MEMBER_FOUR_ID")
	  REFERENCES "MOH_WORKFLOW_SCHEMA"."COMMITTEE_MEMBER" ("COMMITTEE_MEMBER_ID") ENABLE;
  ALTER TABLE "MOH_WORKFLOW_SCHEMA"."COMMITTEE" ADD CONSTRAINT "COMMITTEE_FK5" FOREIGN KEY ("MEMBER_FIVE_ID")
	  REFERENCES "MOH_WORKFLOW_SCHEMA"."COMMITTEE_MEMBER" ("COMMITTEE_MEMBER_ID") ENABLE;
  ALTER TABLE "MOH_WORKFLOW_SCHEMA"."COMMITTEE" ADD CONSTRAINT "COMMITTEE_FK6" FOREIGN KEY ("MEMBER_SIX_ID")
	  REFERENCES "MOH_WORKFLOW_SCHEMA"."COMMITTEE_MEMBER" ("COMMITTEE_MEMBER_ID") ENABLE;
  ALTER TABLE "MOH_WORKFLOW_SCHEMA"."COMMITTEE" ADD CONSTRAINT "COMMITTEE_FK7" FOREIGN KEY ("ZONE_ID")
	  REFERENCES "MOH_WORKFLOW_SCHEMA"."ZONE" ("ZONE_ID") ENABLE;
--------------------------------------------------------
--  Ref Constraints for Table COMMITTEE_MEMBER
--------------------------------------------------------

  ALTER TABLE "MOH_WORKFLOW_SCHEMA"."COMMITTEE_MEMBER" ADD CONSTRAINT "COMMITTEE_MEMBER_FK1" FOREIGN KEY ("ZONE_ID")
	  REFERENCES "MOH_WORKFLOW_SCHEMA"."ZONE" ("ZONE_ID") ENABLE;
--------------------------------------------------------
--  Ref Constraints for Table DISABILITY
--------------------------------------------------------

  ALTER TABLE "MOH_WORKFLOW_SCHEMA"."DISABILITY" ADD CONSTRAINT "DISABILITY_FK1" FOREIGN KEY ("EQUIPMENT_ID")
	  REFERENCES "MOH_WORKFLOW_SCHEMA"."EQUIPMENT" ("EQUIPMENT_ID") ENABLE;
--------------------------------------------------------
--  Ref Constraints for Table EYE_REVEAL
--------------------------------------------------------

  ALTER TABLE "MOH_WORKFLOW_SCHEMA"."EYE_REVEAL" ADD CONSTRAINT "EYE_REVEAL_FK1" FOREIGN KEY ("LEFT_MEASURE_ID")
	  REFERENCES "MOH_WORKFLOW_SCHEMA"."EYE_MEASURE" ("MEASURE_ID") ENABLE;
  ALTER TABLE "MOH_WORKFLOW_SCHEMA"."EYE_REVEAL" ADD CONSTRAINT "EYE_REVEAL_FK2" FOREIGN KEY ("RIGHT_MEASURE_ID")
	  REFERENCES "MOH_WORKFLOW_SCHEMA"."EYE_MEASURE" ("MEASURE_ID") ENABLE;
  ALTER TABLE "MOH_WORKFLOW_SCHEMA"."EYE_REVEAL" ADD CONSTRAINT "EYE_REVEAL_FK3" FOREIGN KEY ("REQUEST_ID")
	  REFERENCES "MOH_WORKFLOW_SCHEMA"."REQUEST" ("REQUEST_ID") ON DELETE CASCADE ENABLE;
--------------------------------------------------------
--  Ref Constraints for Table EYE_REVEAL_SETTING
--------------------------------------------------------

  ALTER TABLE "MOH_WORKFLOW_SCHEMA"."EYE_REVEAL_SETTING" ADD CONSTRAINT "EYE_REVEAL_SETTING_FK1" FOREIGN KEY ("LEFT_MEASURE_ID")
	  REFERENCES "MOH_WORKFLOW_SCHEMA"."EYE_MEASURE" ("MEASURE_ID") ENABLE;
  ALTER TABLE "MOH_WORKFLOW_SCHEMA"."EYE_REVEAL_SETTING" ADD CONSTRAINT "EYE_REVEAL_SETTING_FK2" FOREIGN KEY ("RIGHT_MEASURE_ID")
	  REFERENCES "MOH_WORKFLOW_SCHEMA"."EYE_MEASURE" ("MEASURE_ID") ENABLE;
--------------------------------------------------------
--  Ref Constraints for Table GOVERNATE
--------------------------------------------------------

  ALTER TABLE "MOH_WORKFLOW_SCHEMA"."GOVERNATE" ADD CONSTRAINT "GOVERNATE_FK1" FOREIGN KEY ("ZONE_ID")
	  REFERENCES "MOH_WORKFLOW_SCHEMA"."ZONE" ("ZONE_ID") ENABLE;
--------------------------------------------------------
--  Ref Constraints for Table REQUEST
--------------------------------------------------------

  ALTER TABLE "MOH_WORKFLOW_SCHEMA"."REQUEST" ADD CONSTRAINT "REQUEST_FK1" FOREIGN KEY ("CITIZEN_ID")
	  REFERENCES "MOH_WORKFLOW_SCHEMA"."CITIZEN" ("CITIZEN_ID") ON DELETE CASCADE ENABLE;
  ALTER TABLE "MOH_WORKFLOW_SCHEMA"."REQUEST" ADD CONSTRAINT "REQUEST_FK2" FOREIGN KEY ("TRAFFIC_MANAGEMENT_ID")
	  REFERENCES "MOH_WORKFLOW_SCHEMA"."TRAFFIC_MANAGEMENT" ("TRAFFIC_ID") ENABLE;
  ALTER TABLE "MOH_WORKFLOW_SCHEMA"."REQUEST" ADD CONSTRAINT "REQUEST_FK3" FOREIGN KEY ("REQUEST_TYPE_ID")
	  REFERENCES "MOH_WORKFLOW_SCHEMA"."REQUEST_TYPE" ("REQUEST_TYPE_ID") ENABLE;
  ALTER TABLE "MOH_WORKFLOW_SCHEMA"."REQUEST" ADD CONSTRAINT "REQUEST_FK4" FOREIGN KEY ("REQUEST_STATUS_ID")
	  REFERENCES "MOH_WORKFLOW_SCHEMA"."REQUEST_STATUS" ("REQUEST_STATUS_ID") ENABLE;
  ALTER TABLE "MOH_WORKFLOW_SCHEMA"."REQUEST" ADD CONSTRAINT "REQUEST_FK5" FOREIGN KEY ("EYE_COMMITTEE_ID")
	  REFERENCES "MOH_WORKFLOW_SCHEMA"."COMMITTEE" ("COMMITTEE_ID") ENABLE;
  ALTER TABLE "MOH_WORKFLOW_SCHEMA"."REQUEST" ADD CONSTRAINT "REQUEST_FK6" FOREIGN KEY ("CUSTOM_ID")
	  REFERENCES "MOH_WORKFLOW_SCHEMA"."CUSTOM" ("CUSTOM_ID") ENABLE;
--------------------------------------------------------
--  Ref Constraints for Table REQUEST_DOCUMENT
--------------------------------------------------------

  ALTER TABLE "MOH_WORKFLOW_SCHEMA"."REQUEST_DOCUMENT" ADD CONSTRAINT "REQUEST_DOCUMENT_FK1" FOREIGN KEY ("REQUEST_ID")
	  REFERENCES "MOH_WORKFLOW_SCHEMA"."REQUEST" ("REQUEST_ID") ON DELETE CASCADE ENABLE;
  ALTER TABLE "MOH_WORKFLOW_SCHEMA"."REQUEST_DOCUMENT" ADD CONSTRAINT "REQUEST_DOCUMENT_FK2" FOREIGN KEY ("DOCUMENT_TYPE_ID")
	  REFERENCES "MOH_WORKFLOW_SCHEMA"."DOCUMENT_TYPE" ("DOCUMENT_TYPE_ID") ENABLE;
--------------------------------------------------------
--  Ref Constraints for Table REQUEST_PAYMENT
--------------------------------------------------------

  ALTER TABLE "MOH_WORKFLOW_SCHEMA"."REQUEST_PAYMENT" ADD CONSTRAINT "REQUEST_PAYMENT_FK1" FOREIGN KEY ("REQUEST_ID")
	  REFERENCES "MOH_WORKFLOW_SCHEMA"."REQUEST" ("REQUEST_ID") ON DELETE CASCADE ENABLE;
--------------------------------------------------------
--  Ref Constraints for Table SYSTEM_USER
--------------------------------------------------------

  ALTER TABLE "MOH_WORKFLOW_SCHEMA"."SYSTEM_USER" ADD CONSTRAINT "SYSTEM_USER_FK1" FOREIGN KEY ("ZONE_ID")
	  REFERENCES "MOH_WORKFLOW_SCHEMA"."ZONE" ("ZONE_ID") ENABLE;
--------------------------------------------------------
--  Ref Constraints for Table USER_ROLES
--------------------------------------------------------

  ALTER TABLE "MOH_WORKFLOW_SCHEMA"."USER_ROLES" ADD CONSTRAINT "USER_ROLES_FK1" FOREIGN KEY ("USER_ID")
	  REFERENCES "MOH_WORKFLOW_SCHEMA"."SYSTEM_USER" ("USER_ID") ENABLE;
  ALTER TABLE "MOH_WORKFLOW_SCHEMA"."USER_ROLES" ADD CONSTRAINT "USER_ROLES_FK2" FOREIGN KEY ("ROLE_ID")
	  REFERENCES "MOH_WORKFLOW_SCHEMA"."SYSTEM_ROLE" ("ROLE_ID") ENABLE;
